&#65279;"Key","Item Type","Publication Year","Author","Title","Publication Title","ISBN","ISSN","DOI","Url","Abstract Note","Date","Date Added","Date Modified","Access Date","Pages","Num Pages","Issue","Volume","Number Of Volumes","Journal Abbreviation","Short Title","Series","Series Number","Series Text","Series Title","Publisher","Place","Language","Rights","Type","Archive","Archive Location","Library Catalog","Call Number","Extra","Notes","File Attachments","Link Attachments","Manual Tags","Automatic Tags","Editor","Series Editor","Translator","Contributor","Attorney Agent","Book Author","Cast Member","Commenter","Composer","Cosponsor","Counsel","Interviewer","Producer","Recipient","Reviewed Author","Scriptwriter","Words By","Guest","Number","Edition","Running Time","Scale","Medium","Artwork Size","Filing Date","Application Number","Assignee","Issuing Authority","Country","Meeting Name","Conference Name","Court","References","Reporter","Legal Status","Priority Numbers","Programming Language","Version","System","Code","Code Number","Section","Session","Committee","History","Legislative Body"
"EGE83F5F","journalArticle","2023","Nepal, N.; Condori-Apfata, J.A.; Gaire, R.; Anco, M.E.M.; Scofield, S.; Zhang, C.; Mohammadi, M.","Phenotypic and genotypic resources for the USDA quinoa (Chenopodium quinoa) genebank accessions","Crop Science","","0011183X (ISSN)","10.1002/csc2.21037","https://www.scopus.com/pages/publications/85163276699?origin=resultslist","Quinoa (Chenopodium quinoa) is a nutritious grain, with balanced composition of amino acids, and a facultative halophyte. Under greenhouse conditions, we assessed 148 quinoa accessions from the USDA genebank for grain weight, phenological, and morphological characteristics. For all traits, the analysis of variance revealed a significant difference among accessions. The accessions matured as late as 146 days after planting and produced grain weight up to 19.6 g/plant. Days to maturity showed negative correlation with grain weight per plant, whereas the number of branches was positively correlated with grain weight per plant. By adopting the NsiI/BfaI combination to enhance the genotyping-by-sequencing technique, we were able to generate 59,248 filtered single nucleotide polymorphism markers by mapping to the reference genome. Molecular markers showed an average heterozygosity of 11.76% across the accessions with a range of 4.9%–21.9%. The first two principal component analyses (PCAs) explained nearly 50% of molecular markers. The genetic diversity analysis using PCA revealed the presence of four main groups. Groups A and B consisted of mainly Bolivian and Peruvian accessions with relatively slower maturity and taller plant stature. In contrast, groups C and D were mainly accessions registered from USA and Chile with relatively faster maturity and shorter plant stature. Groups C and D together have shown far more private single nucleotide polymorphisms than accessions in A and B groups, indicating the higher levels of diversity within these groups and more levels of similarities among individuals of A and B groups. Marker-trait association revealed significant markers for grain weight per plant and days to flowering. We only analyzed linkage disequilibrium on the scaffolds that harbor these marker-trait associations. LD expressed in r2 persisted as high as 0.2 in ranges greater than 600 kb for scaffold 1992 but dropped more quickly for scaffold 1843. These phenotypic and genotypic resources will serve as a reference for the cataloging and conservation of germplasm and, for the selection of a core collection for the improvement of quinoa to address food security. © 2023 Purdue University. Crop Science published by Wiley Periodicals LLC on behalf of Crop Science Society of America.","2023","2026-07-10 21:13:03","2026-07-10 21:13:03","","2685-2698","","5","63","","Crop Sci.","","","","","","John Wiley and Sons Inc","","English","","","Scopus","","","","","<p>Export Date: 10 July 2026; Cited By: 5; Correspondence Address: M. Mohammadi; Agronomy Department, Purdue University, West Lafayette, 915 West State St, 47907, United States; email: Mohamm20@Purdue.edu; CODEN: CRPSA</p>","","","","","","","","","","","","","","","","","","","","","","","","","","","","","","","","","","","","","","","","","","","","","","","","","",""
"TGYGIVNQ","journalArticle","2021","Laosatit, K.; Taytragool, S.; Pimsaythong, K.; Somta, P.; Tanadul, O.-U.-M.","Genetic diversity of quinoa (Chenopodium quinoa Willd.) germplasm as revealed by sequence-related amplified polymorphism markers","Agriculture and Natural Resources","","24681458 (ISSN)","10.34044/j.anres.2021.55.3.03","https://www.scopus.com/pages/publications/85110483163?origin=resultslist","Quinoa (Chenopodium quinoa Willd.) is an excellent example of a functional food being rich in antioxidants and well balanced regarding carbohydrates, lipids and protein, providing an ideal source of essential amino acids for human nutrition. Its nutritional characteristic has been emphasized both in developed and undeveloped regions resulting in many countries growing quinoa as a healthy food. Breeding programs for quinoa in new regions need diverse genetic variety. Therefore, the genetic diversity of 135 quinoa accessions was determined using 21 sequence-related amplified polymorphism (SRAP) markers generated from eight primer pairs. The polymorphic information content (PIC) was in the range 0.10-0.25 with an average of 0.19. Overall genetic diversity was relatively low in the range 0.17-0.40, with a mean of 0.32. Population structure, neighbor-joining tree and principal coordinate analyses revealed that the quinoa accessions were clustered into two groups. One was composed of 85 accessions mainly from the USA and Peru and some accessions from Chile and Bolivia. The other one comprised 50 accessions largely from Bolivia and Chile and some accessions from Peru. The results from this study suggested that the genetic diversity of the quinoa accessions from the USA was relatively low compared with other reports. Therefore, plant breeders need to develop new cultivars by crossing quinoa from different genetic groups or to access additional ex situ germplasm collections. Copyright © 2021. This is an open access article under the CC BY-NC-ND license (http://creativecommons.org/licenses/by-nc-nd/4.0/), production and hosting by Kasetsart University of Research and Development Institute on behalf of Kasetsart University.","2021","2026-07-10 21:13:03","2026-07-10 21:13:03","","341-348","","3","55","","Agric. Nat. Resour.","","","","","","Kasetsart University","","English","","","Scopus","","","","","<p>Export Date: 10 July 2026; Cited By: 4; Correspondence Address: O.-U.-M. Tanadul; Department of Agronomy, Faculty of Agriculture at Kamphaeng Saen, Kasetsart University, Kamphaeng Saen Campus, Nakhon Pathom, 73140, Thailand; email: agromt@ku.ac.th</p>","","","Chenopodium quinoa; Genetic structure; Pseudocereal; Sequence-related amplified polymorphism (SRAP)","","","","","","","","","","","","","","","","","","","","","","","","","","","","","","","","","","","","","","","","","","","","","","",""
"IA9TBFFZ","journalArticle","1989","Risi, J.C.; Galwey, N.W.","The pattern of genetic diversity in the Andean grain crop quinoa (Chenopodium quinoa Willd). II. Multivariate methods","Euphytica","","15735060 (ISSN)","10.1007/BF00022423","https://www.scopus.com/pages/publications/0038187716?origin=resultslist","Discrete and continuous characteristics related to plant morphology and pigmentation and to the duration of developmental phases were measured or noted in a diverse collection of quinoa germplasm. In a principal component analysis of the continuous characteristics, the first principal component was found to distinguish those accessions which germinate rapidly to produce small plants with small inflorescences, and the second component those which produced a large inflorescence relatively quickly, but there was no clear cut-off between important and unimportant variables or components. A canonical variate analysis of the continuous characteristics provided criteria for distinguishing ecotypes of quinoa, but suggested that these were artificial with the exception of a subtropical type from the Yungas region of Bolivia. A hierarchical cluster analysis of all the characteristics confirmed that the variety Amarilla de Maranganí was unusual, but otherwise did not produce clear clusters. Accessions from near sea level in Chile formed a particularly homogeneous group. The impossibility of describing the variation in terms of a few axes or clusters means that a vast range of combinations of characteristics is available to breeders. © 1989 Kluwer Academic Publishers.","1989","2026-07-10 21:13:03","2026-07-10 21:13:03","","135-145","","1-2","41","","Euphytica","","","","","","Kluwer Academic Publishers","","English","","","Scopus","","","","","<p>Export Date: 10 July 2026; Cited By: 23; CODEN: EUPHA</p>","","","Andean crops; canonical variate analysis; Chenopodium quinoa; cluster analysis; multivariate methods; principal component analysis; principal coordinate analysis; quinoa","","","","","","","","","","","","","","","","","","","","","","","","","","","","","","","","","","","","","","","","","","","","","","",""
"QPWR2676","journalArticle","2024","Tang, Y.-M.; Liu, Y.-Z.; Zhang, Y.-H.; Cao, Y.-N.; Song, P.-P.; Hou, L.-M.; Peng, L.-X.","A comparative analysis of the nutrient and phytochemical richness among different varieties of quinoa in China","Food Science and Nutrition","","20487177 (ISSN)","10.1002/fsn3.4113","https://www.scopus.com/pages/publications/85191065521?origin=resultslist","Quinoa is a nutrient-dense pseudocereal that has garnered global attention for its potential to bolster food security and nutrition. Despite its celebrated status, the detailed nutritional profiles of various quinoa varieties remain poorly understood, which poses a significant barrier to the strategic cultivation and utilization of quinoa's genetic diversity to combat malnutrition. The impetus for this research lies in the urgent need to identify superior quinoa strains that can be tailored to meet specific nutritional requirements and adapt to diverse agro-ecological zones. Our findings reveal substantial variation in nutrient content across different quinoa varieties, highlighting the variety ZLZX-8 as a particularly nutrient-rich strain with the highest levels of protein, fat, essential fatty acids, amino acids, and key minerals such as Mg, K, and Zn. Moreover, ZLZX-8's exceptional antioxidant capacity suggests it may have additional health benefits beyond its macronutrient profile. In contrast, ZLZX-7 stands out for its dietary fiber and phenolic content, which are critical for digestive health and disease prevention, respectively. Meanwhile, ZLZX-5, with its high starch content, could be better suited for energy production in dietary applications. Notably, the study also uncovers a correlation between grain color and nutrient profile, with colored quinoa varieties exhibiting superior fiber, inositol, phenolic content, and antioxidant activity compared to their white counterparts. This work lays the groundwork for an informed selection of quinoa varieties that can enhance dietary quality, support local and global food systems, and contribute to the fight against malnutrition. © 2024 The Authors. Food Science & Nutrition published by Wiley Periodicals LLC.","2024","2026-07-10 21:13:03","2026-07-10 21:13:03","","4473-4485","","6","12","","Food Sci. Nutr.","","","","","","John Wiley and Sons Inc","","English","","","Scopus","","","","","<p>Export Date: 10 July 2026; Cited By: 10; Correspondence Address: L.-X. Peng; Key Laboratory of Coarse Cereal Processing of Ministry of Agriculture and Rural Affairs, Chengdu University, Chengdu, China; email: penglianxin@cdu.edu.cn; L.-M. Hou; Affiliated Hospital of Chengdu University of Chinese Medicine, Chengdu, Sichuan, China; email: 37761617@qq.com</p>","","","bioactive compounds; germplasm diversity; nutritional composition; quality evaluation; quinoa (Chenopodium quinoa)","","","","","","","","","","","","","","","","","","","","","","","","","","","","","","","","","","","","","","","","","","","","","","",""
"3EB8GF6E","journalArticle","2025","De la Cruz, G.; Saldaña, C.L.; Menéndez, F.; Neyra, E.; Arbizu, C.I.","Microsatellite Markers Determine the Genetic Structure and Diversity of Landraces of Quinoa from Ayacucho, Peru","Agronomy","","20734395 (ISSN)","10.3390/agronomy15030611","https://www.scopus.com/pages/publications/105001172223?origin=resultslist","Quinoa (Chenopodium quinoa, Amaranthaceae) is a pseudocereal native to the Andes of South America that contains high protein content and adequate nutrient levels. Peru possesses an abundant morphological diversity of quinoas and is among the top producers and exporters worldwide of this precious crop. However, knowledge about the genetic and population components of quinoa from the Peruvian Andes is still limited. Here, we used 13 microsatellite markers to determine the genetic diversity and population structure of 105 landraces of quinoa cultivated in 11 provinces of Ayacucho, the southern Peruvian Andes. A total of 285 bands were manually scored, generating a 105 × 285 presence/absence data set. Principal coordinate analysis, similar to a dendrogram using the UPGMA clustering algorithm, showed that quinoa from Ayacucho is grouped into three clusters without a clear geographic component. Estimation of the genetic diversity indices was conducted considering the three populations (C1: south 1, C2: south 2, C3: north) determined by STRUCTURE analysis, showing mean expected heterozygosity was 0.08, which may be attributed to high rates of inbreeding and genetic drift, as Ayacucho suffered decades of sociopolitical violence, promoting the migration of farmers. The highest population divergence (FST) was exhibited for C2 and C3 (0.03), whereas the lowest was for C1 and C3 (0.02). Analysis of molecular variance revealed the greatest variation within populations (80.07%) and indicated that variability between populations is 19.93%. Microsatellite markers were effective; however, more studies of the genetic components of quinoa from other Peruvian Andean localities are still needed. We expect that this work will help pave the way towards the development of modern breeding programs of quinoa in Peru, with accurate strategies for the conservation of this nutritious crop. © 2025 by the authors.","2025","2026-07-10 21:13:03","2026-07-10 21:13:03","","","","3","15","","Agronomy","","","","","","Multidisciplinary Digital Publishing Institute (MDPI)","","English","","","Scopus","","","","","<p>Export Date: 10 July 2026; Cited By: 0; Correspondence Address: C.I. Arbizu; Facultad de Ingeniería y Ciencias Agrarias, Universidad Nacional Toribio Rodríguez de Mendoza de Amazonas (UNTRM), Amazonas, Cl. Higos Urco 342, 01001, Peru; email: carlos.arbizu@untrm.edu.pe</p>","","","Andean crop; Andes; Ayacucho; conservation status; genetic marker; genetic structure; germplasm; heterozygosity; inbreeding; molecular markers; Peru; population structure; protein; reproductive behavior; SSR; tuber","","","","","","","","","","","","","","","","","","","","","","","","","","","","","","","","","","","","","","","","","","","","","","",""
"XAYG6C6H","journalArticle","2015","Vidueiros, S.M.; Curti, R.N.; Dyner, L.M.; Binaghi, M.J.; Peterson, G.; Bertero, H.D.; Pallaro, A.N.","Diversity and interrelationships in nutritional traits in cultivated quinoa (Chenopodium quinoa Willd.) from Northwest Argentina","Journal of Cereal Science","","07335210 (ISSN)","10.1016/j.jcs.2015.01.001","https://www.scopus.com/pages/publications/84961290371?origin=resultslist","Quinoa (Chenopodium quinoa Willd.) is one of the oldest crops in the American continent. It has been recognized as an extremely nutritious grain all over the world. The importance that quinoa could play in nutrition is being emphasized not only in developing countries but also in the developed world. This is the first study reporting the nutritional characterization of Argentinean quinoa germplasm and describing diversity and interrelationships among nutritional traits, less studied in quinoa, which could provide tools for breeding strategies. Nutritional properties of quinoa accessions collected in different eco-regions from Northwest Argentina but grown on the same environment show a wide range of variation with only subtle differences according to the population's region of origin. However, Argentinean quinoa germplasm did not show clear genetic structure across regions based on nutritional traits as is the case with phenotypic and genotypic traits evaluated on a similar set of accessions. © 2015 Elsevier Ltd.","2015","2026-07-10 21:13:03","2026-07-10 21:13:03","","87-93","","","62","","J. Cereal Sci.","","","","","","Academic Press","","English","","","Scopus","","","","","<p>Export Date: 10 July 2026; Cited By: 57; CODEN: JCSCD</p>","","","Argentinean quinoa germplasm; Breeding strategies; Chenopodium quinoa; Interrelationships; Nutritional properties","","","","","","","","","","","","","","","","","","","","","","","","","","","","","","","","","","","","","","","","","","","","","","",""
"WKZ6H2RW","journalArticle","2021","García-Godos, P.; Cueva-Castillo, J.M.","Genetic variability of 29 Peruvian quinoa (Chenopodium quinoa Willd) accessions using AFLP markers and multivariate analysis","Scientia Agropecuaria","","20779917 (ISSN)","10.17268/SCI.AGROPECU.2021.007","https://www.scopus.com/pages/publications/85104334877?origin=resultslist","Aiming to determine the genetic variability of accessions of Chenopodium quinoa Willd. ""Quinoa"" from the Germplasm Bank of INIA-Ayacucho, analyze 29 accessions, which were characterized using AFLP molecular markers. The quality of the DNA extracted by the Doyle and modified Doyle method was optimal for all samples, obtaining modifications in a range of 100-400 ng / &#956;l. In the standardization of the AFLP technique, it was determined that the proteins between 100 and 200 ng / &#956;l of digested DNA were adequate to efficiently develop the AFLP technique, and it was also determined that the preamplification products that allowed the resolution amplification profiles variables were higher with a 1:4 ratio. A total of 7 primer combinations generated 220 DNA bands, being 201 polymorphic loci. Molecular data grouped the accessions into seven groups at a similarity of 0.81 ultrametric units, of which a group is made up of 23 accessions and the remaining six made up of a single accession. It was found that the mean genetic variance was 0.306 ± 0.011, with a Shannon information index of 0.463 ± 0.015, these results showed that in the 29 quinoa accessions it presents a high degree of genetic variability and there is no duplicate accession. The study determines the genetic relationship and is essential to raise the genetic improvement and conservation of quinoa. © 2021 Universidad Nacional de Trujillo. All right reserved.","2021","2026-07-10 21:13:03","2026-07-10 21:13:03","","57-64","","1","12","","Scientia Agropecu.","","","","","","Universidad Nacional de Trujillo","","English","","","Scopus","","","","","<p>Export Date: 10 July 2026; Cited By: 3; Correspondence Address: P. García-Godos; Laboratorio de Biotecnología Facultad de Ciencias Biológicas, Universidad Nacional San Cristóbal de Huamanga, Huamanga, Ayacucho, Portal Independencia N 57, Peru; email: paula.garciagodos@unsch.edu.pe</p>","","","AFLPs; Chenopodium quinoa Willd; Genetic diversity; Genetic variability.; Genetic variation; Germplasm","","","","","","","","","","","","","","","","","","","","","","","","","","","","","","","","","","","","","","","","","","","","","","",""
"K4TAJSJL","journalArticle","2004","Danielsen, S.; Munk, L.","Evaluation of disease assessment methods in quinoa for their ability to predict yield loss caused by downy mildew","Crop Protection","","02612194 (ISSN)","10.1016/j.cropro.2003.08.010","https://www.scopus.com/pages/publications/1642446066?origin=resultslist","Seven disease assessment methods to measure severity of downy mildew (Peronospora farinosa f.sp. chenopodii) were tested in eight cultivars of quinoa (Chenopodium quinoa) in two field experiments in Peru, one at low (Lima) and one at high (Huancayo) disease pressure. Two levels of downy mildew were established by means of fungicide treatments. Area under disease progress curve (AUDPC) values were calculated for each method and correlated to the grain yield. In addition to the severity measurements, spectral reflectance was measured throughout the growth season in Huancayo and area under reflectance curve (AURC) values calculated and correlated to yield. The disease level was ten-fold higher in Huancayo compared to Lima. AUDPC based on the Three-leaf method (mean disease severity of three leaves per plant selected randomly from the lower, middle and upper part of the plant), showed the highest negative correlation to yield (r=-0.736) and is regarded as the best method to predict yield loss caused by downy mildew. In addition, this method proved to be the quickest and easiest compared to the other six methods included in the study, which were based on assessments of disease severity of the entire plant or parts of the plant. Yield losses recorded in the tested cultivars ranged from 33% to 99% under the high-disease conditions. The reflectance method was superior to all other methods by showing a higher correlation between AURC and yield (r=0.853), which is explained by its ability to measure pathogen-induced defoliation. Remote sensing is an excellent tool to compare the effect of treatments on disease severity within a cultivar. However, the method does not allow for comparison of disease severity among cultivars as the spectral reflectance is determined by size, shape and colour of the plant. The Three-leaf method provides an easy, cheap and readily applicable tool for researchers and plant breeders to study downy mildew of quinoa, characterise germplasm for resistance and compare results across regions and years. © 2003 Elsevier Ltd. All rights reserved.","2004","2026-07-10 21:13:03","2026-07-10 21:13:03","","219-228","","3","23","","Crop Prot.","","","","","","Elsevier BV","","English","","","Scopus","","","","","<p>Export Date: 10 July 2026; Cited By: 59; Correspondence Address: S. Danielsen; Danish Govt. Inst. Seed Pathol. D., Frederiksberg C, 1871, Thorvaldsensvej 57, Denmark; email: soda@kvl.dk; CODEN: CRPTD</p>","","","assessment method; Chenopodium; Chenopodium quinoa; crop yield; Disease assessment; disease severity; Downy mildew; fungal disease; Peronospora; Peronospora farinosa; Peronospora farinosa f. sp. chenopodii; Peru; Quinoa; Reflectance; South America; spectral reflectance; Yield loss; yield response","","","","","","","","","","","","","","","","","","","","","","","","","","","","","","","","","","","","","","","","","","","","","","",""
"VAWRT6QC","journalArticle","1999","Ortiz, R.; Madsen, S.; Ruiz-Tapia, E.N.; Jacobsen, S.-E.; Mujica-Sánchez, A.; Christiansen, J.L.; Stølen, O.","Validating a core collection of Peruvian quinoa germplasm","Genetic Resources and Crop Evolution","","09259864 (ISSN)","10.1023/A:1008636232584","https://www.scopus.com/pages/publications/0033429353?origin=resultslist","A Peruvian quinoa core collection, containing 103 chosen ecotypes or landraces, was defined on a geographically stratified non-overlapping sampling procedure. The objective was to determine whether this protocol was correct. Hence, a phenotypic distance matrix among 76 accessions from this core collection was created by calculating the difference between each pair of accessions for each characteristic. These 76 accessions were chosen because they had complete data for eight morphological descriptors. The diversity index was calculated by averaging all the differences in the phenotypic value for each quantitative descriptor divided by the respective range, and considering a matching coefficient for the qualitative descriptors, i.e., 0 for characteristics that matched, and 1 if they did not. The total sum of squares from the analyses of variance for the phenotypic diversity index, based on morphological descriptors, was partitioned between and within Peruvian Departments. The between Department cluster variance was smaller (0.0022) than the within Department cluster variance (0.0144), because accessions with the same stem colour or similar inflorescence type and colour were grouped together irrespective of their Department. This was further corroborated by the average linkage cluster analysis, which was performed on the phenotypic diversity matrix to study the pattern of variation and the relationship between the quinoa landraces of this core subset according to their geographical origin. Within each sub-cluster (based on above qualitative descriptors) accessions were ranked by their Department of collection, which indicated that the sampling method was appropriate for choosing accessions for the Peruvian quinoa core collection.","1999","2026-07-10 21:13:03","2026-07-10 21:13:03","","285-290","","3","46","","Genet. Resour. Crop. Evol.","","","","","","","","English","","","Scopus","","","","","<p>Export Date: 10 July 2026; Cited By: 15; Correspondence Address: R. Ortiz; Royal Vet. and Agricultural Univ., Department of Agricultural Sciences, DK-1871 Frederiksberg C, Copenhagen, 40 Thorvaldsensvej, Denmark; email: ro@kvl.dk; CODEN: GRCEE</p>","","","analysis of variance; Average linkage cluster analysis; Chenopodium quinoa; cluster analysis; genetic diversity; Geographical variation; germplasm; inflorescence; landrace; Peru; phenotype; plant genetics; plant morphology; quantitative analysis; Salt tolerance","","","","","","","","","","","","","","","","","","","","","","","","","","","","","","","","","","","","","","","","","","","","","","",""
"2WUMHSKN","journalArticle","2020","Quan, Y.; Liu, B.; Yuan, F.; Li, X.; Chen, Z.","Karyotype Analysis of C. Quinoa Varieties with Different Seed Color","Acta Agriculturae Boreali-Sinica","","10007091 (ISSN)","10.7668/hbnxb.20191704","https://www.scopus.com/pages/publications/85208482943?origin=resultslist","In order to determine the chromosome number and karyotype characteristics of the main Chenopodi-um varieties in Qinghai Province, three quinoa varieties with different seed colors Qaidam black-1 ( abbreviated as black quinoa) , Qaidam white-1 ( abbreviated as white quinoa) and Qaidam red-1 (abbreviated as red quinoa) were used as materials, and their root tips were sliced by using squashing method. Karyotype analysis was carried out through the steps of ice-water mixture pretreatment, Carnot fixed solution,45% acetic acid hydrolysis ,flame drying and pressing, microscopic examination, DAPI staining,fluorescence microscope photography etc. The results showed that :The chromosome numbers of the three color varieties were all 4n =36 ,and no aneuploid or polyploid phenomenon was found. The karyotype formula and the relative length composition of chromosome of black quinoa were 4n = 36 =32m(4AST) + 4sm,4n =36 =2L + 18M2 + 12M1 + 4S;the karyotype formula and the relative length of chromosome of white quinoa were 4n = 36 = 34 m ( 4 SAT) + 2sm ,4n =36 =2L + 20 M2 + 14 Ml; the karyotype formula and the relative length of chromosome of red quinoa were 4n =36 =34m(4SAT) +2sm,4n =36 =6L + 8M2 + 14M1 +8S. All varieties belong to 2B type and the asymmetry index were 58. 20% ,58. 22% and 58. 72% ,respectively, indicating that these varieties were more evolved. All the three varieties have two pairs of satellite, but there were differences in loction, which may be related to the heterologous origin of quinoa, self-pollination and other factors. This study can provide cytological basis for cross breeding, ploidy breeding, germplasm resource identification and gene mapping of C. quinoa. © 2020 Editorial Department of Acta Agriculurae Boreali-Sinica. All rights reserved.","2020","2026-07-10 21:13:03","2026-07-10 21:13:03","","72-77","","","35","","Acta. Agrícultur. Boreali. Sinica.","&#19981;&#21516;&#31869;&#31890;&#39068;&#33394;&#34268;&#40614;&#21697;&#31181;&#30340;&#26680;&#22411;&#20998;&#26512;","","","","","Editorial Department of Acta Agriculurae Boreali-Sinica","","Chinese","","","Scopus","","","","","<p>Export Date: 10 July 2026; Cited By: 0</p>","","","Chenopodium quinoa Willd.; Chromosome; Karyotypic analysis; Seed color","","","","","","","","","","","","","","","","","","","","","","","","","","","","","","","","","","","","","","","","","","","","","","",""
"3HEQ535B","journalArticle","2022","Mora-Ocación, M.S.; Morillo-Coronado, A.C.; Manjarres-Hernández, E.H.","Extraction and Quantification of Saponins in Quinoa (Chenopodium quinoa Willd.) Genotypes from Colombia","International Journal of Food Science","","23567015 (ISSN)","10.1155/2022/7287487","https://www.scopus.com/pages/publications/85126616056?origin=resultslist","Quinoa has a high nutraceutical potential because of the presence of secondary metabolites called saponins, which have industrial and medicinal uses and protect against attacks by pathogens. These compounds are found especially in the seed coat and give the grain a bitter taste; therefore, they must be eliminated before consumption. Despite the potential use in Colombia, there are few studies aimed at quantifying this metabolite. Therefore, the objective of this research was to evaluate two extraction methodologies (physical and chemical) and two methods for quantifying saponins in five quinoa genotypes grown in Colombia. The most efficient extraction method was the physical method. The saponin contents of the five genotypes were variable. The cluster analysis differentiated the genotypes into two groups: low saponin content (<4.49 mg/g seed) and high saponin content (>14.76 mg/g seeds). Blanca de Jericó had the lowest saponin content (<0.40%), and Amarilla de Maranganí had the highest content (>0.18%). Identifying more efficient methodologies for extracting and quantifying saponins will allow a better characterization of the germplasm and selection of genotypes with desirable characteristics for both consumption and industrial use.  © 2022 Mary S. Mora-Ocación et al.","2022","2026-07-10 21:13:03","2026-07-10 21:13:03","","","","","2022","","Int. J. Food Sci.","","","","","","Hindawi Limited","","English","","","Scopus","","","","","<p>Export Date: 10 July 2026; Cited By: 35; Correspondence Address: E.H. Manjarres-Hernández; Escuela de Ciencias Biológicas, Universidad Pedagógica y Tecnológica de Colombia, Tunja, 150003, Colombia; email: elsa.manjarres@uptc.edu.co</p>","","","","","","","","","","","","","","","","","","","","","","","","","","","","","","","","","","","","","","","","","","","","","","","","","",""
"46QA9LFU","journalArticle","2025","Barberini, M.L.; Lee, Y.S.; Guerrero, L.D.; Obertello, M.; Mazzella, M.A.; Bertero, D.; Grotewold, E.; Muschietti, J.P.","Comparative transcriptomic, proteomic, and amino acid content analyses of quinoa (Chenopodium quinoa) seed accessions from diverse geographic locations","BMC Plant Biology","","14712229 (ISSN)","10.1186/s12870-025-06913-z","https://www.scopus.com/pages/publications/105012264700?origin=resultslist","Background: Quinoa (Chenopodium quinoa), a pseudocereal native to the Andean regions, is mainly characterized by the quality and nutritional value of its proteins due to an excellent balance of essential amino acids. To identify nutritional attributes and compare different germplasm accessions, we conducted comparative transcriptomic and proteomic studies on a total of five quinoa accessions. These include four accessions from different genetic groups representing dry valleys, dry highlands, transition areas, and humid valleys in the Northwest Argentina region (NWA), as well as QQ74, a sequenced Chilean coastal accession. Results: We analyzed the quinoa seed transcriptome of four different accessions by aligning the RNA-seq results with the second version of the QQ74 genome (QQ74-V2). After filtering and normalizing 29,355 transcripts, we observed that QQ74 was most distinct compared to NWA accessions. Subsequently, we performed a transcript differential analysis in the ten pairwise comparisons and identified a total of 3,014 differentially expressed genes (DEGs). A Gene Ontology (GO) enrichment analysis of these DEGs showed that the accession representing the NWA transition area was enriched in terms related to oxidative phosphorylation and heat response. Furthermore, using 2D-gel electrophoresis followed by mass spectrometry, we demonstrated that storage proteins, specifically 11S globulin, 13S globulin and vicilin-like antimicrobial peptides, were the most abundant proteins in quinoa seeds of the five accessions. In addition, we observed that some of these proteins were differentially expressed between accessions. In terms of total amino acid content, statistically significant differences between some of the accessions were found only for lysine and leucine. Conclusions: The comparison of RNA-seq profiles among accessions grown in various geographical regions unveiled DEGs that could play a role in heat tolerance and plant development. These genes may contribute to the enhancement of quinoa through selective breeding processes. © The Author(s) 2025.","2025","2026-07-10 21:13:03","2026-07-10 21:13:03","","","","1","25","","BMC Plant Biol.","","","","","","BioMed Central Ltd","","English","","","Scopus","","","","","<p>Export Date: 10 July 2026; Cited By: 1; Correspondence Address: J.P. Muschietti; Instituto de Investigaciones en Ingeniería Genética y Biología Molecular, Dr. Héctor Torres (INGEBI-CONICET), Buenos Aires, Vuelta de Obligado 2490, C1428ADN, Argentina; email: prometeo@dna.uba.ar</p>","","","2D Gel Proteomics; amino acid; Amino Acids; Argentina; chemistry; Chenopodium quinoa; comparative study; gene expression profiling; Gene Expression Profiling; gene expression regulation; Gene Expression Regulation, Plant; Gene Ontology; genetics; Heat Response; metabolism; Oxidative Phosphorylation; plant protein; Plant Proteins; plant seed; proteome; Proteome; proteomics; Proteomics; Seeds; transcriptome; Transcriptome; Transcriptome Analysis","","","","","","","","","","","","","","","","","","","","","","","","","","","","","","","","","","","","","","","","","","","","","","",""
"YX2SEHD5","journalArticle","2016","De Santis, G.; Maddaluno, C.; D’Ambrosio, T.; Rascio, A.; Rinaldi, M.; Troisi, J.","Characterisation of quinoa (Chenopodium quinoa willd.) accessions for the saponin content in Mediterranean environment","Italian Journal of Agronomy","","11254718 (ISSN)","10.4081/ija.2016.774","https://www.scopus.com/pages/publications/85007418094?origin=resultslist","Seeds of the Andean seed crop quinoa (Chenopodium quinoa Willd.) usually contain saponins in the seed coat. Saponins give a bitter taste sensation and are a serious antinutritional factor, therefore selection of sweet genotypes with a very low saponin content in the seeds is a main breeding goal. The objective of this work was to identify, within germplasm lines of quinoa, previously selected for production and quality traits, superior genotypes low in saponins. For this purpose the total saponin content was determined in seeds of eight lines of quinoa and one variety (cv. Regalona Baer) as a control, previously evaluated over a 2-year period in a Southern Italy environment. Significant variation for the saponin content was observed among the evaluated genotypes. The total saponin content ranged from 0.10 to 1.80%, with the Q12 genotype showing the lowest value, suggesting the possibility of selecting genotypes sweet to be used in subsequent genetic improvement programs. Based on these results, in fact, it was possible to identify, among the accessions previously selected, particularly suitable for growing in Mediterranean area, some genotypes with high yields of seed (2.5 tha–1, on average), high protein (17%, on average) and fibres (13%, on average) and low content in saponins (0.57%, on average). © G. De Santis et al., 2016.","2016","2026-07-10 21:13:03","2026-07-10 21:13:03","","277-281","","4","11","","Ital. J. Agron.","","","","","","Page Press Publications","","English","","","Scopus","","","","","<p>Export Date: 10 July 2026; Cited By: 36; Correspondence Address: G. De Santis; Consiglio per la ricerca in agricoltura e l’analisi dell’economia agraria (CREA), Centro di Ricerca per la Cerealicoltura, Foggia, S.S. 673, Km 25,200, Italy; email: giuditta.desantis@crea.gov.it</p>","","","biochemical composition; Chenopodium quinoa; crop yield; genotype; Genotypes; germplasm; Grain saponin content; herb; Italy; Mediterranean environment; nutritional status; protein; Quinoa; seed; Seed yield; selective breeding; taste","","","","","","","","","","","","","","","","","","","","","","","","","","","","","","","","","","","","","","","","","","","","","","",""
"CCP3JAIF","journalArticle","2026","Jiang, R.; Liu, W.; Wang, W.; Du, X.; Yang, F.; Huang, J.; Wei, Y.","Comprehensive evaluation of low-temperature tolerance of 50 quinoa germplasm materials at the germination stage","Pratacultural Science","","10010629 (ISSN)","10.11829/j.issn.1001-0629.2024-0584","https://www.scopus.com/pages/publications/105036410295?origin=resultslist","To identify low-temperature tolerance indicators at the germination stage of quinoa (Chenopodium quinoa), establish a comprehensive evaluation system, and explore low-temperature tolerant germplasm resources, this study evaluated 50 quinoa germplasm materials by measuring seed germination rate, germination energy, germination index, and germination speed index under low-temperature stress. A comprehensive assessment was conducted using principal component analysis, membership function analysis, and cluster analysis. The results showed that under low-temperature stress, germination rate, germination energy, germination index, and germination speed index all decreased, with reductions of 64.35%, 27.20%, 100.62, and 2.01, respectively, compared withthe normal temperature control. The coefficient of variation for germination index and germination speed index both decreased by 15.23% under stress, indicating their potential as key indicators for evaluating low-temperature tolerance during quinoa germination. Based on membership function comprehensive evaluation, the 50 quinoa accessions were classified into four grades. Cluster analysis was used to further divide them into four categories, identifying nine accessions with strong low-temperature tolerance, 21 with moderate tolerance, 19 with weak tolerance, and one cold-sensitive accession. © (2026), (Editorial Office of Pratacultural Science). All rights reserved.","2026","2026-07-10 21:13:03","2026-07-10 21:13:03","","160-175","","1","43","","Pratacultural. Sci.","50 &#20221;&#34268;&#40614;&#31181;&#36136;&#26448;&#26009;&#33804;&#21457;&#26399;&#32784;&#20302;&#28201;&#32508;&#21512;&#35780;&#20215;","","","","","Editorial Office of Pratacultural Science","","English","","","Scopus","","","","","<p>Export Date: 10 July 2026; Cited By: 0; Correspondence Address: W. Wang; College of Life Science and Technology, Gansu Agricultural University, Lanzhou, Gansu, 730070, China; email: wtwang@gsau.edu.cn</p>","","","&#20027;&#25104;&#20998;&#20998;&#26512;; &#21457;&#33469;&#21183;; &#21457;&#33469;&#25351;&#25968;; &#21457;&#33469;&#36895;&#24230;&#25351;&#25968;; &#32858;&#31867;&#20998;&#26512;; &#35780;&#20215;&#21457;&#33469;&#29575;; &#38582;&#23646;&#20989;&#25968;","","","","","","","","","","","","","","","","","","","","","","","","","","","","","","","","","","","","","","","","","","","","","","",""
"F3GKTLZL","journalArticle","2020","Hernández, E.H.M.; Coronado, A.C.M.; Ardila, W.L.R.","Seed quality of 22 quinoa materials (chenopodium quinoa willd.) from the department of Boyaca","Revista Ceres","","0034737X (ISSN)","10.1590/0034-737X202067040008","https://www.scopus.com/pages/publications/85090224722?origin=resultslist","Chenopodium quinoa Willd. is a pseudocereal with seeds that are a rich source of vitamins and minerals. However, there are few studies on quinoa seed quality, especially for the Colombian germplasm. So, the objective of this research was to determine the quality of 22 quinoa materials from the Department of Boyaca by evaluating the physical (color, shape and diameter) and physiological (tetrazolium test) quality of the seeds. It was found that 36% of the materials had a white grain color, 80% cylindrical shape, 65% smooth edges and diameters smaller than 2mm, desirable characteristics for post-harvest processes. The evaluated physical characteristics presented high variability between the evaluated materials, which is desirable for elite breeding processes. The imbibition rate showed that germination was rapid (at 4 hours, the weight of the seeds doubled), that is, the materials were not dormant. Finally, it was determined that storage conditions, such as temperature and relative humidity, are essential for preventing deterioration in quinoa seeds; these factors can also affect germination and long-term vigor. © 2020 Universidade Federal de Vicosa.","2020","2026-07-10 21:13:03","2026-07-10 21:13:03","","306-311","","4","67","","Rev. Ceres","","","","","","Universidade Federal de Vicosa","","English","","","Scopus","","","","","<p>Export Date: 10 July 2026; Cited By: 5; Correspondence Address: A.C.M. Coronado; Universidad Pedagógica y Tecnológica de Colombia, Facultad Ciencias Agropecuarias, Tunja, Boyacá, Colombia; email: ana.morillo@uptc.edu.co</p>","","","Cereal; Germination; Viability; Vigor","","","","","","","","","","","","","","","","","","","","","","","","","","","","","","","","","","","","","","","","","","","","","","",""
"FYSYHBYR","journalArticle","2019","Hossein-Pour, A.; Haliloglu, K.; Ozkan, G.; Tan, M.","Genetic diversity and population structure of quinoa (Chenopodium Quinoa Willd.) Using iPBS- retrotransposons markers","Applied Ecology and Environmental Research","","15891623 (ISSN)","10.15666/aeer/1702_18991911","https://www.scopus.com/pages/publications/85064252361?origin=resultslist","Quinoa (Chenopodium quinoa Willd.) is a nutritionally important plant with a good protein quality and a high concentration of vitamins and minerals. It has been cultured for several thousand years in South America. In this study, we investigated the use of inter-primer binding site (iPBS) for the molecular characterization of 17 quinoa genotypes (Chenopodium quinoa Willd.) cultivated in Turkey. For this purpose, 25 iPBS markers were employed, and six primers provided sufficient polymorphic data generating a total of 19 alleles with an average of 2.83 bands/primer. The number of iPBS bands per individual was calculated as 1.12. The rate of polymorphism information content ranged from 0.02 to 0.49 with an average of 0.20. Genetic associations were assessed using the Dice dissimilarity coefficient between different pairs of accessions and revealed an average value of 0.84 for the French population and Q-52 genotypes. Cluster analysis on the unweighted pair-group mean average divided the 17 quinoa genotypes into two major clusters. The results of the principal component analysis were in agreement with those of the cluster analysis. The highest number of alleles, Nei’s genetic diversity, and Shannon’s information index were obtained from the French Vanilla genotype at 1.99, 0.50 and 0.69, respectively, whereas the lowest values were observed in the Q-52 genotype at 1.10, 0.09 and 0.20, respectively. The expected heterozygosity ranged from 0.398 in the first sub-population to 0.140 in the second sub- population with an average of 0.269. The mean population differentiation measurement (F st) values of the sub-populations were 0.048 and 0.676 for the first and second sub-populations, respectively. The results of this study provide useful information for the management of the quinoa germplasm and contribute to the improvement of existing breeding approaches. They also presented the iPBS marker system as a suitable tool for identification and genetic diversity analysis of quinoa genotypes. © 2019, ALÖKI Kft., Budapest, Hungary.","2019","2026-07-10 21:13:03","2026-07-10 21:13:03","","1899-1911","","2","17","","Appl. Ecol. Environ. Res.","","","","","","Corvinus University of Budapest","","English","","","Scopus","","","","","<p>Export Date: 10 July 2026; Cited By: 17; Correspondence Address: K. Haliloglu; Department of Field Crops, Faculty of Agriculture, Atatürk University, Erzurum, 25240, Turkey; email: kamilh@atauni.edu.tr</p>","","","Bayesian clustering; Chenopodium quinoa; Genetic diversity; iPBS","","","","","","","","","","","","","","","","","","","","","","","","","","","","","","","","","","","","","","","","","","","","","","",""
"RYTWB6UJ","journalArticle","2020","Craine, E.B.; Murphy, K.M.","Seed Composition and Amino Acid Profiles for Quinoa Grown in Washington State","Frontiers in Nutrition","","2296861X (ISSN)","10.3389/fnut.2020.00126","https://www.scopus.com/pages/publications/85089938527?origin=resultslist","Quinoa (Chenopodium quinoa Willd.) is a pseudocereal celebrated for its excellent nutritional quality and potential to improve global food security, especially in marginal environments. However, minimal information is available on how genotype influences seed composition, and thus, nutritional quality. This study aimed to provide a baseline for nutritional quality of Washington grown quinoa and test the hypothesis that these samples contain adequate amounts of essential amino acids to meet daily requirements set by the World Health Organization (WHO). One hundred samples, representing commercial varieties and advanced breeding lines adapted to Washington State, were analyzed for content of 23 amino acids, as well as crude protein, ash, moisture, and crude fat. Mean essential amino acid values for Washington grown quinoa met the daily requirements for all age groups for all essential amino acids, except for the amount of leucine required by infants. We found that only nine genotypes met the leucine requirements for all age groups. A total of 52 and 94 samples met the lysine and tryptophan requirements for all age groups, respectively. Mean values for isoleucine, leucine, lysine, tryptophan, valine, and the sulfur and aromatic amino acids are higher for Washington grown samples than those reported previously reported in the literature. Our results show that not all Washington grown quinoa samples meet daily requirements of essential amino acids, and we identify limiting amino acids for the germplasm and environments investigated. This study provides the first report of leucine as a limiting amino acid in quinoa. Additional research is needed to better understand variation in quinoa nutritional composition, identify varieties that meet daily requirements, and explore how genotype, environment, and management interactions influence nutritional quality. © Copyright © 2020 Craine and Murphy.","2020","2026-07-10 21:13:03","2026-07-10 21:13:03","","","","","7","","Front. Nutr.","","","","","","Frontiers Media S.A.","","English","","","Scopus","","","","","<p>Export Date: 10 July 2026; Cited By: 81; Correspondence Address: K.M. Murphy; Department of Crop and Soil Sciences, Washington State University, Pullman, United States; email: kmurphy2@wsu.edu</p>","","","complete protein; essential amino acid; limiting; protein quality; quinoa","","","","","","","","","","","","","","","","","","","","","","","","","","","","","","","","","","","","","","","","","","","","","","",""
"59N8BJGX","journalArticle","2016","Curti, R.N.; de la Vega, A.J.; Andrade, A.J.; Bramardi, S.J.; Bertero, H.D.","Adaptive responses of quinoa to diverse agro-ecological environments along an altitudinal gradient in North West Argentina","Field Crops Research","","03784290 (ISSN)","10.1016/j.fcr.2016.01.014","https://www.scopus.com/pages/publications/84960193422?origin=resultslist","Quinoa is an important Andean grain crop grown in a wide range of tropical and temperate environments. Time to flowering is an important trait determining grain yield. This work aimed to understand how responses to photoperiod and temperature might alter plant leaf and floral development. To assess the likely degree of G × E interactions, eleven quinoa accessions from a wide range of environments of origin within Northwest Argentina were grown in several sowing dates over two seasons at a high altitude site. In a third season at a low altitude site, a subset of six accessions planted in pots in the field was exposed to two artificially extended and a control (natural) photoperiod. Time to the appearance of floral buds and anthesis were recorded as was leaf number. A photothermal model developed for quinoa was used to compare responses to photoperiod. Plant development rates to visible floral buds and anthesis stages and phyllochron varied widely amongst accessions and across environments within a short day response though phyllochron varied mostly during the reproductive phase. There was a very strong association between time to flowering and altitude of origin (r = -0.98), mean temperature of the wettest quarter (r = 0.98) and Normalized Difference Vegetation Index values (r = 0.73). Photoperiod sensitivity was higher for accessions from the lowlands (normally late flowering), while temperature sensitivity was greatest for accessions from the highlands (early flowering); most variation for these traits detected at the species level was found in North West Argentina. Genotype by environment interactions for yield were related to the traits examined in this study and considering their high heritability it is suggested that quinoa breeding programs targeted for specific adaptation to a wide range of environments can be developed from this germplasm. © 2016 Elsevier B.V.","2016","2026-07-10 21:13:03","2026-07-10 21:13:03","","10-18","","","189","","Field Crops Res.","","","","","","Elsevier B.V.","","English","","","Scopus","","","","","<p>Export Date: 10 July 2026; Cited By: 29; Correspondence Address: R.N. Curti; Laboratorio de Investigaciones Botánicas (LABIBO/CONICET), Facultad de Ciencias Naturales, Universidad Nacional de Salta, Salta, Av. Bolivia 5150, Argentina; email: rcurti@agro.uba.ar; CODEN: FCRED</p>","","","adaptation; agroecology; altitude; Argentina; Chenopodium quinoa; Chenopodium quinoa Willd.; crop plant; environmental gradient; flowering; Flowering; Genotype × environment interaction; genotype-environment interaction; herb; leaf; NDVI; photoperiod; Phyllochron; selective breeding; temperature effect; wild population","","","","","","","","","","","","","","","","","","","","","","","","","","","","","","","","","","","","","","","","","","","","","","",""
"4JAVMXT3","journalArticle","2024","Tao, X.; Yao, X.; Yao, Y.","Analysis of grain phenotype, filling characteristics, and starch synthase activity in Chenopodium quinoa with different grain sizes","Acta Botanica Boreali-Occidentalia Sinica","","10004025 (ISSN)","10.7606/j.issn.1000-4025.20230134","https://www.scopus.com/pages/publications/105009440819?origin=resultslist","[Objective] Grain size significantly influences the yield, marketability, and processing characteristics of quinoa (Chenopodium quinoa). Understanding the grain phenotypes, filling characteristics, and starch synthase activity of large- and small-grained quinoa during the filling period can provide guidance for the selection and breeding of large grain quinoa varieties. [Methods] Two quinoa samples, one with a thousand grain weight exceeding 5.0 g and the other is below 3.0 g, were selected for a field experiment at the Innovative Experimental Base of Germplasm Resources of Qinghai Academy of Agricultural and Forestry Sciences. The study compared the difference of grain phenotypes, filling characteristics, and starch synthase activity between large- and small-grained quinoa at 7, 14, 21, and 28 days of the filling stage. [Results] (1) The phenotypic traits of large- and small-grained quinoa, including grain area, circumference, diameter, kernel length, and kernel width, were significantly increased during reproductive period. There were significant differences between grain types, where the largest differences were in grain area and circumference, with the large-grained quinoa was significantly higher than small-grained quinoa by 9.12% to 11.54% and 21.49 to 23.92%, respectively. (2) Throughout the filling period, the dry mass of 100 grains of large-grained quinoa exceeded that of small-grained quinoa, with an average increase of 21.23% to 31.04%; the filling rate of large and small-grained quinoa rose first and declined subsequently during the reproductive period, which was in the pattern of ""slow-fast-slow"". However, the time to reach the peak and the peak height were different, with large-grained quinoa was early and high, while small-grained quinoa was low and late. (3) The starch branching enzyme (SBE), sucrose synthase (SS), soluble starch synthase (SSS), and ADPG pyrophosphorylase (AGP) varied for both grain sizes, with SBE and SS activities being stronger in small-grained quinoa than in large-grained quinoa, while SSS and AGP activities were stronger in large-grained quinoa than in small-grained quinoa. [Conclusion] Variations in the activities of four starch synthases during grain filling contribute to differences in starch accumulation and peak filling rate, which in turn leads to differences in grain phenotypic traits, whereas SSS and AGPase are the key enzymes affecting quinoa grain size. © 2024 Science Press. All rights reserved.","2024","2026-07-10 21:13:03","2026-07-10 21:13:03","","362-369","","3","44","","Acta Botanica Boreal. Occidentalia  Sinica","&#22823;&#23567;&#31890;&#22411;&#34268;&#40614;&#31869;&#31890;&#34920;&#22411;&#12289;&#28748;&#27974;&#29305;&#24615;&#21450;&#28096;&#31881;&#21512;&#25104;&#37238;&#27963;&#24615;&#30340;&#24046;&#24322;&#20998;&#26512;","","","","","Science Press","","Chinese","","","Scopus","","","","","<p>Export Date: 10 July 2026; Cited By: 0; Correspondence Address: Y. Yao; Academy of Agriculture and Forestry Sciences, Qinghai University, Xining, 810016, China; email: youhua8888@126.com</p>","","","filling characteristics; grain phenotype; grain size; quinoa; starch synthase activity","","","","","","","","","","","","","","","","","","","","","","","","","","","","","","","","","","","","","","","","","","","","","","",""
"79IBMM54","journalArticle","2024","Hou, L.; Chen, Y.; Wang, Y.; Hong, D.; Wang, Y.; Chen, Z.; Wu, S.; Dong, Y.","Influence of Drought Stress Duration on Quinoa Physiological Characteristics and Drought Tolerance Evaluation at Seedling Stage","Journal of Nuclear Agricultural Sciences","","10008551 (ISSN)","10.11869/j.issn.1000-8551.2024.11.2237","https://www.scopus.com/pages/publications/105000383925?origin=resultslist","To study the dynamics of physiological responses of quinoa (Chenopodium quinoa Willd.) to continuous drought stress,three cultivars of quinoa,JinLi1(JL1),JinLi2(JL2)and JinLi3(JL3),were used to identify drought tolerance at seedling stage under the drought stress of 20 % polyethylene glycol(PEG) 6 000 solution. After 0,0.5,2,8,24,48 and 72 hours of continuous drought stress,the physiological and biochemical indexes were measured to evaluate the drought tolerance,screened the identification indexes of quinoa and comprehensively evaluated quinoas at seedling stage. The results showed that with the extension of drought stress time,the leaf relative water content(RWC)was decreased gradually,the contents of malonic dialdehyde(MDA)and soluble sugar(SS)were increased,and the activities of antioxidant enzymes were increased first and then decreased;the activities of superoxide dismutase(SOD),catalase(CAT),and ascorbate peroxidase(APX)peaked at 24 h,peroxidase(POD)activity reached the maximum at 48h;the contents of proline(Pro)and soluble protein(SP),the productive rate of superoxide anion(O-.2 )on each varieties were different;the Pro contents of JL1 and JL2 were increased with the extension of stress time,the Pro content of JL3 was increased first and then decreased,reached the maximum at 48 h;the SP content of JL1 was decreased first,then increased and then decreased,the soluble protein contents of JL2 and JL3 were increased first and then decreased;the O-.2 production rates of JL1 and JL3 showed continuous rise,JL2 increased first and then decreased. These results suggested that the effect of drought stress duration on each index was different and most of the indexes changed greatly at 24 h and 48 h. In addition,the physiological index had a certain threshold responses to drought stress. Both principal component analysis and membership function analysis showed that the drought tolerance of the tested quinoa germplasm was JL1 > JL2 > JL3. This study results provide theoretical basis for the study of drought tolerance mechanism and breeding of new drought-tolerant varieties. © 2024 Chinese Society of Nuclear Agricultural Sciences and Institute of Food Science and Technology, CAAS. All rights reserved.","2024","2026-07-10 21:13:03","2026-07-10 21:13:03","","2237-2246","","11","38","","J. Nucl. Agric. Sci.","&#24178;&#26097;&#32961;&#36843;&#26102;&#38388;&#23545;&#34268;&#40614;&#33495;&#26399;&#29983;&#29702;&#29305;&#24615;&#30340;&#24433;&#21709;&#21450;&#32784;&#26097;&#24615;&#35780;&#20215;","","","","","Chinese Society of Nuclear Agricultural Sciences and Institute of Food Science and Technology, CAAS","","Chinese","","","Scopus","","","","","<p>Export Date: 10 July 2026; Cited By: 3; Correspondence Address: S. Wu; College of Life Sciences, Shanxi Agricultural University, Taiyuan, Shanxi, 030031, China; email: sj_wu@126.com; Y. Dong; College of Life Sciences, Shanxi Agricultural University, Taiyuan, Shanxi, 030031, China; email: dongfang5513@163.com</p>","","","drought stress time; membership function; physiological index; principal component analysis; quinoa","","","","","","","","","","","","","","","","","","","","","","","","","","","","","","","","","","","","","","","","","","","","","","",""
"3DQ72J3W","journalArticle","2019","Salazar, J.; Roman, V.J.; Gutierrez, B.; van Loo, E.N.; de Lourdes Torres, M.; Torres, A.F.","Correction to: Molecular characterization of Ecuadorian quinoa (Chenopodium quinoa Willd.) diversity: implications for conservation and breeding (Euphytica, (2019), 215, 3, (60), 10.1007/s10681-019-2371-z)","Euphytica","","00142336 (ISSN)","10.1007/s10681-019-2516-0","https://www.scopus.com/pages/publications/85075518821?origin=resultslist","Due to an unfortunate error of miscommunication, two of the co-authors of this manuscript were omitted from the original publication. The correct representation of the authors and their affiliations are listed here and should be treated as definitive. Juan Salazar1, Viviana Jaramillo Roman2, Bernardo Gutierrez1,3, Eibertus Nicolaas van Loo2, Mari´a de Lourdes Torres1, Andre´s Francisco Torres1,2 1. Laboratorio de Biotecnologi´a Vegetal, Colegio de Ciencias Biolo´gicas y Ambientales, Universidad San Francisco de Quito USFQ, Diego de Robles y Vi´a Interocea´nica, Cumbaya´, Ecuador 2. Wageningen UR Plant Breeding, Wageningen University and Research, PO Box 386, 6700 AJ Wageningen, The Netherlands 3. Department of Zoology, University of Oxford, 11a Mansfield Road, Oxford OX1 3SZ, UK Furthermore, the acknowledgments section has been adapted to match the changes in authorship. The corrected acknowledgements, presented below, are definitive: This research was funded with a Chancellor’s Grant (2015) from Universidad San Francisco de Quito USFQ (Quito-Ecuador). Germplasm access and research permit were granted by the Ministry of Environment of Ecuador (MAE-DNB-CM-2016- 0044). The authors would like to acknowledge the technical assistance offered by researchers at the Plant Biotechnology Laboratory (COCIBA, USFQ), as well as Dr. Leonardo Zurita for his assistance with georeferenced mapping. The authors would also like to acknowledge Dr. Gerard van der Linden (Wageningen University and Research) for supporting our efforts to search and collect quinoa germplasm throughout the Andes of Ecuador. © 2019, The Authors.","2019","2026-07-10 21:13:03","2026-07-10 21:13:03","","","","12","215","","Euphytica","","","","","","Springer","","English","","","Scopus","","","","","<p>Export Date: 10 July 2026; Cited By: 2; Correspondence Address: A.F. Torres; Laboratorio de Biotecnología Vegetal, Colegio de Ciencias Biológicas y Ambientales, Universidad San Francisco de Quito USFQ, Cumbayá, Diego de Robles y Vía Interoceánica, Ecuador; email: andres.torres@wur.nl; CODEN: EUPHA</p>","","","","","","","","","","","","","","","","","","","","","","","","","","","","","","","","","","","","","","","","","","","","","","","","","",""
"UDJRIJ8Z","journalArticle","2026","Akter, S.; Das, B.; Abdullah, A.; Aurin, F.A.; Sultana, N.; Rahman, M.M.; Burritt, D.J.; Hossain, M.A.","Phenotypic characterisation and genetic dissection of the yield -attributing traits of exotic quinoa (Chenopodium quinoa L.) germplasm","Plant Science Today","","23481900 (ISSN)","10.14719/pst.12062","https://www.scopus.com/pages/publications/105040392809?origin=resultslist","Quinoa (Chenopodium quinoa L.) is a highly nutritious, climate-resilient crop with high levels of phenotypic and genotypic variability. Three replications of a randomised complete block design (RBCD) were used in a field experiment at the Bangladesh Agricultural University in Mymensingh for phenotypic characterisation of 46 quinoa genotypes and genetic dissection of traits which are crucial for genetic improvement. The quantitative parameters studied are: days to maturity (DM), plant height (PH), panicle weight (PW), 1000-seed weight (TSW), above ground biomass (AGB), harvest index (HI) and yield per plant (YPP) showed substantial (p &#8804; 0.01) differences. Kaust-09755, Kaust-10860, Kaust-09386, Kaust-09385, Kaust-10810, Kaust-09379 and Kaust-10804 showed promising potential for yield improvements. Traits such as PH, PW, AGB and YPP exhibited high heritability and genetic advance. Yield per plant showed significant positive correlations with DM, PH, PW and AGB, with PW and AGB having the strongest direct impacts on yield. Genotypes were grouped into four distinct clusters, based upon D2 analysis, with clusters III and IV being the most divergent. Principal component analysis (PCA) revealed that PC1 explained 55.10 % of the variability, with high positive loading for YPP, PW and AGB. Cluster and principal component analyses identified Kaust-05784, Kaust-09391, Kaust-10860 and SAU Quinoa-1 as highly divergent and suitable donor parents for future breeding programs. Copyright: © The Author(s). This is an open-access article distributed under the terms of the Creative Commons Attribution License, which permits unrestricted use, distribution and reproduction in any medium, provided the original author and source are credited (https://creativecommons.org/licenses/by/4.0/)","2026","2026-07-10 21:13:03","2026-07-10 21:13:03","","1-13","","2","13","","Plant Sci. Today","","","","","","Horizon e-Publishing Group","","English","","","Scopus","","","","","<p>Export Date: 10 July 2026; Cited By: 0; Correspondence Address: M.A. Hossain; Department of Genetics and Plant Breeding, Bangladesh Agricultural University, Mymensingh, 2202, Bangladesh; email: anwargpb@bau.edu.bd</p>","","","correlation coefficient; genetic advance; genetic diversity; heritability; path coefficient; PCA; quinoa; yield attributing traits","","","","","","","","","","","","","","","","","","","","","","","","","","","","","","","","","","","","","","","","","","","","","","",""
"MIBLQHUY","journalArticle","2025","Delgado, H.; Martín, J.P.","Assessment of Genetic Diversity in Quinoa Landraces Cultivated in the Ecuadorian Highlands Since the Early 1980s","Plants","","22237747 (ISSN)","10.3390/plants14050635","https://www.scopus.com/pages/publications/86000620089?origin=resultslist","Quinoa (Chenopodium quinoa Willd.) landraces have been cultivated ancestrally in the Andean highlands of Ecuador, where they have had great social and nutritional importance for the native population. Currently, there is scarce information on its genetic diversity and conservation status, and none on the changes that may have occurred in recent decades. In this study, we assessed the genetic diversity of 268 accessions (1340 samples; five per accession) of quinoa landraces collected at two different times (1978–1988 and 2014–2015) in three representative Ecuadorian Andean provinces for this crop (Imbabura, Cotopaxi and Chimborazo) using eight simple sequence repeat (SSR) markers. A total of 124 alleles were found, with a range of 11–24 per locus (mean = 15.5). Averages of expected heterozygosity (He) and Shannon information index (I) were 0.763 and 1.821, respectively. The most informative loci were 3_QAAT050 and 7_QAAT100, with discrimination power (D) values above 92%. Moreover, 1055 different genotypes were found, of which 939 were unique genotypes. This high level of genetic diversity could be explained by the intensive exchange of seeds between farmers in the Andean region. In addition, no significant differences were found in the main genetic diversity parameters between collections and/or provinces. If there is no significant quantitative loss of genetic diversity over the last four decades, this would indicate that indigenous farming communities of this Andean region are preserving their ancestral quinoa germplasm reasonably well. Furthermore, two genetic groups were found with a genetic distance of 0.337. Samples in these groups appear to be related to their provincial origin. This may be due to the different ways in which quinoa landraces are managed and conserved in the different Andean provinces. The results obtained may be very useful for the suitable management and conservation of this ancestral plant genetic resource, both on farm by indigenous farming communities and ex situ by the Germplasm Bank of the Ecuadorian National Institute for Agricultural Research (INIAP). © 2025 by the authors.","2025","2026-07-10 21:13:03","2026-07-10 21:13:03","","","","5","14","","Plants","","","","","","Multidisciplinary Digital Publishing Institute (MDPI)","","English","","","Scopus","","","","","<p>Export Date: 10 July 2026; Cited By: 5; Correspondence Address: J.P. Martín; Departamento de Biotecnología-Biología Vegetal, Escuela Técnica Superior de Ingeniería Agronómica, Alimentaria y de Biosistemas, Universidad Politécnica de Madrid, Madrid, Avda. Puerta de Hierro 2-4, 28040, Spain; email: juanpedro.martin@upm.es</p>","","","Chenopodium quinoa; genetic structure; genotypic variability; native quinoa; SSR markers","","","","","","","","","","","","","","","","","","","","","","","","","","","","","","","","","","","","","","","","","","","","","","",""
"ZJM6NMYZ","journalArticle","2010","Bertero, H.D.; Ruiz, R.A.","Reproductive partitioning in sea level quinoa (Chenopodium quinoa Willd.) cultivars","Field Crops Research","","03784290 (ISSN)","10.1016/j.fcr.2010.04.009","https://www.scopus.com/pages/publications/77956966329?origin=resultslist","The proportion of growth allocated to reproductive organs can be an important determinant of yield variation between cultivars and environments. The main aim of this paper was to evaluate the adequacy of a model assuming constancy in partitioning coefficients (PC, the slope of organ weight to total weight relationship) within periods whose limits are associated with phenological phases to describe variation in reproductive growth (including seeds when present) in the Andean seed crop quinoa. A second objective was to analyze the dynamics of panicle and stem growth to advance our understanding of factors determining yield in this species. To do this, we used data from two experiments conducted in 2 years under field conditions in the Argentinean pampas, using four cultivars belonging to the Sea Level Type and adapted to temperate environments, under three densities. Reproductive partitioning followed a bi-phasic pattern; panicle biomass increased gradually until reaching a total biomass value, and then there was an increase in the slope of panicle vs. total aerial biomass relationship. Partitioning coefficients for the initial stage varied between some cultivars and densities in the first year, but not in the second. No significant differences were detected when PCs for the second stage were considered. The start of panicle growth was associated with thermal time to first anthesis (R2=0.62) while thermal time to change in partitioning from low to high PC and that to end of flowering were strongly related (R2=0.93). Combining data across cultivars, years and densities gave a PC of 0.15 for the initial stage and 0.90 for the second stage. Using these relationships and parameters dynamics of panicle biomass accumulation was predicted satisfactorily in an independent data set for a different environment, confirming the usefulness of a single model approach to describe partitioning across cvs. and environments in this crop. Besides, crop yield estimations improved when compared to those obtained by a seed number estimation model, predictions were only 7.25% lower than observed values compared to -24.5% using a seed number approach. There is a trade-off between final partitioning to reproductive structures (higher in short-cycle cvs.) and total crop biomass, one of the factors contributing to this trade-off being a negative association between the panicle-stem relationship at harvest and duration in thermal time units of stem growth; so, selection for high partitioning rate should be targeted at long duration cvs. within this germplasm. © 2010 Elsevier B.V.","2010","2026-07-10 21:13:03","2026-07-10 21:13:03","","94-101","","1","118","","Field Crops Res.","","","","","","","","English","","","Scopus","","","","","<p>Export Date: 10 July 2026; Cited By: 19; Correspondence Address: H.D. Bertero; Cátedra de Producción Vegetal and CONICET, Facultad de Agronomía, Universidad de Buenos Aires, C1417DSE, Buenos Aires, Av. San Martín 4453, Argentina; email: bertero@agro.uba.ar; CODEN: FCRED</p>","","","agricultural modeling; Argentina; bioaccumulation; Chenopodium quinoa; Crop growth; crop yield; cultivar; dicotyledon; dry matter; Dry matter partitioning; growth rate; Modeling; Pampas; Panicle-stem relationship; Partitioning coefficients; phytomass; trade-off","","","","","","","","","","","","","","","","","","","","","","","","","","","","","","","","","","","","","","","","","","","","","","",""
"RM52LX25","journalArticle","2023","Jafari, F.; Farkhari, M.; Siahpoosh, A.; Bagheri, M.; Qanavati, M.","Assessment of Genetic Diversity in Some Quinoa (Chenopodium Quinoa) Genotypes using ISSR Markers","Journal of Crop Breeding","","22286128 (ISSN)","10.61186/jcb.15.45.125","https://www.scopus.com/pages/publications/105000621187?origin=resultslist","Introduction and Objective: Quinoa is an attractive crop in many parts of country based on its tolerance to salinity and drought stresses and its adaptability to poor soils. Area under Quinoa cultivation has been increased in recent years in Iran. Breeding of new Quinoa cultivars is essential to keep this trend. Assessment genetic diversity in the germplasm is the first step of plant breeding. In this study, genetic diversity of within and among of some Quinoa populations were determined by ISSR molecular markers. Material and Methods: Diversity among and within 13 Quinoa populations (by assessment of three plants in each population) was examined by 9 ISSRs primers. A total of 13 genotypes including breeding material Q1, Q3, Q4, Q5, Q12, Q26 and Q2, four Chen wild accessions and Giza1 and Titicaca cultivars. Results: A total of 90 bands (with 87.69% polymorphism) were detected with using of 9 ISSR primers. The genotypes were divided in two groups (Q group: including those genotypes with prefix Q in their names and None Q group: other genotypes) with a few exceptions by cluster analysis. Peru or Bolivia are the origin of None Q group genotypes (consisting Titicaca, Giza1 and Chen wild accessions). Also Chile is the origin of other genotypes located on Q group except Q1, Q3, Q4 and Q5 that their origin was not specified. According to the results of clustering, origin of Q1, Q3, Q4 and Q5 populations must be Chile. The first two components in the principal coordinate analysis (PCoA) account for 26.17% of total variance. The genotypes were divided into two groups by PCoA almost similar to the dendrogram grouping. Molecular analysis of variance (AMOVA) recognized high variation within the populations. AMOVA showed that 73% and 27% variations were within and among populations, respectively. Cultivars Titicaca and Giza exhibited lowest within population variance in comparison of other populations. Conclusion: ISSR markers showed acceptable polymorphism based on the results. Positive mass selection is recommended according to the high variation within populations. In general, consideration of two origins for quinoa germplasm management, including Andean highlands and coastal areas is suggested. © 2023, Sari Agricultural Sciences and Natural Resources University. All rights reserved.","2023","2026-07-10 21:13:04","2026-07-10 21:13:04","","125-134","","45","15","","J. Crop Breed.","","","","","","Sari Agricultural Sciences and Natural Resources University","","Persian","","","Scopus","","","","","<p>Export Date: 10 July 2026; Cited By: 1; Correspondence Address: M. Farkhari; Department of Plant Production and Genetics, Agricultural Sciences and Natural Resources University of Khuzestan, Mollasani, Iran; email: farkhari@asnrukh.ac.ir</p>","","","Molecular diversity; Molecular markers; Plant Breeding; Quinoa germplasm","","","","","","","","","","","","","","","","","","","","","","","","","","","","","","","","","","","","","","","","","","","","","","",""
"LYI45FPY","journalArticle","2026","WEI, B.; WANG, X.; LV, W.; LU, C.; LI, Y.; CUI, Y.; WANG, M.; WEI, Z.; LI, M.; ZHANG, J.; LEI, X.; FUENTES, F.; MU, G.","GWAS-based SNP–Trait associations and drought-stressed physiological responses in quinoa (Chenopodium quinoa Willd.)","Notulae Botanicae Horti Agrobotanici Cluj-Napoca","","0255965X (ISSN)","10.15835/NBHA54114779","https://www.scopus.com/pages/publications/105038294814?origin=resultslist","A total of 120 quinoa (Chenopodium quinoa Willd.) accessions were classified into two distinct genetic groups, Andean highland type and Chilean lowland type, based on a genetic differentiation index (FST) of 0.14. Within this framework, accession M065 was identified as drought-tolerant, whereas M084 exhibited drought sensitivity. 735 SNP loci were obtained by using the MultipleSeq multiplex PCR amplicon capture sequencing technology. GWAS-based SNP–trait association indicated that 5 SNP loci were significantly associated with plant height (PH, R2: 10.03%), branch number (BN, R2: 13.13%), yield per plant (YPP, R2; 10.77%) and panicle width (PW, R2: 10.38%), respectively. Under drought stress, M065 exhibited significantly smaller reductions-by 5.93%, 6.99%, 6.02%, 9.45%, 6.87%, 10.24%, 8.59%, 2.58%, and 3.80%, respectivelythan M084 in plant height, leaf area, biomass, relative leaf water content, chlorophyll content, net photosynthetic rate, transpiration rate, intercellular CO2 concentration, and stomatal conductance. Root system scanning indicated that under drought stress, M065 root cells maintained near-normal volume with only mild shrinkage, whereas M084 root cells exhibited pronounced shriveling. The physiological analysis showed that both accessions exhibited elevated MDA and H2O2 levels under drought stress, with M084 showing greater increases than M065. SOD activity increased in both accessions under D1 (SMC: 45%-55%) and D2 (SMC: 25%-35% stresses, but the rise was slightly higher in M065. POD activity increased significantly in M065, while M084 showed no significant change under D2. CAT activity increased in both accessions under D1, but only M065 showed a significant increase under D2. © 2026 Articles by the authors; Licensee UASVM and SHST, Cluj-Napoca, Romania. The journal allows the author(s) to hold the copyright/to retain publishing rights without restriction.","2026","2026-07-10 21:13:04","2026-07-10 21:13:04","","14779-14779","","1","54","","Not. Bot. Horti Agrobot. Cluj-Napoca","","","","","","AcademicPres","","English","","","Scopus","","","","","<p>Export Date: 10 July 2026; Cited By: 0; Correspondence Address: F. FUENTES; Pontifical Catholic University of Chile, Faculty of Agronomy and Natural Systems, Faculty of Engineering, Faculty of Medicine, Santiago, 6904411, Chile; email: frfuentesc@uc.cl</p>","","","drought stress; germplasm accessions; physiological analysis; quinoa (Chenopodium quinoa Willd.); SNP","","","","","","","","","","","","","","","","","","","","","","","","","","","","","","","","","","","","","","","","","","","","","","",""
"PU42LUNQ","journalArticle","2013","Miranda, M.; Vega-Gálvez, A.; Martínez, E.A.; López, J.; Marín, R.; Aranda, M.; Fuentes, F.","Influence of contrasting environments on seed composition of two quinoa genotypes: Nutritional and functional properties","Chilean Journal of Agricultural Research","","07185839 (ISSN)","10.4067/S0718-58392013000200004","https://www.scopus.com/pages/publications/84887535915?origin=resultslist","Quinoa (Chenopodium quinoa Willd.) in Chile represents a source of germplasm with high nutritional value. However, there is little information available related to quinoa seed quality grown under contrasting environments. In this study we evaluated the changes on seed composition of seeds of two lowland/coastal quinoa genotypes grown under arid (Vicuña) and cold-temperate (Temuco) conditions in Chile. Results showed that in the case of 'Regalona Baer' and 'Villarrica' genotypes the arid location (with irrigation) led to a significant increase (P < 0.05) in grain yield (4.2 and 5.1 t ha-1, respectively), soluble dietary fiber (16.8 ± 0.4 and 28.9 ± 2.1 g kg-1 DM, respectively), vitamin B3 (2.44 ± 0.005 and 2.26 ± 0.04 mg 100 g-1 DM, respectively), saponins (3.22 ± 0.38 mg 100 g-1 DM, 'Regalona Baer'), phenolic compounds (19.2 ± 5.48 and 31.92 ± 1.14 mg gallic acid 100 g-1 DM, respectively) and components of proximate analysis, except protein content. The cold-temperate climate (rainfed) affected positively seed size (2.22 ± 0.17 mm 'Villarrica') and 1000 seed weight (3.08 ± 0.08 and 3.29 ± 0.08 g, respectively), as well as insoluble dietary fiber content (112.3 ± 23.8 g kg-1 DM, 'Regalona Baer'). Furthermore, vitamin C was higher in 'Regalona Baer' genotype at arid locality (31.22 ± 4.2 mg 100 g-1 DM), but much higher content was registered in 'Villarrica' genotype at cold-temperate climate (49.3 ± 5.36 mg 100 g-1 DM). The environment-induced relationship among variables and genotypes was consistent with principal component analysis (PCA). The arid region of Vicuña in Chile represents a potential area for quinoa cultivation for lowland/coastal quinoa genotypes, whose nutritional and functional features were affected positively, due to the much more stressing climatic conditions.","2013","2026-07-10 21:13:04","2026-07-10 21:13:04","","108-116","","2","73","","Chil. J. Agric. Res.","","","","","","","","English","","","Scopus","","","","","<p>Export Date: 10 July 2026; Cited By: 82; Correspondence Address: F. Fuentes; Universidad Arturo Prat, Iquique, Av. Arturo Prat 2120, Chile; email: francfue@unap.cl</p>","","","Antioxidant activity; Chenopodium quinoa; Climate stress; Mineral content; Phenolic compounds; Protein","","","","","","","","","","","","","","","","","","","","","","","","","","","","","","","","","","","","","","","","","","","","","","",""
"LGZCZV5R","journalArticle","2022","Snowball, R.; Dhammu, H.S.; D’Antuono, M.F.; Troldahl, D.; Biggs, I.; Thompson, C.; Warmington, M.; Pearce, A.; Sharma, D.L.","Adaptation of Quinoa (Chenopodium quinoa Willd.) to Australian Environments","Agronomy","","20734395 (ISSN)","10.3390/agronomy12092026","https://www.scopus.com/pages/publications/85138571667?origin=resultslist","Quinoa is being evaluated in cropping systems in many countries outside of its natural range of South America. Very few attempts have been made by farmers or researchers to grow or evaluate quinoa under Australian environments. Given the growing popularity of quinoa with consumers, new commercial opportunities for farmers and international interest in the crop, it was timely to undertake a comprehensive evaluation of the potential of quinoa in Australia. Two advanced selections and nine germplasm lines (six of Chilean and three of Bolivian origin) identified in an earlier project were tested in 23 field trials at 14 locations on mainland Australia. Targets included irrigated sites in tropical, Mediterranean, semi-arid and desert climates, and rain-fed sites of south-western Australia with a Mediterranean climate. The field experiments were either a randomised complete block design (RBCD) or a split plot/factorial design with 2–4 replicates, and a linear mixed model was used to compare the treatment lines. Seed yield of quinoa was highest when grown in winter and spring under rain-fed conditions in Geraldton, in spring and summer under irrigation at Bool Lagoon, and summer, autumn and winter under irrigation at Leeton. The highest seed yield achieved was 3 t/ha for a germplasm line from Chile, while the highest yield for a germplasm line from Bolivia was 2.6 t/ha. Advanced selections from Australia yielded well in comparison at most trial sites. Declining seed yield was associated with mean daily temperatures during seed development increasing above 17 °C, mean daily temperatures during flowering declining below 15 °C, and rainfall during seed development under rain-fed conditions falling below 50 mm. Seed produced at Bool Lagoon was the closest in colour to white quinoa imported from Peru; however, it was more than noticeably different. Seed produced at Geraldton and Leeton was significantly larger than from other field sites; however, none were larger than 2 mm in diameter as found in Royal white quinoa from Bolivia. Superior seed colour and seed size were associated with dry conditions at maturity and cool conditions during seed development, respectively. We conclude that quinoa can become a potential crop option for Australian agriculture by exploiting genetic diversity and supplementing with suitable management practices matched to agro-climatic environments. There are reasonable prospects to raise the seed yield potential in areas in all states, especially in the regions where quinoa grew well in our experiments. © 2022 by the authors.","2022","2026-07-10 21:13:04","2026-07-10 21:13:04","","","","9","12","","Agronomy","","","","","","MDPI","","English","","","Scopus","","","","","<p>Export Date: 10 July 2026; Cited By: 2; Correspondence Address: R. Snowball; Department of Primary Industries and Regional Development, South Perth, 6151, Australia; email: richardsnowball1959@gmail.com; H.S. Dhammu; Department of Primary Industries and Regional Development, South Perth, 6151, Australia; email: harmohinder.dhammu@dpird.wa.gov.au; D.L. Sharma; Department of Primary Industries and Regional Development, South Perth, 6151, Australia; email: darshan.sharma@dpird.wa.gov.au</p>","","","adaptation; climate; germplasm; quality; quinoa; yield","","","","","","","","","","","","","","","","","","","","","","","","","","","","","","","","","","","","","","","","","","","","","","",""
"YP8CNLGS","journalArticle","2010","Gómez-Pando, L.R.; Álvarez-Castro, R.; Eguiluz-de la Barra, A.","Effect of salt stress on peruvian germplasm of chenopodium quinoa willd.: A promising crop","Journal of Agronomy and Crop Science","","1439037X (ISSN)","10.1111/j.1439-037X.2010.00429.x","https://www.scopus.com/pages/publications/77956448523?origin=resultslist","Soil salinity is a major problem in today's agriculture. Quinoa has become an important crop because it exhibits high levels of salinity tolerance. In addition, its seeds contain an excellent balance of carbohydrates, lipids, amino acids and proteins for human nutrition. The quinoa germplasm includes almost 2500 accessions, some of which have been tested under salt stress. Here, we report the effect of NaCl on the germination of 182 previously untested accessions. When seeds were irrigated with saline water at 30 dS m-1 EC, the stress appeared to be too high: all accessions showed less than 60 % germination. In contrast, irrigation with 25 dS m-1 EC saline water allowed over 60 % germination in 15 accessions. These latter accessions' agricultural traits were then evaluated. The overall coefficients of variation indicated that quinoa genotype and salt treatment dramatically influence root dry mass per plant, but do not noticeably affect the length of the plant's life cycle. Unexpectedly, salt treatment resulted in increased plant height, leaf dry mass and grain yield. Using Euclidean distance for the simultaneous selection of these five agricultural traits, accessions 100, 136, 127 and 105 proved to be the best performing genotypes under salt stress. © 2010 Blackwell Verlag GmbH.","2010","2026-07-10 21:13:04","2026-07-10 21:13:04","","391-396","","5","196","","J. Agron. Crop. Sci.","","","","","","","","English","","","Scopus","","","","","<p>Export Date: 10 July 2026; Cited By: 76; Correspondence Address: L.R. Gómez-Pando; Cereal Research Program, National Agricultural University La Molina, Lima, Peru; email: luzgomez@lamolina.edu.pe; CODEN: ZAPFA</p>","","","Chenopodium quinoa; crop plant; crop yield; Euclidean distance; Ex vitro performance; genotype; germination; germplasm; irrigation system; nutritive value; Quinoa; salinity; Salinity; salinity tolerance; Simultaneous selection; sodium chloride; soil profile","","","","","","","","","","","","","","","","","","","","","","","","","","","","","","","","","","","","","","","","","","","","","","",""
"F6QUFBCF","journalArticle","2022","Liu, Y.; Liu, J.; Li, L.; Zhang, P.; Wang, Q.; Qin, P.","Transcriptome and Metabolome Combined to Analyze Quinoa Grain Quality Differences of Different Colors Cultivars","International Journal of Molecular Sciences","","16616596 (ISSN)","10.3390/ijms232112883","https://www.scopus.com/pages/publications/85141633500?origin=resultslist","Quinoa (Chenopodium quinoa Wild.) has attracted considerable attention owing to its unique nutritional, economic, and medicinal values. Meanwhile, quinoa germplasm resources and grain colors are rich and diverse. In this study, we analyzed the composition of primary and secondary metabolites and the content of the grains of four different high-yield quinoa cultivars (black, red, white, and yellow) harvested 42 days after flowering. The grains were subjected to ultra-performance liquid chromatography-tandem mass spectrometry (UPLC-MS/MS) and transcriptome sequencing to identify the differentially expressed genes and metabolites. Analysis of candidate genes regulating the metabolic differences among cultivars found that the metabolite profiles differed between white and black quinoa, and that there were also clear differences between red and yellow quinoa. It also revealed significantly altered amino acid, alkaloid, tannin, phenolic acid, and lipid profiles among the four quinoa cultivars. Six common enrichment pathways, including phenylpropane biosynthesis, amino acid biosynthesis, and ABC transporter, were common to metabolites and genes. Moreover, we identified key genes highly correlated with specific metabolites and clarified the relationship between them. Our results provide theoretical and practical references for breeding novel quinoa cultivars with superior quality, yield, and stress tolerance. Furthermore, these findings introduce an original approach of integrating genomics and transcriptomics for screening target genes that regulate the desirable traits of quinoa grain. © 2022 by the authors.","2022","2026-07-10 21:13:04","2026-07-10 21:13:04","","","","21","23","","Int. J. Mol. Sci.","","","","","","MDPI","","English","","","Scopus","","","","","<p>Export Date: 10 July 2026; Cited By: 9; Correspondence Address: P. Qin; College of Agronomy and Biotechnology, Yunnan Agricultural University, Kunming, 650201, China; email: wheat-quinoa@ynau.edu.cn</p>","","","ABC transporter; alkaloid; amino acid; amino acid synthesis; Amino Acids; Article; biosynthesis; Chenopodium quinoa; Chromatography, Liquid; cultivar; differential gene expression; Edible Grain; flower development; food grain; gene control; gene expression; genetic transcription; genetics; genomics; grain; grain difference; grain yield; hydroxybenzoic acid; lipid fingerprinting; liquid chromatography; liquid chromatography-mass spectrometry; metabolism; metabolite; metabolome; Metabolome; nonhuman; phenol derivative; physiological stress; plant breeding; Plant Breeding; propane; quality; quinoa; tandem mass spectrometry; Tandem Mass Spectrometry; tannin; transcriptome; Transcriptome; transcriptome sequencing; transcriptomics","","","","","","","","","","","","","","","","","","","","","","","","","","","","","","","","","","","","","","","","","","","","","","",""
"IUK5PGRX","journalArticle","1990","Fairbanks, D.J.; Burgener, K.W.; Robison, L.R.; Andersen, W.R.; Ballon, E.","Electrophoretic Characterization of Quinoa Seed Proteins","Plant Breeding","","01799541 (ISSN)","10.1111/j.1439-0523.1990.tb00422.x","https://www.scopus.com/pages/publications/84989132626?origin=resultslist","Quinoa (Chenopodium quinoa Willd) is an important domesticated food crop of the Andean highlands with potential as an alternative crop elsewhere. Among its most attractive characteristics are the quantity and favorable amino acid balance of the seed proteins. The objective of this study was to characterize quinoa seed proteins by electrophoretic mobility, solubility fractionation, and genetic variability from a wide genetic base. Electrophoretic profiles of denatured albumin, globulin, prolamin, and glutelin solubility fractions demonstrated that quinoa seed polypeptides could be classified as either albumin or globulin with most predominant polypeptides in the globulin fraction. Insignificant amounts of protein were present in the prolamin fraction and all polypeptides in the glutelin fraction had identical electrophoretic mobilities to albumins and globulins. Three globulin polypeptides of 34.3, 35.6, and 36.2 kilodaltons in size were highly variable within and among the accessions examined and appear to be coded by at least two loci. Two&#8208;dimensional peptide mapping revealed that these three polypeptides were homologous. These highly variable markers could be used for identification and classification of germplasm and elucidation of systematics and genetic variability within the quinoa germplasm pool. All other major polypeptides were electrophoretically invariant among the accessions examined. Copyright © 1990, Wiley Blackwell. All rights reserved","1990","2026-07-10 21:13:04","2026-07-10 21:13:04","","190-195","","3","104","","Plant Breed.","","","","","","","","English","","","Scopus","","","","","<p>Export Date: 10 July 2026; Cited By: 51</p>","","","Chenopodium quinoa; genetic variation; globulins; seed proteins","","","","","","","","","","","","","","","","","","","","","","","","","","","","","","","","","","","","","","","","","","","","","","",""
"79K83TEI","journalArticle","2022","Morillo, A.C.; Manjarres, E.H.; Mora, M.S.","Afrosymetric method for quantifying saponins in Chenopodium Quinoa Willd. from Colombia","Brazilian Journal of Biology","","15196984 (ISSN)","10.1590/1519-6984.262716","https://www.scopus.com/pages/publications/85141525510?origin=resultslist","Quinoa (Chenopodium quinoa Willd.) is a pseudocereal that, in addition to presenting good nutritional characteristics in the grain, has secondary metabolites in the episperm of the seeds and, within them, saponins. Saponins are characterized by being emulsifying, foaming and generating a bitter taste. This metabolite has not been completely studied in quinoa materials from Colombia. For this reason, the objective of this research was to quantify the content of saponins present in quinoa materials from the department of Boyacá using three afrosimetric methods. For this, a completely randomized design (CRD) was implemented with a factorial arrangement of 3 (afrosimetric methods) x 5 (quinoa materials). From the quantification of saponins, it was determined that the Amarilla de maranganí genotype, was the one that presented the highest content in all the evaluated methods; the standard afrosimetric method being the most efficient. Finally, the conglomerate analysis allowed to discriminate the materials in sweet quinoas such as Tunkahuan and Blanca de Jericó with saponin contents lower than 0.06%, and in bitter quinoas (Negra de la Colorada, Dorada and Amarilla de Maranganí) with contents higher than 0.11%. The biochemical characterization of the germplasm will allow a selection of genotypes suitable for consumption and for the industry, given the potential use that saponins currently have. © 2022, Instituto Internacional de Ecologia. All rights reserved.","2022","2026-07-10 21:13:04","2026-07-10 21:13:04","","","","","82","","Braz. J. Biol.","Método afrosimétrico para quantificação de saponinas em Chenopodium Quinoa Willd. da Colômbia","","","","","Instituto Internacional de Ecologia","","English","","","Scopus","","","","","<p>Export Date: 10 July 2026; Cited By: 12; Correspondence Address: A.C. Morillo; Universidad Pedagógica y Tecnológica de Colombia, Facultad de Ciencias Agropecuarias, Grupo Competitividad Innovación y Desarrollo Empresarial – CIDE, Tunja, Boyacá, Colombia; email: ana.morillo@uptc.edu.co</p>","","","Andean crop; biochemical characterization; chemistry; Chenopodium quinoa; Colombia; metabolism; nutritional compounds; plant seed; saponin; Saponins; secondary metabolite; seeds; Seeds","","","","","","","","","","","","","","","","","","","","","","","","","","","","","","","","","","","","","","","","","","","","","","",""
"WG4KQDEL","journalArticle","1998","Ortiz, R.; Ruiz-Tapia, E.N.; Mujica-Sanchez, A.","Sampling strategy for a core collection of peruvian quinoa germplasm","Theoretical and Applied Genetics","","00405752 (ISSN)","10.1007/s001220050764","https://www.scopus.com/pages/publications/0031957681?origin=resultslist","Quinoa (Chenopodium quinoa) is an Andean crop with a high potential for cultivation under temperate agricultural conditions. A new quinoa cultivar for such an environment requires plant characteristics that may be available primarily largely in genetic resources held in gene banks. A core collection may simplify management and enhance the utilisation of quinoa genetic resources. This paper describes the development of a core subset of the whole quinoa gene bank (1029 accessions) of the Universidad Nacional del Altiplano (UNAP). All accessions available in this gene bank have location and altitude descriptors and a partial description for qualitative and quantitative descriptors. The core collection (103 accessions) contains chosen ecotypes or landraces that capture most of the genetic variability available in this Peruvian germplasm. The accessions were selected for the core collection based on a geographically stratified nonoverlapping sampling procedure. The number of accessions that were allocated to the core subset was determined using a proportional method adjusted by the relative importance of the quinoa crop in each geographical cluster as determined by its acreage. The sampling method also considered the morphological diversity within four geographical clusters of at least 100 accessions. The multivariate pattern of morphological variation was defined within each of these clusters by independent principal component analyses. A comparison of phenotypic diversity between the entire collection and its core subset confirmed that the proper sampling strategy for this core collection of Peruvian quinoa germplasm had been applied. The most important phenotypic correlations between quantitative descriptors observed in the entire collection, which may be under the control of co-adapted gene complexes, were also preserved by the core collection. The most comprenhensive quinoa core collection should consider accessions from other gene banks in Bolivia and Ecuador, a few accessions from coastal Chile and wild sympatric cross-compatible Chenopodium species. This core collection will be a point of entry to the proper exploitation of the genetic resources available in respective quinoa gene banks.","1998","2026-07-10 21:13:04","2026-07-10 21:13:04","","475-483","","3-4","96","","Theor. Appl. Genet.","","","","","","","","English","","","Scopus","","","","","<p>Export Date: 10 July 2026; Cited By: 108; Correspondence Address: R. Ortiz; Royal Veterinary/Agric. Univ. KVL, Department of Agricultural Sciences, DK-1871 Frederiksberg C, Copenhagen, 40 Thorvaldsensvej, Denmark; email: ro@kvl.dk; CODEN: THAGA</p>","","","Andes; Bolivia; Chenopodium quinoa; Chile; Co-adapted; cultivar; Ecuador; Gene complexes; genetic diversity; genetic resources; Genetic resources; germplasm; landrace; Peru; phenotype; Phenotypic diversity; plant breeding; quinoa","","","","","","","","","","","","","","","","","","","","","","","","","","","","","","","","","","","","","","","","","","","","","","",""
"XTZ4HTWR","journalArticle","2022","Valverde-Ramos, M.G.; Espitia-Rangel, E.; Miranda-Colín, S.; Benítez-Riquelme, I.","EVALUATION OF QUINOA GERMPLASM IN ENVIRONMENTS OF THE CENTRAL HIGH-VALLEY LANDS OF MEXICO","Agrociencia","","14053195 (ISSN)","10.47163/agrociencia.v56i7.2572","https://www.scopus.com/pages/publications/85149271427?origin=resultslist","Quinoa (Chenopodium quinoa Willd.) is a crop that grows under conditions of environmental stress, has high nutritional value, and agronomic potential. It is grown and marketed on a small scale in Mexico. However, there are no varieties or technology for its production. The objective of this research was to determine the performance of quinoa germplasm in the Central high-valley lands of Mexico. Sixteen genotypes of different origins and characteristics were evaluated in three environments in the localities of Nanacamilpa, Tlaxcala; and Santa Lucía de Prías, Texcoco, State of Mexico. Statistical differences (p &#8804; 0.05) were found for genotypes. Late genotypes Suyana, Suma, Pata de Venado, Blanca Ayacucho, and Huauzontle showed higher grain yield (4004.9, 3888.3, 3091.1, 2999.7, and 2967.2 kg ha-1, respectively). Among the intermediate genotypes, Tokio rosa and Pasankalla reventona were the better with 2858.4 and 2118.4 kg ha-1, respectively. Whereas among the early genotypes, Tarpuna had the highest grain yield (3005.8 kg ha-1). Regarding seed diameter, only Huauzontle and Quinoa negra had a seed size equal to or smaller than 1.8 mm; the rest of the genotypes can be marketed as grains because of their seed size. Of the environments evaluated, the least favourable was Nanacamilpa 2019, while Santa Lucía de Prías 2019 was the most favourable environment. Overall, the performance of the evaluated genotypes was as expected, as they mostly come from the Inter-Andean Valleys region, which are very similar in altitude and temperature to the Central high-valley lands of Mexico © This work is licensed under a Creative Commons Attribution-Non-Commercial 4.0 International license","2022","2026-07-10 21:13:04","2026-07-10 21:13:04","","1254-1265","","7","56","","Agrociencia","","","","","","Colegio de Postgraduados","","English","","","Scopus","","","","","<p>Export Date: 10 July 2026; Cited By: 1; Correspondence Address: I. Benítez-Riquelme; Colegio de Postgraduados Campus Montecillo, Montecillo, Texcoco, State of Mexico, Carretera México-Texcoco km 36.5, C. P. 56264, Mexico; email: riquelme@colpos.mx</p>","","","adaptation; Chenopodium quinoa; grain size; varieties; yields","","","","","","","","","","","","","","","","","","","","","","","","","","","","","","","","","","","","","","","","","","","","","","",""
"TS25MXBQ","journalArticle","2018","Madrid, D.; Salgado, E.; Verdugo, G.; Olguín, P.; Bilalis, D.; Fuentes, F.","Morphological traits defining breeding criteria for coastal quinoa in Chile","Notulae Botanicae Horti Agrobotanici Cluj-Napoca","","0255965X (ISSN)","10.15835/nbha46110788","https://www.scopus.com/pages/publications/85047660603?origin=resultslist","Coastal/lowland quinoa ecotype is an important source of germplasm due to its cultivation in cold-temperate and high latitude areas. However, the interaction of its morphological traits and yields to define breeding criteria is unknown. The present study was designed to characterize the phenotypic diversity of twelve coastal/lowland quinoas using sixteen standardized morphological descriptors under rainfed conditions in central Chile. Complementary analysis of uni- and multivariate tools allowed a fuller understanding of interrelationships within quinoa germplasm. Through the analysis of frequency distribution, it was possible to determine that genotypes were characterized by plants having low height and medium grain yield. Cluster analysis revealed that plant morphological variables were independently grouped from grain yield components. Additionally, principal component analysis (PCA, 74.8% of total variation data), revealed the existence of three outstanding genotypes (QC01, QC02 and QC05) that were distantly located from the average dispersion of entire germplasm collection. These genotypes were associated with grain yield components, allowing the identification of two groups of high yield (VI and VII), which yielded 3337.7 and 3052.0 kg ha-1, respectively. The data set presented in this study is the first report of coastal/lowland quinoas assessed in central Chile and could assist the development of breeding programmes in cold-temperate areas having similar agro-climatic conditions. © 2018 Academic Press.","2018","2026-07-10 21:13:04","2026-07-10 21:13:04","","190-196","","1","46","","Not. Bot. Horti Agrobot. Cluj-Napoca","","","","","","Academic Press","","English","","","Scopus","","","","","<p>Export Date: 10 July 2026; Cited By: 16; Correspondence Address: F. Fuentes; Pontificia Universidad Católica de Chile, Facultad de Agronomía e Ingeniería Forestal, Casilla, Santiago, Av. Vicuña Mackenna 4860, Macul., 306-22, Chile; email: frfuentesc@uc.cl</p>","","","Chenopodium quinoa; Grain yield; Landrace; Multivariate analysis; Rainfed","","","","","","","","","","","","","","","","","","","","","","","","","","","","","","","","","","","","","","","","","","","","","","",""
"DKHNBJM4","journalArticle","2007","Bhargava, A.; Shukla, S.; Rajan, S.; Ohri, D.","Genetic diversity for morphological and quality traits in quinoa (Chenopodium quinoa Willd.) germplasm","Genetic Resources and Crop Evolution","","09259864 (ISSN)","10.1007/s10722-005-3011-0","https://www.scopus.com/pages/publications/33846295942?origin=resultslist","Twenty nine germplasm lines of Chenopodium quinoa and two of Chenopodium berlandieri subsp. nuttalliae were evaluated for 12 morphological and 7 quality traits for two test seasons. The 19 traits were analyzed for cluster and principal component analysis. The first four PCs contributed 78.70 % of the variability among the germplasm lines. The first PC accounted for 39.5% of the variation and had inflorescence/plant, plant height and stem diameter as the traits with largest coefficients, all with positive sign. The characters with greatest positive weight on PC2 were days to maturity (0.309), inflorescence length (0.260) and branches/plant. All the germplasm lines were grouped into six clusters based on average linkage method. Cluster III had high values for seed yield and most of the quality traits but showed a small seed size. The dendrogram separated the two lines of C. berlandieri subsp. nuttalliae from the quinoa lines. © 2006 Springer.","2007","2026-07-10 21:13:04","2026-07-10 21:13:04","","167-173","","1","54","","Genet. Resour. Crop. Evol.","","","","","","","","English","","","Scopus","","","","","<p>Export Date: 10 July 2026; Cited By: 76; Correspondence Address: S. Shukla; Division of Genetics and Plant Breeding, National Botanical Research Institute, Lucknow, India; email: s_shukla31@rediffmail.com; CODEN: GRCEE</p>","","","Acer pensylvanicum; Chenopodium berlandieri; Chenopodium quinoa; cluster analysis; Genetic diversity; genetic variation; germplasm; herb; morphology; Multivariate analysis; principal component analysis; Principal component analysis; seed size","","","","","","","","","","","","","","","","","","","","","","","","","","","","","","","","","","","","","","","","","","","","","","",""
"4CPNZEAQ","journalArticle","2022","Wang, C.; Yang, F.-R.; Li, M.-Q.; Lu, J.-Y.; Wei, Y.-M.; Zhao, G.-Q.","Identification and Evaluation of Downy Mildew (Peronospora variabilis) Resistance in Quinoa (Chenopodium quinoa) Germplasm Resources","Acta Agrestia Sinica","","10070435 (ISSN)","10.11733/j.issn.1007-0435.2022.10.012","https://www.scopus.com/pages/publications/85174342387?origin=resultslist","In order to explore the resistance level of downy mildew of quinoa germplasm resources under local environmental conditions, the downy mildew resistance of 50 quinoa germplasm resources was identified and evaluated, by adopted natural infection and indoor inoculation of the detached leaves. The results showed that there existed great variations in the infection degree of P. variabilis (Disease incidence 13. 30%~100. 00%; Disease index 1. 00-—100. 00) and significant differences in the resistance degree of downy mildew among quinoa germplasms. We respectively screened one highly resistant material 'Taiwan red quinoa', which accounted for 2. 00% of the tested materials;One resistant material 'QA064', accounted for 2. 00%; Two moderately resistant materials 'LongliNo.2' and ' HL-Q5 ', accounted for 4. 00%; Three susceptible materials ' QA045 ', 'QA050-2' and ' Qinghai-02', accounted for 6. 00%; The remaining 43 materials showed highly susceptible, accounted for 86. 00%. It was first discovered that 'Taiwan red quinoa' could be infected by quinoa downy mildew and showed high resistance. It was further confirmed that the resistance identifications of quinoa downy mildew in the field were better to adopt ""Three-leaf method"" in the full flowering stage of quinoa. In comparison, indoor identification technology of the detached leaves has more advantages for researchers to study quinoa downy mildew and characterize germplasm for resistance, which should be the first choice in resistance identification. © 2022 Authors. All rights reserved.","2022","2026-07-10 21:13:04","2026-07-10 21:13:04","","2626-2634","","10","30","","Acta. Agrestia. Sin.","&#34268;&#40614;&#31181;&#36136;&#36164;&#28304;&#23545;&#38684;&#38665;&#30149;&#30340;&#25239;&#24615;&#37492;&#23450;&#19982;&#35780;&#20215;","","","","","China Agricultural University","","Chinese","","","Scopus","","","","","<p>Export Date: 10 July 2026; Cited By: 2; Correspondence Address: G.-Q. Zhao; College of Pratacultural Science, Gansu Agricultural University, Lanzhou, Gansu Province, 730070, China; email: zhaogq@gsau.edu.cn</p>","","","Downy mildew; Germplasm resources; Quinoa; Resistance","","","","","","","","","","","","","","","","","","","","","","","","","","","","","","","","","","","","","","","","","","","","","","",""
"5MMZRNKA","journalArticle","2022","Morillo-Coronado, A.C.; Manjarres-Hernández, E.H.; Pedreros-Benavides, M.C.","Genetic diversity of quinoa (Chenopodium quinoa Willd.) from Cundinamarca, Colombia","Plant Genetic Resources: Characterisation and Utilisation","","14792621 (ISSN)","10.1017/S1479262123000060","https://www.scopus.com/pages/publications/105025225394?origin=resultslist","Chenopodium quinoa W. is a species of South America with an exceptional nutritional content and wide agroclimatological adaptation. It has great genetic and phenotypic variability, however in Colombia there are few genetic improvement programmes that take advantage of its great genetic and productive potential. In Cundinamarca there are some adapted genotypes which have been selected by farmers. We evaluated 36 genotypes of Blanca de Jericó, Blanca Subachoque, Aurora, Púrpura and Tunkahuan from Cundinamarca, using eight ISSR markers. The analysis by the coefficient of Nei-Li at the level of similarity of 0.40 divided the population into three groups according their background genetic and the colour of oxalates. The percentage of polymorphic loci was higher than 90%. The average value of heterozygosity was 0.32, which is low given the selection processes that the evaluated germplasm has undergone. We found moderate genetic differentiation (Fst = 0.23). The analysis of molecular variance (AMOVA) showed higher variation (77%) groups than among groups (23%). The results revealed intra-population diversity, which suggests that farmers within their farms should undergo a more rigorous seed selection process. Our results demonstrate that ISSR markers are useful and powerful to assess the genetic relationships, polymorphism and genetic diversity of quinoa cultivars. The genetic characterization results reported in the present study will be promising for guiding the breeding of quinoa seed quality in Colombia. © The Author(s), 2023.","2022","2026-07-10 21:13:04","2026-07-10 21:13:04","","223-229","","3","20","","Plant Genet. Resour. Charact. Util.","","","","","","Cambridge University Press","","English","","","Scopus","","","","","<p>Export Date: 10 July 2026; Cited By: 2; Correspondence Address: A.C. Morillo-Coronado; Facultad de Ciencias Agropecuarias, Programa Ingeniería Agronómica, Universidad Pedagógica y Tecnológica de Colombia, Boyacá, Avenida Central del Norte No39-115, Tunja, CP 150001, Colombia; email: ana.morillo@uptc.edu.co</p>","","","Genetic diversity; germplasm; molecular markers; plant breeding","","","","","","","","","","","","","","","","","","","","","","","","","","","","","","","","","","","","","","","","","","","","","","",""
"7RKFR4HM","journalArticle","2019","Romero, M.; Mujica, A.; Pineda, E.; Ccamapaza, Y.; Zavalla, N.","Genetic identity based on simple sequence repeat (Ssr) markers for quinoa (chenopodium quinoa willd.)","Ciencia e Investigacion Agraria","","03045609 (ISSN)","10.7764/rcia.v46i2.2144","https://www.scopus.com/pages/publications/85073526739?origin=resultslist","Molecular markers based on simple sequence repeats (SSRs) constitute a highly effective instrument in the identification of quinoa genotypes (Chenopodium quinoa), and they are very useful in the management and conservation of germplasm banks. The present study was carried out in the Molecular Biology Laboratories of the Megalaboratory of the National University of the Altiplano and the National Agrarian University la Molina. With the objective of determining a minimum group of highly informative initiators for the cultivation of quinoa to study and identify the obtained alleles and implementing and incorporating this technology into research of genetic identity, the molecular analysis of nine loci located by microsatellite markers (SSRs) was performed on a sample of 26 varieties of quinoa: Ayrampo, Amarilla de Marangani, Choclito, Chullpi, Huariponcho, Pandela, Sajama, Witulla, Kcancolla, Negra Collana, Salcedo, Pasankalla, Blanca de Juli, and Chenopodium petiolare from the CIP-Camacani and Blanca de Juli, Kcancolla, Negra Collana, Pasankalla, Altiplano, Illpa INIA, Salcedo, Ayara Blanca de Juli, Ayara Blanca de Arequipa, Ayara Cancolla, Ayara Pasankalla, and Ayara Salcedo from the INIA. Genomic DNA was extracted by PCR (GeneJET Plant Genomic DNA Purification), and 20 microsatellite regions were amplified. The amplified fragments were loaded on polyacrylamide gels to determine their size in base pairs, of which only nine showed products with reading quality (QCA012, QCA015, QCA021, QCA029, QCA034, QCA040, QCA053, QCA055 and QCA067). The fragments were evaluated for their allelic richness, heterozygosity (H) and polymorphic information content (PIC). The data were processed with Gen Alex software ver. 3.5 A total of 67 alleles were detected among the different regions analyzed, with an average of 7 alleles for loci ranging from 142 to 240 bp and an effective number of alleles (ENA) of 5.36. The mean heterozygosity was 0.80, and the mean Polymorphic Information Content (PIC) was 0.81. The markers were highly polymorphic; therefore, the most informative SSR primers in the present study would be made up of three markers with PIC, QCA053 (0.87), QCA015 (0.86) and QCA034 (0.86), for determining the genetic identity of Chenopodium quinoa Willd. These markers can be easily interpreted and are useful for the molecular characterization of quinoa varieties. Analysis of the hierarchical clusters using UPGMA (Unweighted Pair Group Method) clustering identified 5 groups at a similarity coefficient of 0.77 among the quinoa varieties studied in this research. © 2019, Pontificia Universidad Catolica de Chile, Facultad de Agronomia e Ingenieria Forestal. All rights reserved.","2019","2026-07-10 21:13:04","2026-07-10 21:13:04","","166-178","","2","46","","Cienc. Invest. Agrar.","Identidad genética basada en marcadores de repetición de secuencia simple (Ssr) para quinua (chenopodium quinoa willd.).","","","","","Pontificia Universidad Catolica de Chile, Facultad de Agronomia e Ingenieria Forestal","","English","","","Scopus","","","","","<p>Export Date: 10 July 2026; Cited By: 20; Correspondence Address: M. Romero; Universidad Nacional del Altiplano, Escuela Profesional de Biología, Puno, Peru; email: marirdg7@hotmail.com</p>","","","Chenopodium quinoa; Marker; Molecular genetics; Polymorphism","","","","","","","","","","","","","","","","","","","","","","","","","","","","","","","","","","","","","","","","","","","","","","",""
"6Z3A9JAK","journalArticle","2025","Velasco, L.; Matías, J.; Cruz, V.; Fondevilla, S.","Genetic and environmental influences on fatty acid and tocopherol diversity in quinoa germplasm","Frontiers in Plant Science","","1664462X (ISSN)","10.3389/fpls.2025.1541895","https://www.scopus.com/pages/publications/105007003966?origin=resultslist","Introduction: Quinoa (Chenopodium quinoa Willd.) is a food crop highly valued for being nutritious and health-promoting. As quinoa grains contain more oil than cereals, the fatty acid profile is an important nutritional criterion. The tocopherol family, with vitamin E and anti-inflammatory properties, are also relevant compounds for the nutritional quality of quinoa. Currently, information on the genetic diversity of these compounds in quinoa germplasm is limited. Methods: Fatty acid and tocopherol contents and profiles were analyzed, using gas chromatography and HPLC, respectively, in the seeds of 126 quinoa accessions from diverse origins grown in two locations in Spain in 2021 and 2022, following a completely randomised block design with three replications. Results: The germplasm exhibited a wide diversity for all the traits analysed, showing contrasting contents and profiles of fatty acids and tocopherols. Considering the data averaged over the four environments, particularly relevant variation was observed for total fatty acid, from 1.0 to 4.4% of grain weight; oleic acid, from 13.4 to 32.3% of total fatty acids; linoleic acid, from 48.0 to 67.4%; linolenic acid, from 1.8 to 8.4%; tocopherol content, from 22.3 to 121.6 mg kg-1 grain; &#945;-tocopherol, from 24.6 to 81.4% of the total tocopherols; and &#947;-tocopherol, from, 18.6 to 75.4%. Broad-sense heritability (H2) was found to be high for linolenic acid content (0.86) and the concentrations of &#945;- and &#947;-tocopherol (0.84). For most of the other traits, H2 ranged from 0.65 to 0.77. Principal component analysis successfully separated highland accessions from Bolivia and Peru and lowland accessions from Chile and the USA. Discussion: The existence of wide genetic diversity for grain oil content, fatty acid profile, and tocopherol content and profile in quinoa germplasm, together with the medium to high heritability of these traits, suggests the feasibility of improving these characters through breeding. Copyright © 2025 Velasco, Matías, Cruz and Fondevilla.","2025","2026-07-10 21:13:04","2026-07-10 21:13:04","","","","","16","","Front. Plant Sci.","","","","","","Frontiers Media SA","","English","","","Scopus","","","","","<p>Export Date: 10 July 2026; Cited By: 2; Correspondence Address: L. Velasco; Departamento de Mejora Genética Vegetal, Instituto de Agricultura Sostenible – Consejo Superior de Investigaciones Científicas (IAS-CSIC), Córdoba, Spain; email: lvelasco@ias.csic.es</p>","","","fatty acid profile; genetic diversity; geographic diversity; heritability estimates; oil content; quinoa breeding; tocopherols","","","","","","","","","","","","","","","","","","","","","","","","","","","","","","","","","","","","","","","","","","","","","","",""
"YR8KQUVA","journalArticle","2024","Cueva-Flores, L.; Gutierrez-Rosales, R.; Zeballos, O.; Condori-Apfata, J.; Lipa-Mamani, L.; Macedo-Valdivia, D.; Gomez-Pando, L.; Zhang, C.; Jellen, E.N.; Mayta Anco, M.E.","Effects of salt stress on tolerant accessions of quinoa at the morphological and metabolic levels","Chilean Journal of Agricultural Research","","07185820 (ISSN)","10.4067/S0718-58392024000100056","https://www.scopus.com/pages/publications/85185696134?origin=resultslist","Quinoa (Chenopodium quinoa Willd.) is a facultative halophyte recognized for its genetic variability and high tolerance to salinity. The objective of this study was to evaluate the effect of NaCl on three accessions of quinoa from the Camacani germplasm bank of the National University of the Altiplano, Perú, at three NaCl concentrations (0, 200 and 400 mM) under greenhouse conditions. Four morphological variables (plant height, root length, percentage of root DM, and aerial DM), as well as seven metabolic variables (chlorophyll, proline, phenols, flavonoids, saponins, amino acids and proteins content by spectrophotometric analysis) and electrolyte leakage (EL) in leaves were analyzed. Increasing NaCl exposure was positively correlated with increases in EL, proline, and saponin, while negatively correlated with leaf protein content. In accession PECQ 20037, for example, foliar protein content varied from 18.7% at 0 mM NaCl to 10.57% at 400 mM NaCl. The results indicated that accessions PECQ 20037 and Negra Oruro tolerated the 400 mM NaCl concentration better than Sajama. © 2023 by the authors.","2024","2026-07-10 21:13:04","2026-07-10 21:13:04","","56-69","","1","84","","Chil. J. Agric. Res.","","","","","","Instituto de Investigaciones Agropecuarias, INIA","","English","","","Scopus","","","","","<p>Export Date: 10 July 2026; Cited By: 7; Correspondence Address: M.E. Mayta Anco; Universidad Nacional de San Agustín, Facultad de Agronomía, Arequipa, 04001, Peru; email: mmaytaan@unsa.edu.pe</p>","","","Chenopodium quinoa; metabolic variables; morphological variables; NaCl","","","","","","","","","","","","","","","","","","","","","","","","","","","","","","","","","","","","","","","","","","","","","","",""
"J2GGLLZG","journalArticle","2016","De Santis, G.; D'Ambrosio, T.; Rinaldi, M.; Rascio, A.","Heritabilities of morphological and quality traits and interrelationships with yield in quinoa (Chenopodium quinoa Willd.) genotypes in the Mediterranean environment","Journal of Cereal Science","","07335210 (ISSN)","10.1016/j.jcs.2016.06.003","https://www.scopus.com/pages/publications/84975488130?origin=resultslist","Twenty-five germplasm lines of Chenopodium quinoa, four of Chenopodium giganteum and one of Chenopodium berlandieri subsp. nuttalliae from different origins were evaluated for seed yield and morphological and quality traits in the southern Italy environment over a 2-year period. The aim was to select superior genotypes for production and quality traits that are well adapted to the Mediterranean climate. Significant variations were seen for all of the traits among these genotypes. Seed yield ranged from 0.11 t ha-1 to 3.05 t ha-1, with higher yields for 10 Chilean lines. Seed protein ranged from 15.8% to 19.8%, and total dietary fibre ranged from 9.4% to 21.3%. Seed yellow pigment concentration ranged from 10 &#956;g g-1 to 18 &#956;g g-1. Heritability estimates were relatively high for almost all of the traits considered, although the highest heritability was obtained for seed insoluble dietary fibre (0.94) and yellow pigment concentration (0.92). All of the morphological traits except 'days to flowering' and 'days to maturity' showed significant positive associations with seed yield, while the quality traits were negatively correlated with seed yield. The results indicate the superior genotypes that can be used directly as parents in future selection programmes for the development of high-yielding varieties that are well adapted to the Mediterranean environment. © 2016.","2016","2026-07-10 21:13:04","2026-07-10 21:13:04","","177-185","","","70","","J. Cereal Sci.","","","","","","Academic Press","","English","","","Scopus","","","","","<p>Export Date: 10 July 2026; Cited By: 42; Correspondence Address: G. De Santis; Council for Agricultural and Economic Research, Cereal Research Centre (CREA-CER), Foggia, S.S. 673, Km 25.200, 71122, Italy; email: giuditta.desantis@crea.gov.it; CODEN: JCSCD</p>","","","Heritability; Morphology; Quality; Quinoa seed yield","","","","","","","","","","","","","","","","","","","","","","","","","","","","","","","","","","","","","","","","","","","","","","",""
"DX6XSZNS","journalArticle","2022","Coronado, A.C.M.; Hernández, E.H.M.; Coronado, Y.M.","Phenotypic diversity of agromorphological characteristics of quinoa (Chenopodium quinoa willd.) germplasm in colombia","Scientia Agricola","","01039016 (ISSN)","10.1590/1678-992X-2021-0017","https://www.scopus.com/pages/publications/85111623660?origin=resultslist","Chenopodium quinoa Willd. is an Andean crop with great nutritional value, economic potential, and a broad genetic and phenotypic diversity with adaptation to different conditions. In Colombia, C. quinoa is cultivated mainly in Cundinamarca, Nariño and Boyacá, where studies have been conducted to characterize the germplasm and lack of seed materials, some challenges for the quinoa crop. This work assessed agromorphological characteristics of 50 quinoa genotypes from the germplasm collection of Boyacá the using a completely randomized design on the farm in Tunja. The multivariate analysis followed by a clustering approach were conducted on agromorphological descriptors, in which 16 were qualitative descriptors (e.g, panicle shape, episperm color, leaf shape) and five quantitative descriptors (e.g, plant height, panicle number). The results showed that higher coefficients of variation were found in characteristics associated to yield. The principal component analysis (PCA) of the quantitative variables showed that the first two components explained 88 % of the total variation with the characteristics of plant height, length, diameter, and panicle number showing the highest variability. The quantitative characteristic clusters comprised length and diameter panicle, weight 1,000 seeds, and plant height, while the qualitative characteristic clusters comprised stem shape, branching habit, panicle shape, and color of the axils. The factorial analysis of mixed data discriminated the materials with outstanding morphoagronomic characteristics. Agromorphological characterization revealed a broad variability, which should be conserved and used in genetic improvement programs of C. quinoa. © 2022, University of Sao Paolo. All rights reserved.","2022","2026-07-10 21:13:04","2026-07-10 21:13:04","","","","4","79","","Sci. Agric.","","","","","","University of Sao Paolo","","English","","","Scopus","","","","","<p>Export Date: 10 July 2026; Cited By: 20; Correspondence Address: A.C.M. Coronado; Universidad Pedagógica y Tecnológica de Colombia, Facultad de Ciencias Agropecuarias, Tunja, Avenida Central Norte #, 39-115, Colombia; email: ana.morillo@uptc.edu.co</p>","","","Andean cultivation; Genetic diversity; Phenotypic variability; Yield","","","","","","","","","","","","","","","","","","","","","","","","","","","","","","","","","","","","","","","","","","","","","","",""
"BLQITKK8","journalArticle","2022","Asif, A.; Khan, S.; Asif, B.; Ibrar, D.; Hasnain, Z.; Ismail, M.S.; Rizwan, M.; Ullah, S.; Bashir, S.; Rais, A.; Irshad, S.; Abbas, T.; Farooq, N.; Alkahtani, J.; Elshikh, M.S.","Preliminary Study on Growth and Yield Potential of Ten Elite Lines of Quinoa (Chenopodium quinoa) Cultivated under Varying Sowing Dates","Plants","","22237747 (ISSN)","10.3390/plants11162116","https://www.scopus.com/pages/publications/85137339780?origin=resultslist","Optimization of agronomic practices for cultivation of quinoa, a super food and climate resilient crop, is critical to obtain its maximum grain yield under the current scenario of climate change. In the present experimentation, we evaluated the appropriate sowing time of ten elite lines of quinoa, already screened from USDA germplasm. Seeds of each line were sown in the experimental area at Square No. 22, Block No. 5, Directorate of Farm, University of Agriculture, Faisalabad, Pakistan on 15 November, 30 November and 15 December during quinoa cultivation season of 2019–2020. Sowing time significantly affected the emergence percentage, days taken to anthesis, chlorophyll contents, sodium and potassium concentrations in leaf, plant height, stem diameter, number of leaves and leaf area, panicle length, grain yield and 1000-grain weight. Lines; PIA-922, PIA-924, PIA-928 and PIA-929 performed better under first sowing and produced higher grain yield as compared to other lines. Similarly, PIA-921, PIA-922, PIA-925 and PIA-932 produced maximum biomass and grain yield under second sowing date while in case of third sowing date, PIA-926, PIA-928, PIA-930 and PIA-931 were observed more responsive regarding growth and yield attributes. A diversified pattern of agronomic, growth and yield contributing attributes of quinoa lines was observed when cultivated under varying sowing dates. The collected data will be very informative for the breeders and agronomists during selection and variety development process in future. © 2022 by the authors.","2022","2026-07-10 21:13:04","2026-07-10 21:13:04","","","","16","11","","Plants","","","","","","MDPI","","English","","","Scopus","","","","","<p>Export Date: 10 July 2026; Cited By: 7; Correspondence Address: S. Khan; National Agricultural Research Centre, Islamabad, 45500, Pakistan; email: shahbaz2255@gmail.com; Z. Hasnain; Department of Agronomy, PMA-Shah Arid Agriculture University, Rawalpindi, 46000, Pakistan; email: zuhair@uaar.edu.pk</p>","","","germplasm; growth; quinoa; sowing dates; yield","","","","","","","","","","","","","","","","","","","","","","","","","","","","","","","","","","","","","","","","","","","","","","",""
"9MC75JRM","journalArticle","2023","Craine, E.B.; Davies, A.; Packer, D.; Miller, N.D.; Schmöckel, S.M.; Spalding, E.P.; Tester, M.; Murphy, K.M.","A comprehensive characterization of agronomic and end-use quality phenotypes across a quinoa world core collection","Frontiers in Plant Science","","1664462X (ISSN)","10.3389/fpls.2023.1101547","https://www.scopus.com/pages/publications/85149561823?origin=resultslist","Quinoa (Chenopodium quinoa Willd.), a pseudocereal with high protein quality originating from the Andean region of South America, has broad genetic variation and adaptability to diverse agroecological conditions, contributing to the potential to serve as a global keystone protein crop in a changing climate. However, the germplasm resources currently available to facilitate quinoa expansion worldwide are restricted to a small portion of quinoa’s total genetic diversity, in part because of day-length sensitivity and issues related to seed sovereignty. This study aimed to characterize phenotypic relationships and variation within a quinoa world core collection. The 360 accessions were planted in a randomized complete block design with four replicates in each of two greenhouses in Pullman, WA during the summer of 2018. Phenological stages, plant height, and inflorescence characteristics were recorded. Seed yield, composition, thousand seed weight, nutritional composition, shape, size, and color were measured using a high-throughput phenotyping pipeline. Considerable variation existed among the germplasm. Crude protein content ranged from 11.24% to 17.81% (fixed at 14% moisture). We found that protein content was negatively correlated with yield and positively correlated with total amino acid content and days to harvest. Mean essential amino acids values met adult daily requirements but not leucine and lysine infant requirements. Yield was positively correlated with thousand seed weight and seed area, and negatively correlated with ash content and days to harvest. The accessions clustered into four groups, with one-group representing useful accessions for long-day breeding programs. The results of this study establish a practical resource for plant breeders to leverage as they strategically develop germplasm in support of the global expansion of quinoa. Copyright © 2023 Craine, Davies, Packer, Miller, Schmöckel, Spalding, Tester and Murphy.","2023","2026-07-10 21:13:04","2026-07-10 21:13:04","","","","","14","","Front. Plant Sci.","","","","","","Frontiers Media S.A.","","English","","","Scopus","","","","","<p>Export Date: 10 July 2026; Cited By: 29; Correspondence Address: K.M. Murphy; Department of Chemistry, University of Wyoming, Laramie, United States; email: kmurphy2@wsu.edu</p>","","","amino acids; high-throughput phenotyping; plant breeding; protein; quinoa","","","","","","","","","","","","","","","","","","","","","","","","","","","","","","","","","","","","","","","","","","","","","","",""
"YUZWW6JC","journalArticle","2009","Fuentes, F.F.; Martinez, E.A.; Hinrichsen, P.V.; Jellen, E.N.; Maughan, P.J.","Assessment of genetic diversity patterns in Chilean quinoa (Chenopodium quinoa Willd.) germplasm using multiplex fluorescent microsatellite markers","Conservation Genetics","","15729737 (ISSN)","10.1007/s10592-008-9604-3","https://www.scopus.com/pages/publications/67349199942?origin=resultslist","Quinoa (Chenopodium quinoa Willd.) is a staple seed crop in the Andean region of South America. Improving quinoa productivity is a primary food-security issue for this region, and has been part of the impetus for the establishment of several new quinoa breeding programs throughout the Andean region. Chilean quinoa has been characterized as morphologically diverse and bifurcated into coastal and highland ecotypes. The success of emerging breeding programs will rely heavily on the development of core germplasm collections and germplasm evaluation-especially of the coastal quinoa ecotypes that are often neglected in traditional breeding programs. Thus, the objective of this study was to characterize and quantify the genetic diversity within 28 Altiplano and 31 coastal Chilean accessions of quinoa using microsatellite markers. To facilitate the analysis, we also report the development of seven sets of fluorescent multiplexed microsatellite PCR reactions that result in genetic information for 20 highly polymorphic microsatellite loci. A total of 150 alleles were detected among the quinoa accession, ranging from 2 to 20 alleles per locus and an average 7.5 allele/locus. Both cluster (UPGMA) and principal component analyses separated the accessions into two discrete groups. The first group contained quinoa accessions from the north (Andean highlands) and the second group consisted of accessions from the south (lowland or coastal). Three accessions from Europe were classified into the southern quinoa group. The data obtained in the diversity analyses highlights the relationships within and among northern and southern Chilean quinoa accessions and provides the quinoa scientific community with a new set of easy to use and highly informative genetic markers. © 2008 Springer Science+Business Media B.V.","2009","2026-07-10 21:13:04","2026-07-10 21:13:04","","369-377","","2","10","","Conserv. Genet.","","","","","","","","English","","","Scopus","","","","","<p>Export Date: 10 July 2026; Cited By: 103; Correspondence Address: F. F. Fuentes; Departamento de Agricultura Del Desierto, Universidad Arturo Prat, Iquique, Casilla 121, Chile; email: francfue@unap.cl; CODEN: CGOEA</p>","","","Andes; Chenopodium quinoa; cluster analysis; Coastal quinoa; ecotype; food security; Genetic diversity; genetic marker; germplasm; herb; Highland quinoa; morphology; Multiplex fluorescent SSR; plant breeding; polymerase chain reaction; population genetics; principal component analysis; South America; wild population","","","","","","","","","","","","","","","","","","","","","","","","","","","","","","","","","","","","","","","","","","","","","","",""
"3IF82P6Y","journalArticle","2017","Zhang, T.; Gu, M.; Liu, Y.; Lv, Y.; Zhou, L.; Lu, H.; Liang, S.; Bao, H.; Zhao, H.","Development of novel InDel markers and genetic diversity in Chenopodium quinoa through whole-genome re-sequencing","BMC Genomics","","14712164 (ISSN)","10.1186/s12864-017-4093-8","https://www.scopus.com/pages/publications/85028730142?origin=resultslist","Background: Quinoa (Chenopodium quinoa Willd.) is a balanced nutritional crop, but its breeding improvement has been limited by the lack of information on its genetics and genomics. Therefore, it is necessary to obtain knowledge on genomic variation, population structure, and genetic diversity and to develop novel Insertion/Deletion (InDel) markers for quinoa by whole-genome re-sequencing. Results: We re-sequenced 11 quinoa accessions and obtained a coverage depth between approximately 7× to 23× the quinoa genome. Based on the 1453-megabase (Mb) assembly from the reference accession Riobamba, 8,441,022 filtered bi-allelic single nucleotide polymorphisms (SNPs) and 842,783 filtered InDels were identified, with an estimated SNP and InDel density of 5.81 and 0.58 per kilobase (kb). From the genomic InDel variations, 85 dimorphic InDel markers were newly developed and validated. Together with the 62 simple sequence repeat (SSR) markers reported, a total of 147 markers were used for genotyping the 129 quinoa accessions. Molecular grouping analysis showed classification into two major groups, the Andean highland (composed of the northern and southern highland subgroups) and Chilean coastal, based on combined STRUCTURE, phylogenetic tree and PCA (Principle Component Analysis) analyses. Further analysis of the genetic diversity exhibited a decreasing tendency from the Chilean coast group to the Andean highland group, and the gene flow between subgroups was more frequent than that between the two subgroups and the Chilean coastal group. The majority of the variations (approximately 70%) were found through an analysis of molecular variation (AMOVA) due to the diversity between the groups. This was congruent with the observation of a highly significant FST value (0.705) between the groups, demonstrating significant genetic differentiation between the Andean highland type of quinoa and the Chilean coastal type. Moreover, a core set of 16 quinoa germplasms that capture all 362 alleles was selected using a simulated annealing method. Conclusions: The large number of SNPs and InDels identified in this study demonstrated that the quinoa genome is enriched with genomic variations. Genetic population structure, genetic core germplasms and dimorphic InDel markers are useful resources for genetic analysis and quinoa breeding. © 2017 The Author(s).","2017","2026-07-10 21:13:04","2026-07-10 21:13:04","","","","1","18","","BMC Genomics","","","","","","BioMed Central Ltd.","","English","","","Scopus","","","","","<p>Export Date: 10 July 2026; Cited By: 55; Correspondence Address: H. Zhao; Jiangsu Academy of Agricultural Sciences, Provincial Key Laboratory of Agrobiology, Institute of Crop Germplasm and Biotechnology, Nanjing, Jiangsu, 210014, China; email: zhaohan@jaas.ac.cn; CODEN: BGMEE</p>","C:\Users\ceigras\Zotero\storage\PLWRMEPV\Ycon.ris","","allele; breeding; Chenopodium quinoa; classification; controlled study; Core germplasm; gene flow; genetic analysis; Genetic diversity; genetic marker; Genetic Markers; genetic variability; genetics; genome; genotype; Genotype; germplasm; human; InDel; indel mutation; INDEL Mutation; nonhuman; phylogenetic tree; phylogeny; Phylogeny; population structure; Population structure; Quinoa; seashore; simple sequence repeat; simulation; single nucleotide polymorphism; SNP; whole genome sequencing; Whole Genome Sequencing","","","","","","","","","","","","","","","","","","","","","","","","","","","","","","","","","","","","","","","","","","","","","","",""
"NJCGD5UY","journalArticle","2024","Prajapat, K.; Sanwal, S.K.; Sharma, P.C.","Screening of quinoa (Chenopodium quinoa Willd.) germplasms under high-SAR saline water on the basis of growth, yield, and multivariate analysis","Journal of Biosciences","","02505991 (ISSN)","10.1007/s12038-023-00396-6","https://www.scopus.com/pages/publications/85179706115?origin=resultslist","Increasing soil and underground water salinization with decreasing availability of fresh water has become a potential threat to sustainable crop production in arid and semi-arid areas globally. Introduction and evaluation of salt-tolerant halophytic crops is one of the sustainable ways to preserve productivity in saline ecosystems. This study was aimed to screen quinoa germplasms under high-sodium adsorption ratio (SAR) saline stress. Thirteen quinoa germplasms were evaluated under four levels [best available water (BAW), 8, 16, and 24 dSm&#8722;1] of high-SAR saline water irrigation. The evaluation was carried out based on growth, yield, and ionic content parameters along with statistical tools such as multivariate analysis, salt tolerance indices, and correlation. The results showed that the salinity levels of 16 and 24 dSm&#8722;1 resulted in increase of chlorophyll content relative to BAW and 8 dSm&#8722;1. The germplasm CSQ2 recorded the highest proline content (163.7 mg g&#8722;1 FW) at 24 dSm&#8722;1. Increasing levels of salinity reduced relative water content in plant leaves, and the germplasm CSQ2 showed minimal reduction of 4% at 24 dSm&#8722;1. Na+ and K+ contents in the plants increased with increasing salinity levels, while the K+/Na+ ratio decreased. The grain yield of quinoa germplasms ranged between 3.5 and 14.1 g plant&#8722;1. The germplasm EC507740 recorded the highest grain yield (7.0 g plant&#8722;1) followed by CSQ1 and CSQ2 at a maximum stress of 24 dSm&#8722;1. Principal component analysis (PCA) and correlation elucidated that Na+ content in plants was negatively correlated with all the studied traits except SPAD, proline content, and K+ content. The different salt tolerance indices indicated that the germplasms EC507740, CSQ1, CSQ2, EC507738, and IC411825 were more stable at high-SAR salinity, while PCA showed the germplasms EC507740 and CSQ2 as the most salt-tolerant germplasms. © 2024, Indian Academy of Sciences.","2024","2026-07-10 21:13:04","2026-07-10 21:13:04","","","","1","49","","J. Biosci.","","","","","","Springer","","English","","","Scopus","","","","","<p>Export Date: 10 July 2026; Cited By: 10; Correspondence Address: K. Prajapat; ICAR-Central Soil Salinity Research Institute, Karnal, Haryana, 132001, India; email: kailash.prajapat@icar.gov.in; CODEN: JOBSD</p>","","","adsorption; Adsorption; Article; ascorbate peroxidase; best available water; catalase; Chenopodium quinoa; chlorophyll content; cluster analysis; controlled study; correlation analysis; crop plant; crop yield; dry weight; ecosystem; Ecosystem; environmental parameters; enzyme activity; germplasm; grain yield; growth; Growth; guaiacol peroxidase; ion; ionic content; irrigation (agriculture); molecular stability; multivariate analysis; Multivariate Analysis; nonhuman; plant growth; plant height; plant leaf; plant root; plant yield; potassium ion; principal component analysis; proline; Proline; quinoa germplasm; saline stress; salinity; Salinity; salinity tolerance; salinization; salt tolerance; salt tolerance indices; salt water; shoot; sodium adsorption ratio; sodium ion; statistical analysis; unclassified drug; vegetative growth; water salinity; yield","","","","","","","","","","","","","","","","","","","","","","","","","","","","","","","","","","","","","","","","","","","","","","",""
"L3ZPCENR","journalArticle","2021","Carranza-Concha, J.; Chairez-Huerta, S.G.; Contreras-Martínez, C.S.; García-Martínez, E.","CHARACTERIZATION OF NUTRITIONAL AND ANTIOXIDANT PROPERTIES OF QUINOA SEEDS (Chenopodium quinoa WILLD.)","Revista Fitotecnia Mexicana","","01877380 (ISSN)","","https://www.scopus.com/pages/publications/85116762530?origin=resultslist","Interest in the cultivation of quinoa pseudo-cereal (Chenopodium quinoa Willd.) has increased in recent years due to its nutritional value, as well as its antioxidant capacity and phytochemical content. The chemical composition of quinoa seeds and their bioactive compounds can differ between varieties. In this study, the nutritional composition, antioxidant properties and total phenolic content of Yellow quinoa seeds cultivated in Mexico were evaluated. The results were compared with four commercial quinoa varieties from Peru: Yellow, Black, Red and Peruvian Yellow. The chemical composition of seeds in this study varied as a function of germplasm and growing conditions. In general, samples were characterized by their high carbohydrate content, followed by protein, lipids and fiber. The Yellow quinoa grown in Mexico stood out for its high phenolic content, as well as for its antioxidant activity, probably influenced by the presence of saponins. © 2021. All Rights Reserved.","2021","2026-07-10 21:13:04","2026-07-10 21:13:04","","357-366","","3","44","","Rev. Fitotec. Mex.","CARACTERIZACIÓN DE LAS PROPIEDADES NUTRICIONALES Y ANTIOXIDANTES DE SEMILLAS DE QUINUA (Chenopodium quinoa WILLD.)","","","","","Sociedad Mexicana de Fitogenetica","","English","","","Scopus","","","","","<p>Export Date: 10 July 2026; Cited By: 5; Correspondence Address: J. Carranza-Concha; Universidad Autónoma de Zacatecas, Departamento de Nutrición, Ejido La Escondida, Mexico; email: joseconcha10@hotmail.com</p>","","","antioxidant capacity; Chenopodium quinoa Willd; nutritional composition; total phenols","","","","","","","","","","","","","","","","","","","","","","","","","","","","","","","","","","","","","","","","","","","","","","",""
"JSERJ2UG","journalArticle","2022","Hafeez, M.B.; Iqbal, S.; Li, Y.; Saddiq, M.S.; Basra, S.M.A.; Zhang, H.; Zahra, N.; Akram, M.Z.; Bertero, D.; Curti, R.N.","Assessment of Phenotypic Diversity in the USDA Collection of Quinoa Links Genotypic Adaptation to Germplasm Origin","Plants","","22237747 (ISSN)","10.3390/plants11060738","https://www.scopus.com/pages/publications/85126024976?origin=resultslist","Quinoa’s germplasm evaluation is the first step towards determining its suitability under new environmental conditions. The aim of this study was to introduce suitable germplasm to the lowland areas of the Faisalabad Plain that could then be used to introduce quinoa more effectively to that region. A set of 117 quinoa genotypes belonging to the USDA quinoa collection was evaluated for 11 phenotypic quantitative traits (grain yield (Y), its biological and numerical components plus phenological variables) in a RCBD during two consecutive growing seasons at the University of Agriculture, Faisalabad, Pakistan under mid-autumn sowings. Genotypic performance changed across the years, however most phenotypic traits showed high heritability, from 0.75 for Harvest Index (HI) to 0.97 for aerial biomass (B) and Y. Ordination and cluster analyses differentiated four groups dominated by genotypes from: Peru and the Bolivian Highlands (G1); the Bolivian Highlands (G2); the Ballón collection (regarded as a cross between Bolivian and Sea Level (Chilean) genotypes) plus Bolivian Highlands (G3); and Ballón plus Sea Level (G4), this latter group being the most differentiated one. This genetic structure shared similarities with previous groups identified using SSR markers and G×E data from an international quinoa test. G4 genotypes showed the highest Y associated with higher B and seed numbers (SN), while HI made a significant contribution to yield determination in G2 and seed weight (SW) in G3. G1 and G2 showed the lowest Y associated with a lower B and SN. Moreover, SW showed a strongly negative association with SN in G2. Accordingly, G4 followed by G3 are better suited to the lowland areas of Faisalabad plain and the physiological traits underlying yield determination among genotypic groups should be considered in future breeding programs. © 2022 by the authors. Licensee MDPI, Basel, Switzerland.","2022","2026-07-10 21:13:04","2026-07-10 21:13:04","","","","6","11","","Plants","","","","","","MDPI","","English","","","Scopus","","","","","<p>Export Date: 10 July 2026; Cited By: 33; Correspondence Address: Y. Li; Shandong Provincial Key Laboratory of Plant Stress Research, College of Life Science, Shandong Normal University, Jinan, 250014, China; email: yuanyuan_li@outlook.com; R.N. Curti; Laboratorio de Investigaciones Botánicas (LABIBO), Facultad de Ciencias Naturales and Sede Regional Sur, Universidad Nacional de Salta—CCT-CONICET, Salta, 4400, Argentina; email: rcurti@agro.uba.ar</p>","","","Breeding; Chenopodium quinoa Willd; Effects of genotype by environment interaction; Genetic structure; Germplasm; Heritability","","","","","","","","","","","","","","","","","","","","","","","","","","","","","","","","","","","","","","","","","","","","","","",""
"G6TL8BX4","journalArticle","2025","Baldera-Chapoñan, V.-H.; De la Cruz, G.; Oliva-Cruz, S.; Lozano-Isla, F.","Agromorphological Characterization of Quinoa (Chenopodium quinoa Willd.) Under Andean–Amazonian Region of Peru","Plants","","22237747 (ISSN)","10.3390/plants14233689","https://www.scopus.com/pages/publications/105024573199?origin=resultslist","Quinoa (Chenopodium quinoa Willd.) is an Andean pseudocereal of high nutritional value and remarkable phenotypic diversity, recognized as a strategic crop for food security under increasing climatic variability. In this study, the agromorphological diversity of 158 accessions cultivated in the Andean–Amazonian region of Peru was evaluated with the aim of identifying superior materials for conservation and breeding programs. The experiment was conducted using an augmented design that included three check cultivars (INIA 415 Pasankalla, INIA 420 Negra Collana, and Blanca Juli). Diversity in eleven qualitative traits was quantified using the Shannon–Weaver (H&#8242;) and Nei (He) indices, whereas twelve quantitative traits were analyzed through principal component analysis (PCA) and hierarchical clustering. The results revealed substantial intra- and inter-accession variability, with He values ranging from 0.21 to 0.76 and H&#8242; values from 0.40 to 1.79, reflecting marked differences in growth habit, panicle morphology, stem pigmentation, and tolerance to Peronospora variabilis and Epicauta spp. Multivariate analyses identified three contrasting groups and enabled the selection of outstanding accessions, including UNTRM-367-1149, UNTRM-367-1107, UNTRM-367-1078, UNTRM-367-1079, UNTRM-367-1081, UNTRM-367-1095, and UNTRM-367-1104, characterized by high yield potential, favorable reproductive architecture, early or intermediate maturity, and low downy mildew severity. These accessions represent promising genetic resources for developing quinoa varieties adapted to transitional Andean–Amazonian environments, contributing to improved crop productivity and resilience. © 2025 by the authors.","2025","2026-07-10 21:13:04","2026-07-10 21:13:04","","","","23","14","","Plants","","","","","","Multidisciplinary Digital Publishing Institute (MDPI)","","English","","","Scopus","","","","","<p>Export Date: 10 July 2026; Cited By: 2; Correspondence Address: V.-H. Baldera-Chapoñan; Facultad de Ingeniería y Ciencias Agrarias, Universidad Nacional Toribio Rodríguez de Mendoza de Amazonas (UNTRM), Chachapoyas, 01000, Peru; email: victorhugobalderachaponan@gmail.com; F. Lozano-Isla; Facultad de Ingeniería y Ciencias Agrarias, Universidad Nacional Toribio Rodríguez de Mendoza de Amazonas (UNTRM), Chachapoyas, 01000, Peru; email: flavio.lozano@untrm.edu.pe</p>","","","Andean crops; Chenopodium quinoa; food security; genetic diversity; germplasm; phenotypic plasticity; plant breeding","","","","","","","","","","","","","","","","","","","","","","","","","","","","","","","","","","","","","","","","","","","","","","",""
"QP5VT4A9","journalArticle","2023","Morillo Coronado, A.C.; Castro, M.A.; Manjarres Hernandez, E.H.","Interpopulation characterization of quinoa (Chenopodium quinoa Willd.) from different agroecological environments of Colombia","Brazilian Journal of Biology","","15196984 (ISSN)","10.1590/1519-6984.271954","https://www.scopus.com/pages/publications/85158056504?origin=resultslist","Chenopodium quinoa Willd. it is an Andean cereal of great importance for human consumption due to its high nutritional value. In Colombia there is a high phenotypic and genotypic variability within quinoa crops, which has not been studied and has been maintained by the same farmers cycle after production cycle. The objective of this study was to carry out an interpopulation characterization of quinoa cultivated in different producing municipalities of the department of Boyacá, in Colombia, for which 19 morphological descriptors were used, which were evaluated in situ in nine municipalities and analyzed through descriptive statistics, principal component analysis, correlation and conglomerates. In the evaluation of the quantitative traits for all the populations, it was observed that the most variable descriptors were Number of teeth lower leaf (DHI), Lower leaf length (LHI), Width upper leaf (AHI) and Number of teeth upper leaf (DHS). Great segregation between and within individuals of Blanca de Jericó and Piartal was observed for panicle and leaf color and shape, stem color, presence of teeth, and axils on upper and lower leaves. A classification key is proposed that allows in the field to be able to morphologically differentiate the genotypes of Piartal and Blanca de Jericó. This research shows that among the most cultivated genotypes in the department of Boyacá, there is still an important phenotypic diversity given at the inter and intra-individual level, due to the phenological state and the agroclimatological conditions of the different producing regions. © 2023, Instituto Internacional de Ecologia. All rights reserved.","2023","2026-07-10 21:13:04","2026-07-10 21:13:04","","1","","","83","","Braz. J. Biol.","Caracterização interpopulacional de quinoa (Chenopodium quinoa Willd.) de diferentes ambientes agroecológicos da Colômbia","","","","","Instituto Internacional de Ecologia","","English","","","Scopus","","","","","<p>Export Date: 10 July 2026; Cited By: 6; Correspondence Address: A.C. Morillo Coronado; Universidad Pedagógica y Tecnológica de Colombia – UPTC, Facultad de Ciencias Agropecuarias, Grupo Competitividad, Innovación y Desarrollo Empresarial – CIDE, Tunja, Boyacá, Colombia; email: ana.morillo@uptc.edu.co</p>","","","andean cereal; breeding; Chenopodium quinoa; Colombia; Edible Grain; food grain; genetics; genotype; Genotype; germplasm; human; Humans; morphological descriptors; phenotype; Phenotype","","","","","","","","","","","","","","","","","","","","","","","","","","","","","","","","","","","","","","","","","","","","","","",""
"69CCLKXU","journalArticle","2019","Salazar, J.; de Lourdes Torres, M.; Gutierrez, B.; Torres, A.F.","Molecular characterization of Ecuadorian quinoa (Chenopodium quinoa Willd.) diversity: implications for conservation and breeding","Euphytica","","00142336 (ISSN)","10.1007/s10681-019-2371-z","https://www.scopus.com/pages/publications/85062288430?origin=resultslist","Quinoa (Chenopodium quinoa Willd.) is recognized as an important crop to improve global food security. It has gained international recognition because of the nutritional value of its seeds and its broad agronomic resilience. Although several studies have attempted to characterize the genetic diversity of quinoa, none have focused on evaluating germplasm from Ecuador; the latter considered a relevant subcenter of diversity for the species. In this study, 84 accessions representing the species’ cultivated range in the Ecuadorian Andes were characterized using 15 species-specific SSR markers. The extent of allelic richness (196 alleles) and genetic heterozygosity (HE = 0.71) detected for these accessions demonstrate that Ecuadorian quinoa is highly diverse. Phenetic analyzes structured Ecuadorian germplasm into 3 subgroups; each containing genotypes from all surveyed provinces. Average expected heterozygosity was high for all 3 subgroups (0.53 &#8804; HE &#8804; 0.72), and Nei-pairwise comparisons showed significant genetic divergence among them (0.31 &#8804; NeiDST &#8804; 0.84). The lack of a clear geographic pattern in the genetic structure of Ecuadorian quinoa led us to believe that the 3 reported subgroups constitute independent genetic lineages representing ancestral landrace populations which have been disseminated throughout Ecuador via informal seed networks. Nevertheless, a Wilcoxon test showed that at least one subgroup had been subject to intensive inbreeding and selection; and possibly corresponds to the local commercial variety INIAP-Tunkahuan. Our results show that ancestral quinoa diversity in Ecuador has prevailed despite the introduction of commercial varieties, and should be preserved for future use in breeding programs. © 2019, The Author(s).","2019","2026-07-10 21:13:04","2026-07-10 21:13:04","","","","3","215","","Euphytica","","","","","","Springer Netherlands","","English","","","Scopus","","","","","<p>Export Date: 10 July 2026; Cited By: 29; Correspondence Address: A.F. Torres; Laboratorio de Biotecnología Vegetal, Colegio de Ciencias Biológicas Y Ambientales, Universidad San Francisco de Quito USFQ, Cumbayá, Diego de Robles Y Vía Interoceánica, Ecuador; email: andres.torres@wur.nl; CODEN: EUPHA</p>","","","Breeding; Ecuador; Genetic diversity; Population structure; Quinoa; SSR","","","","","","","","","","","","","","","","","","","","","","","","","","","","","","","","","","","","","","","","","","","","","","",""
"QMVV5VAC","journalArticle","2019","Nadiya Jan, K.; Panesar, P.S.; Singh, S.","Effect of moisture content on the physical and mechanical properties of quinoa seeds","International Agrophysics","","02368722 (ISSN)","10.31545/intagr/104374","https://www.scopus.com/pages/publications/85065434767?origin=resultslist","The study was conducted to compare the engineering properties of Indian quinoa seeds with increase in moisture content. Close dependency of the properties on moisture content was observed. Two germplasms of quinoa IC-411824 and EC-507739 were investigated. The results showed that the principal dimensions of EC-507739 were higher than those of IC-411824. With an increase in moisture mean values of true density increased from 993 to 1166 kg m-3 for EC-507739 and from 984 to 1097 kg m-3 for IC-411824. Coefficient of friction showed an increase of 16.29, 16.00, and 18.93% against glass, galvanized iron and wood respectively in case of IC-411824. However, for EC-507739 increase of 19.12, 22.73, and 23.21% was observed against glass, galvanized iron and wood respectively. Mechanical properties were higher for EC-507739 than IC-411824 and decreased with increase in moisture content for both the varieties. Mechanical behavior of seed can be used in designing of grinding machines. © 2019 Institute of Agrophysics, Polish Academy of Sciences","2019","2026-07-10 21:13:04","2026-07-10 21:13:04","","41-48","","1","33","","Int. Agrophys.","","","","","","Polish Academy of Sciences","","English","","","Scopus","","","","","<p>Export Date: 10 July 2026; Cited By: 37; Correspondence Address: K. Nadiya Jan; Department of Food Engineering and Technology, Sant Longowal Institute of Engineering and Technology, Sangrur, Punjab, 148106, India; email: khan14diya@gmail.com</p>","","","bioengineering; Chenopodium quinoa; germplasm; K e y w o r d s: Indian quinoa seeds; mechanical property; moisture content; Physical properties; physical property; rupture; Rupture energy; Rupture force; seed","","","","","","","","","","","","","","","","","","","","","","","","","","","","","","","","","","","","","","","","","","","","","","",""
"BXGE2DPE","journalArticle","2012","Fuentes, F.F.; Bazile, D.; Bhargava, A.; Martínez, E.A.","Implications of farmers' seed exchanges for on-farm conservation of quinoa, as revealed by its genetic diversity in Chile","Journal of Agricultural Science","","14695146 (ISSN)","10.1017/S0021859612000056","https://www.scopus.com/pages/publications/84868555384?origin=resultslist","Quinoa cultivation in Chile presents an ancient and active complex of geographic, climatic, social and cultural interactions that has determined its current biodiversity in the three main growing zones (north, central and south). Importantly, these interactions involve the participation of farmers, whose activities are at the base of seed exchange networks due to their knowledge and in situ conservation of genetic diversity. The present study reports how a better understanding of farmers' seed exchanges and local production practices could impact the genetic structure and diversity of quinoa at national scale in Chile. Using field interviews and characterization of 20 microsatellite genetic markers in a multi-origin set of 34 quinoa accessions representative of Chile and the South American region, the phenetic analysis of germplasm was consistent with the current classification of quinoa ecotypes present in Chile and Andean zone. This allowed the identification of five populations, which were represented by quinoa of Salares (northern Chile), Coastal/Lowlands (central and southern Chile), Highlands (Peru, Bolivia and Argentina) and Inter-Andean Valleys (Ecuador and Colombia). The highly informative quality of the markers used revealed a wide genetic diversity among main growing areas in Chile, which correlated well with natural geographical-edaphic-climatic and social-linguistic context to the expansion of quinoa biodiversity. Additionally, in addition to ancient seed exchanges, this process is still governed by the diverse agricultural practices of Andean farmers. Genetic erosion is considered an imminent risk due to small-scale farming, where the influence of increased migration of people to urban systems and export-driven changes to the agro-ecosystems may further reduce the diversity of quinoa plants in cultivation. © Cambridge University Press 2012.","2012","2026-07-10 21:13:05","2026-07-10 21:13:05","","702-716","","6","150","","J. Agric. Sci.","","","","","","","","English","","","Scopus","","","","","<p>Export Date: 10 July 2026; Cited By: 89; Correspondence Address: F.F. Fuentes; Departamento de Agricultura del Desierto y Biotecnología, Universidad Arturo Prat, Iquique, Casilla 121, Chile; email: francfue@unap.cl; CODEN: JASIA</p>","","","agricultural ecosystem; Andes; biodiversity; cereal; Chenopodium quinoa; Chile; conservation genetics; cultivation; genetic marker; genetic structure; genetic variation; participatory approach","","","","","","","","","","","","","","","","","","","","","","","","","","","","","","","","","","","","","","","","","","","","","","",""
"MHFC58C6","journalArticle","2011","Fuentes, F.; Bhargava, A.","Morphological Analysis of Quinoa Germplasm Grown Under Lowland Desert Conditions","Journal of Agronomy and Crop Science","","1439037X (ISSN)","10.1111/j.1439-037X.2010.00445.x","https://www.scopus.com/pages/publications/79952394427?origin=resultslist","Twenty-eight quinoa accessions collected from the northern highlands (Andes) of Chile were assessed using eleven morphological descriptors. A complementary analysis of multivariate tools permitted a fuller understanding of interrelationships within this germplasm as it was assessed in a lowland desert environment. Through a frequency distribution, it was possible to make a general classification of accessions which were represented by plants having medium height and low grain yield. The accessions BS2 and BS1 registered the highest yields with mean values of 993.89 and 820.56kgha-1 respectively. On the other hand, accession B13 stood out as having good forage potential, with relatively high values for plant weight (PW, 349g DM) and plant height (PH) (1.91cm). The first four principal components accounted for 70% of the total variation among the accessions. The first PC (PC1), accounting for 36% of the total variation, included stem diameter, PW and PH with high positive, and harvest index and leaf tooth number with high negative coefficients. Principal component 2 (PC2) contributed for an additional 19% of the total variation and reflected the patterns of variation in leaf morphology all of which had high positive values. Cluster analysis allowed classification of the accessions into six discrete groups. The yield assessment in the Atacama Desert was considered low, probably due to the negative effects of the high-temperature stress around flowering. The data set presented in this study is the first report of quinoa assessed under lowland desert conditions and would assist in the development of new plant breeding programmes for quinoa in areas having similar agroclimatic factors as the Atacama Desert. © 2010 Blackwell Verlag GmbH.","2011","2026-07-10 21:13:05","2026-07-10 21:13:05","","124-134","","2","197","","J. Agron. Crop. Sci.","","","","","","","","English","","","Scopus","","","","","<p>Export Date: 10 July 2026; Cited By: 77; Correspondence Address: F. Fuentes; Departamento de Agricultura del, Desierto y Biotecnología, Universidad Arturo Prat, Iquique, Chile; email: francfue@unap.cl; CODEN: ZAPFA</p>","","","Andes; Atacama Desert; Chenopodium quinoa; Chile; cluster analysis; data set; desert; Desert; germplasm; Grain yield; height; herb; high temperature; leaf morphology; lowland environment; multivariate analysis; Multivariate analysis; plant breeding; temperature effect; Temperature stress; yield response","","","","","","","","","","","","","","","","","","","","","","","","","","","","","","","","","","","","","","","","","","","","","","",""
"MWXTEEF5","journalArticle","2005","Mason, S.L.; Stevens, M.R.; Jellen, E.N.; Bonifacio, A.; Fairbanks, D.J.; Coleman, C.E.; McCarty, R.R.; Rasmussen, A.G.; Maughan, P.J.","Development and use of microsatellite markers for germplasm characterization in quinoa (Chenopodium quinoa Willd.)","Crop Science","","0011183X (ISSN)","10.2135/cropsci2004.0295","https://www.scopus.com/pages/publications/22844444716?origin=resultslist","Quinoa (Chenopodium quinoa Willd.) is a widely consumed food crop and a primary protein source for many of the indigenous inhabitants of the Andean region of South America. The objective of this study was to develop a collection of reproducible and highly informative microsatellite markers for quinoa. A total of 1276 clones were sequenced from three microsatellite-enriched (CA, ATT, ATG) libraries. Four hundred fifty-seven (36%) of the clones contained unique microsatellites. The most common repeated motifs, other than CA, AAT, and ATG, were GA and CAA. Flanking primers were designed for 397 microsatellite loci and screened using a panel of diverse quinoa accessions and one accession of C. berlandieri Moq., a wild relative of quinoa. Two hundred eight (52%) of the microsatellite markers were polymorphic among the quinoa accessions. An additional 25 of the microsatellite markers (6%) were polymorphic when the C. berlandieri accession was included in the analysis. Only in rare instances (nine) did a microsatellite amplify in quinoa and not in C. berlandieri. The number of observed alleles ranged from 2 to 13, with an average of four alleles detected per locus. Heterozygosity values ranged from 0.20 to 0.90 with a mean value of 0.57. Sixty-seven markers (32%) were highly polymorphic (H &#8805; 0.70). These microsatellites markers are an ideal resource for use in managing quinoa germplasm, trait mapping and marker-assisted hreeding strategies. The wide cross-species transportability of these markers may extend their value to research involving other Chenopodium species. © Crop Science Society of America.","2005","2026-07-10 21:13:05","2026-07-10 21:13:05","","1618-1630","","4","45","","Crop Sci.","","","","","","","","English","","","Scopus","","","","","<p>Export Date: 10 July 2026; Cited By: 72; Correspondence Address: P.J. Maughan; Dep. of Plant and Animal Sciences, Brigham Young Univ., Provo, UT 84602, United States; email: Jeff_Maughan@byu.edu; CODEN: CRPSA</p>","","","Acer pensylvanicum; Chenopodium; Chenopodium berlandieri; Chenopodium quinoa","","","","","","","","","","","","","","","","","","","","","","","","","","","","","","","","","","","","","","","","","","","","","","",""
"6MNG2QB6","journalArticle","2023","Jiang, Y.; Yasir, M.; Cao, Y.; Hu, L.; Yan, T.; Zhu, S.; Lu, G.","Physiological and Biochemical Characteristics and Response Patterns of Salinity Stress Responsive Genes (SSRGs) in Wild Quinoa (Chenopodium quinoa L.)","Phyton-International Journal of Experimental Botany","","00319457 (ISSN)","10.32604/phyton.2022.022742","https://www.scopus.com/pages/publications/85146218455?origin=resultslist","Cultivating salt-tolerant crops is a feasible way to effectively utilize saline-alkali land and solve the problem of underutilization of saline soils. Quinoa, a protein-comprehensive cereal in the plant kingdom, is an exceptional crop in terms of salt stress tolerance level. It seems an excellent model for the exploration of salt-tolerance mechanisms and cultivation of salt-tolerant germplasms. In this study, the seeds and seedlings of the quinoa cultivar Shelly were treated with different concentrations of NaCl solution. The physiological, biochemical characteristics and agronomic traits were investigated, and the response patterns of three salt stress-responsive genes (SSRGs) in quinoa were determined by real-time PCR. The optimum level of stress tolerance of quinoa cultivar Shelly was found in the range of 250–350 mM concentration of NaCl. Salt stress significantly induced expression of superoxide dismutase (SOD), peroxidase (POD), and particularly betaine aldehyde dehydrogenase (BADH). BADH was discovered to be more sensitive to salt stress and played an important role in the salt stress tolerance of quinoa seedlings, particularly at high NaCl concentrations, as it displayed upregulation until 24 h under 100 mM salt treatment. Moreover, it showed upregulation until 12 h under 250 mM salt stress. Taken together, these results suggest that BADH played an essential role in the salt-tolerance mechanism of quinoa. Based on the expression level and prompt response induced by NaCl, we suggest that the BADH can be considered as a molecular marker for screening salt-tolerant quinoa germplasm at the early stages of crop development. Salt treatment at different plant ontogeny or at different concentrations had a significant impact on quinoa growth. Therefore, an appropriate treatment approach needs to be chosen rationally in the process of screening salt-tolerant quinoa germplasm, which is useful to the utilization of saline soils. Our study provides a fundamental information to deepen knowledge of the salt tolerance mechanism of quinoa for the development of salt-tolerant germplasm in crop breeding programs. © 2023, Tech Science Press. All rights reserved.","2023","2026-07-10 21:13:05","2026-07-10 21:13:05","","399-410","","2","92","","Phyton-International Journal of Experimental Botany","","","","","","Tech Science Press","","English","","","Scopus","","","","","<p>Export Date: 10 July 2026; Cited By: 4; Correspondence Address: S. Zhu; College of Agriculture and Biotechnology, Zhejiang University, Hangzhou, 310058, China; email: shjzhu@zju.edu.cn; G. Lu; The Key Laboratory for Quality Improvement of Agricultural Products of Zhejiang Province, College of Advanced Agricultural Sciences, Zhejiang A&F University, Hangzhou, 311300, China; email: 20090007@zafu.edu.cn; CODEN: PHYBA</p>","","","NaCl stress; Salt tolerant; stress-responsive genes","","","","","","","","","","","","","","","","","","","","","","","","","","","","","","","","","","","","","","","","","","","","","","",""
"4LG7NLPI","journalArticle","2011","Munir, H.; Basra, S.M.A.; Cheema, M.A.; Wahid, A.","Phenotypic flexibility in exotic quinoa (Chenopodium quinoa Willd.) germplasm for seedling vigor and viability","Pakistan Journal of Agricultural Sciences","","20760906 (ISSN)","","https://www.scopus.com/pages/publications/84864044567?origin=resultslist","Exotic quinoa genotypes were evaluated for seedling vigor, viability, heritability, and genotypic and phenotypic variations under lab. conditions. A total of 25 genotypes of quinoa underwent comparison. Distinct demarcation among these genotypes was observed for final germination percentage, mean germination time, time to 50% germination, germination index, root/shoot length and root:shoot ratio. Viable, vigorous genotypes and poorly performing genotypes were identified and grouped from the available exotic germplasm. This selection was made on the assumption that resistance to climatic adversities and better sustainability under poor storage conditions are issues of immense importance in postharvest handling of quinoa seed. For selection of vigorous quinoa genotypes, final germination percentage (more than 90%) and root (more than 3.5 cm) or shoot lengths (more than 4.0 cm) presented themselves as important associated traits, in addition to germination index (22 to 33) and seedling survival percentage (between 90-100%). However, final germination percentage and root length were demonstrated to be reliable and environment-proof traits for the crop. © 2012 Pakistan Journal of Agricultural Sciences, Faisalabad, Pakistan. All rights reserved.","2011","2026-07-10 21:13:05","2026-07-10 21:13:05","","255-261","","4","48","","Pak. J. Agric. Sci.","","","","","","","","English","","","Scopus","","","","","<p>Export Date: 10 July 2026; Cited By: 4; Correspondence Address: H. Munir; Department of Crop Physiology, University of Agriculture, Faisalabad-38040, Pakistan; email: hmbajwa@gmail.com</p>","","","Chenopodium quinoa; Germination; Germplasm; Quinoa (Chenopodium quinoa Willd.); Seedling vigor","","","","","","","","","","","","","","","","","","","","","","","","","","","","","","","","","","","","","","","","","","","","","","",""
"Y3TQLQDU","journalArticle","2007","Christensen, S.A.; Pratt, D.B.; Pratt, C.; Nelson, P.T.; Stevens, M.R.; Jellen, E.N.; Coleman, C.E.; Fairbanks, D.J.; Bonifacio, A.; Maughan, P.J.","Assessment of genetic diversity in the USDA and CIP-FAO international nursery collections of quinoa (Chenopodium quinoa Willd.) using microsatellite markers","Plant Genetic Resources: Characterisation and Utilisation","","1479263X (ISSN)","10.1017/S1479262107672293","https://www.scopus.com/pages/publications/34447128815?origin=resultslist","Quinoa (Chenopodium quinoa Willd.) is a staple food crop for millions of impoverished rural inhabitants of Andean South America where it has been cultivated for millennia. Interest in quinoa, due largely to its superior nutritional characteristics, is fuelling a growing export market and has led to an increased focus on genetic research and the development of quinoa breeding programmes throughout South America. The success of these breeding programmes will rely heavily on the development of core germplasm collections and germplasm conservation. We report the development of a set of fluorescence-tagged microsatellite molecular markers that can be used to characterize genetic diversity within quinoa germplasm and we use this set of 36 microsatellites markers to genetically characterize the diversity of 121 accessions of C. quinoa held in the USDA germplasm bank, 22 accessions from the CIP-FAO international nursery collection and eight accessions representing parents from genetic mapping populations. A total of 420 alleles were detected among the quinoa accessions with an average of 11 alleles detected per microsatellite locus. Genetic heterogeneity was observed in 32% of the quinoa accessions at a given locus and suggests that many of these accessions represent heterogeneous seed lots or landraces. Both unweighted pair-group method with arithmetic averages (UPGMA) and principle components analysis (PCA) analyses partitioned the quinoa accessions into two main clusters. The first major cluster consisted of accessions from the Andean highlands of Peru, Bolivia, Ecuador, Argentina and extreme northeastern Chile. The other main cluster contained accessions from both the lowlands of Chile and a set of USDA accessions with no known passport data, collected by Emigdio Ballón. Using the patterns of genetic diversity detected within the C. quinoa accessions we discuss hypotheses regarding quinoa's centre of diversity, including highland and lowland ecotype clustering patterns, origin of lowland varieties, origin of domestication, and diversity levels in the USDA and CIP-FAO collections. © 2007 NIAB.","2007","2026-07-10 21:13:05","2026-07-10 21:13:05","","82-95","","2","5","","Plant Genet. Resour. Charact. Util.","","","","","","","","English","","","Scopus","","","","","<p>Export Date: 10 July 2026; Cited By: 96; Correspondence Address: P.J. Maughan; Brigham Young University, Department of Plant and Animal Sciences, 275 WIDB, Provo, UT 84602, United States; email: jeff_maughan@byu.edu</p>","","","Chenopodium quinoa; Genetic diversity; Microsatellites; SSRs","","","","","","","","","","","","","","","","","","","","","","","","","","","","","","","","","","","","","","","","","","","","","","",""
"3LC7YEVG","journalArticle","2016","Benlhabib, O.; Boujartani, N.; Maughan, P.J.; Jacobsen, S.E.; Jellen, E.N.","Elevated genetic diversity in an F2:6 population of quinoa (chenopodium quinoa) developed through an inter-ecotype cross","Frontiers in Plant Science","","1664462X (ISSN)","10.3389/fpls.2016.01222","https://www.scopus.com/pages/publications/84984639997?origin=resultslist","Quinoa (Chenopodium quinoa) is a seed crop of the Andean highlands and Araucanian coastal regions of South America that has recently expanded in use and production beyond its native range. This is largely due to its superb nutritional value, consisting of protein that is rich in essential amino acids along with vitamins and minerals. Quinoa also presents a remarkable degree of tolerance to saline conditions, drought, and frost. The present study involved 72 F2:6 recombinant-inbred lines and parents developed through hybridization between highland (0654) and coastal (NL-6) germplasm groups. The purpose was to characterize the quinoa germplasm developed, to assess the discriminating potential of 21 agro-morpho-phenological traits, and to evaluate the extent of genetic variability recovered through selfing. A vast amount of genetic variation was detected among the 72 lines evaluated for quantitative and qualitative traits. Impressive transgressive segregation was measured for seed yield (22.42 g/plant), while plant height and maturity had higher heritabilities (73 and 89%, respectively). Other notable characters segregating in the population included panicle and stem color, panicle form, and resistance to downy mildew. In the Principal Component analysis, the first axis explained 74% of the total variation and was correlated to plant height, panicle size, stem diameter, biomass, mildew reaction, maturation, and seed yield; those traits are relevant discriminatory characters. Yield correlated positively with panicle length and biomass. Unweighted Pair Group Method with Arithmetic Mean-based cluster analysis identified three groups: one consisting of late, mildew-resistant, high-yielding lines; one having semi-late lines with intermediate yield and mildew susceptibility; and a third cluster consisting of early to semi-late accessions with low yield and mildew susceptibility. This study highlighted the extended diversity regenerated among the 72 accessions and helped to identify potentially adapted quinoa genotypes for production in the Moroccan coastal environment. © 2016 Benlhabib, Boujartani, Maughan, Jacobsen and Jellen.","2016","2026-07-10 21:13:05","2026-07-10 21:13:05","","","","AUG2016","7","","Front. Plant Sci.","","","","","","Frontiers Research Foundation","","English","","","Scopus","","","","","<p>Export Date: 10 July 2026; Cited By: 28; Correspondence Address: E.N. Jellen; Department of Plant and Wildlife Sciences, Brigham Young University, Provo, United States; email: jellen@byu.edu</p>","","","Breeding; Chenopodium; Downy mildew resistance; Genetic diversity; Peronospora variabilis; Quinoa","","","","","","","","","","","","","","","","","","","","","","","","","","","","","","","","","","","","","","","","","","","","","","",""
"Z7MXKGPJ","journalArticle","2007","Del Castillo, C.; Winkel, T.; Mahy, G.; Bizoux, J.-P.","Genetic structure of quinoa (Chenopodium quinoa Willd.) from the Bolivian altiplano as revealed by RAPD markers","Genetic Resources and Crop Evolution","","09259864 (ISSN)","10.1007/s10722-006-9151-z","https://www.scopus.com/pages/publications/34447339401?origin=resultslist","Quinoa (Chenopodium quinoa Willd.) is a pseudocereal originated from the Andes important for small farmers' food security as well as for commercial production. Recently, it has been claimed that in Bolivia genetic erosion could result from the marginalization of the crop in the north and from its commercial standardization in the south. The aim of this study was to quantify the hierarchical structure of the genetic variation present in eight quinoa field populations, consisting of cultivated and weedy individuals, representative of the altiplano and interandean valleys of Bolivia. Randomly amplified polymorphic DNA markers show that quinoa has a strong population structure and a high intra-population variation. An effect of geographical structure of the populations was highlighted, due to population isolation, not simply linked to distance but more probably to climatic and orographic barriers present in the studied zone. The population structure is also reinforced by the limited seed exchanges among farmers as revealed by field interviews. This population structure appears related to three major biogeographic zones: the northern and central altiplano, the interandean valley, and the southern Salar. Intrapopulation genetic diversity was higher than that expected for a mainly autogamous species, and higher than that reported in anterior studies based on germplasm collections. These results are commented in view of current knowledge on phylogeny and reproductive biology of the species, and their implications regarding genetic resources management are discussed. © 2006 Springer Science+Business Media, Inc.","2007","2026-07-10 21:13:05","2026-07-10 21:13:05","","897-905","","4","54","","Genet. Resour. Crop. Evol.","","","","","","","","English","","","Scopus","","","","","<p>Export Date: 10 July 2026; Cited By: 42; Correspondence Address: T. Winkel; IRD, UR 060 Climat et Fonctionnement des Agroécosystèmes, La Paz, Bolivia; email: thierry.winkel@ird.fr; CODEN: GRCEE</p>","","","biogeography; Bolivia; Chenopodium quinoa; cultivar; dicotyledon; Genetic diversity; genetic marker; genetic structure; Genetic structure; genetic variation; germplasm; intrapopulation variation; molecular analysis; phylogeny; polymerase chain reaction; population structure; RAPD; reproductive biology; South America; weed","","","","","","","","","","","","","","","","","","","","","","","","","","","","","","","","","","","","","","","","","","","","","","",""
"PL7J9RLP","journalArticle","2021","Aydo&#487;du, M.; Koç, A.","Screening quinoa (Chenopodium quinoa) germplasm for resistance to downy mildew (Peronospora variabilis) in Turkey","Crop and Pasture Science","","18360947 (ISSN)","10.1071/CP20508","https://www.scopus.com/pages/publications/85108199873?origin=resultslist","Downy mildew caused by Peronospora variabilis is a major fungal disease limiting yield of quinoa (Chenopodium quinoa) around the world. Existing quinoa cultivars do not have adequate levels of resistance to the disease. In the present study, 165 quinoa accessions were screened for resistance to the disease in two consecutive years. Disease ratings were performed by using a three-leaf scoring technique. In 2018, of 70 quinoa accessions, 47.14% were moderately resistant and 18.57% were highly resistant. However, in 2019, of 95 accessions, 44.21% showed moderately resistant reaction and 26.31% highly resistant reaction to the disease. The average of AUDPC (area under disease progress curve) of all the accessions was 1293.42 in 2018, and 931.68 in 2019. The disease caused significant (P < 0.01) cumulative defoliations in susceptible accessions. AUDPC was positively correlated (r = 0.796 in 2018, r = 0.896 in 2019) with defoliation rate and negatively correlated (r =-0.834 in 2018, r =-0.599 in 2019) with plant height. There were also negative correlations (r =-0.755 in 2018, r =-0.580 in 2019) between defoliation rate and plant height. The study not only revealed resistant germplasm but also showed the importance of screening downy mildew resistance by comparing disease-related agronomic characteristics.  © 2021 CSIRO.","2021","2026-07-10 21:13:05","2026-07-10 21:13:05","","416-425","","6","72","","Crop Pasture Sci.","","","","","","CSIRO","","English","","","Scopus","","","","","<p>Export Date: 10 July 2026; Cited By: 4; Correspondence Address: M. Aydo&#487;du; Department of Plant Health, Bati Akdeniz Agricultural Research Institute, Antalya, 07100, Turkey; email: mehmet9498@yahoo.com</p>","","","agronomic characteristics; Chenopodium quinoa; disease resistance; fungal disease; fungus; germplasm; Meleagris gallopavo; Peronospora variabilis; Peronosporaceae; quinoa; resistance; Turkey","","","","","","","","","","","","","","","","","","","","","","","","","","","","","","","","","","","","","","","","","","","","","","",""
"NJW5KSLS","journalArticle","2012","Costa Tártara, S.M.; Manifesto, M.M.; Bramardi, S.J.; Bertero, H.D.","Genetic structure in cultivated quinoa (Chenopodium quinoa Willd.), a reflection of landscape structure in Northwest Argentina","Conservation Genetics","","15729737 (ISSN)","10.1007/s10592-012-0350-1","https://www.scopus.com/pages/publications/84864312117?origin=resultslist","Quinoa (Chenopodium quinoa Willd.), one of the main crops domesticated in the Andean highlands 1,000 of years ago, played an important role as a protein source. 35 germplasm accessions collected along the Northwest Argentina (NWA) region were studied using 22 microsatellite (SSR) markers. Results showed a great level of genetic diversity, differing from previous reports about the geographical distribution of quinoa variability. All SSR loci analysed were highly polymorphic detecting a total of 354 alleles among all populations, with an average of 16 alleles per locus. Cluster analyses grouped the accessions into four main clusters at the average genetic distance level (0.80), each of which represented a different environment of the NWA region: Puna (UHe = 0.42, ±0.07 SE), Dry Valleys (UHe = 0.27, ±0.05 SE), Eastern Humid Valleys (UHe = 0.16, ±0.04 SE) and a transition area with high altitudes between the last two environments (UHe = 0.25, ±0.03 SE). An eastward decreasing genetic diversity gradient was found. AMOVA analyses showed a strong genetic structure: a high population subdivision relative to the grouping by region (Fsr = 0.47) together with a high genetic differentiation among populations (Fst = 0.58) and a heterozygous defect (Fis = 0.63) in each of them. The variability structure, a reflection of the structure of the NWA landscapes, is discussed in connection with environmental variables. © 2012 Springer Science+Business Media B.V.","2012","2026-07-10 21:13:05","2026-07-10 21:13:05","","1027-1038","","4","13","","Conserv. Genet.","","","","","","","","English","","","Scopus","","","","","<p>Export Date: 10 July 2026; Cited By: 35; Correspondence Address: S. M. Costa Tártara; Instituto de Recursos Biológicos CIRN-INTA, N Repetto y Los Reseros s/n, 1686 Hurlingham, Buenos Aires, Argentina; email: scosta@cnia.inta.gov.ar; CODEN: CGOEA</p>","","","allele; Andes; Argentina; Chenopodium quinoa; cluster analysis; Cluster analysis; cultivation; dicotyledon; Genetic diversity; genetic marker; genetic structure; geographical distribution; germplasm; Germplasm; landscape structure; Microsatellites; Northwest Argentina; protein; Quinoa; upland region","","","","","","","","","","","","","","","","","","","","","","","","","","","","","","","","","","","","","","","","","","","","","","",""
"CSLQZCYL","journalArticle","2023","del Pozo, A.; Ruf, K.; Alfaro, C.; Zurita, A.; Guerra, F.; Sagredo, B.","Traits associated with higher productivity and resilience to drought-prone Mediterranean environments of coastal-lowland quinoa (Chenopodium quinoa Willd.)","Field Crops Research","","03784290 (ISSN)","10.1016/j.fcr.2023.108985","https://www.scopus.com/pages/publications/85163327463?origin=resultslist","Quinoa (Chenopodium quinoa Willd.) is an Andean crop that has been cultivated for over 7000 years in Andean South America. Among the five quinoa ecotypes identified, the coastal-lowland ecotype is distributed in central-southern Chile. Little is known about the phenotypic variability of this germplasm and its productive potential. In this work, we evaluated a panel of 99 self-pollinating genotypes of quinoa under rainfed and irrigated conditions in the Mediterranean area of central Chile. The aim was i) to evaluate the phenotypic variability of agronomic and leaf photosynthetic traits; ii) to assess trait responses to environmental conditions (rainfed and irrigated) and their heritability; and iii) to identify traits and genotypes associated with high yield potential and resilience in drought-prone environments. The selected genotypes were evaluated under rainfed (Hidango; 34° 06' S, 71°47' W) and irrigated (Santa Rosa; 36°31' S, 71°54' W) conditions, in two growing seasons (2016/17 and 2017/18). In the most favorable environment (Santa Rosa 2016), the shoot dry weight (shoot DW) and grain yield (GY) of the different genotypes, ranged from 655 and 2787 g m-2 (average 1440 g m-2) and from 45 and 452 g m-2 (average 244 g m-2), respectively. Under rainfed conditions (at Hidango), the shoot DW and GY were reduced by 75 % and 74 %, respectively, compared to Santa Rosa 2016, but still, some genotypes produced more than 100 g m-2, with < 70 mm of precipitation, evidencing a high drought tolerance. The harvest index (HI) and grain weight (TKW) were less affected by drought; compared to Santa Rosa 2016, the reduction was 8–18 % and 25–29 %, respectively, in 2016/17 and 2017/18. Days from sowing to flowering (DSF) and from flowering to maturity (DFM) varied among genotypes and were negatively correlated with GY and HI. Under rainfed conditions, the fluorescence parameters F0 and Fm were reduced by 30 % during flowering and by 50 % during grain-filling, compared to irrigated conditions. The HI and TKW showed the highest heritability (0.69) and were highly correlated with GY in all environments. This study showed that traits associated with higher productivity and resilience of quinoa genotypes in rainfed Mediterranean environments were early maturating and with high HI, and TKW. Finally, a set of genotypes presenting a high stress tolerance index (STI), and therefore higher tolerance to drought conditions, were identified and are candidates for further research focused on the selection of parentals for more advanced breeding stages. © 2023 Elsevier B.V.","2023","2026-07-10 21:13:05","2026-07-10 21:13:05","","","","","299","","Field Crops Res.","","","","","","Elsevier B.V.","","English","","","Scopus","","","","","<p>Export Date: 10 July 2026; Cited By: 12; Correspondence Address: A. del Pozo; Centro de Mejoramiento Genético y Fenómica Vegetal, Facultad de Ciencias Agrarias, Universidad de Talca, Talca, Chile; email: adelpozo@utalca.cl; CODEN: FCRED</p>","","","Cameroon; Chile; Chlorophyll content; Chlorophyll fluorescence; climate conditions; crop yield; dicotyledon; drought; Drought stress; ecotype; factor productivity; flowering; germplasm; Grain yield; Guatemala [Central America]; Harvest index; Heritability; North West Region; resilience; Santa; Santa Rosa; South America; sowing date","","","","","","","","","","","","","","","","","","","","","","","","","","","","","","","","","","","","","","","","","","","","","","",""
"XWJPRHW3","journalArticle","2020","Barut, M.; Nadeem, M.A.; Karaköy, T.; Baloch, F.S.","DNA fingerprinting and genetic diversity analysis of world quinoa germplasm using IPBS-retrotransposon marker system","Turkish Journal of Agriculture and Forestry","","1300011X (ISSN)","10.3906/tar-2001-10","https://www.scopus.com/pages/publications/85085903473?origin=resultslist","Quinoa is an important staple food crop for millions of impoverished rural inhabitants of the Andean region. Quinoa is considered a good source of protein,vitamins, minerals, and antioxidants. This study aimed to investigate the genetic diversity and population structure of world quinoa germplasm originating from 8 countries through the iPBS-retrotransposon marker system. Molecular characterization was performed using the 11 most polymorphic primers. A total of 235 bands were recorded, of which 66.8% were polymorphic. Mean polymorphism information content (PIC) was 0.410. Various diversity indices including mean effective number of alleles (1.269), mean Shannon’s information index (0.160) and gene diversity (0.247) revealed the existence of sufficient amount of genetic diversity in studied germplasm. Bolivia–17 and Mexico–1 were found to be genetically distinct accessions and can be suggested as candidate parents for future breeding activities. Various diversity indices were also calculated among germplasm collection counries and the results clearly showed the existence of higher genetic diversity in Bolivian and Peruvian accessions. The model-based structure, neighbor-joining, and principal coordinate analysis (PCoA) grouped quinoa germplasm according to their collection country. Analysis of molecular variance (AMOVA) revealed that most of the variations (69%) in world quinoa germplasm are due to differences within populations. Findings of this study can be used for deeper understanding of the genetic relationship and in the determination of appropriate breeding and conservation strategies for quinoa. © TÜB&#304;TAK.","2020","2026-07-10 21:13:05","2026-07-10 21:13:05","","479-491","","5","44","","Turk. J. Agric. For.","","","","","","Turkiye Klinikleri","","English","","","Scopus","","","","","<p>Export Date: 10 July 2026; Cited By: 43; Correspondence Address: F.S. Baloch; Department of Field Crops, Faculty of Agricultural and Natural Science, Bolu Abant &#304;zzet Baysal University, Bolu, Turkey; email: balochfaheem13@gmail.com</p>","","","Analysis of molecular variances; Andes; angiosperm; Biodiversity; cereal; Chenopodium quinoa; Conservation strategies; Crops; DNA; Forestry; Genes; Genetic relationships; genetic variation; germplasm; Germplasm characterization; Germplasm collections; Grain crop; Information contents; molecular analysis; Molecular characterization; polymorphism; Polymorphism; population structure; Population structure; Population structures; Principal coordinate analysis","","","","","","","","","","","","","","","","","","","","","","","","","","","","","","","","","","","","","","","","","","","","","","",""
"AZPJ7DM2","journalArticle","2024","Delgado, H.; Tapia, C.; Manjarres-Hernández, E.H.; Borja, E.; Naranjo, E.; Martín, J.P.","Phenotypic Diversity of Quinoa Landraces Cultivated in the Ecuadorian Andean Region: In Situ Conservation and Detection of Promising Accessions for Breeding Programs","Agriculture (Switzerland)","","20770472 (ISSN)","10.3390/agriculture14030336","https://www.scopus.com/pages/publications/85188829371?origin=resultslist","Quinoa (Chenopodium quinoa Willd.) is an ancestral crop in the Ecuadorian Andean region, and its landraces have always been of great social and food importance for the native population. Currently, there is no updated information about their phenotypic diversity and conservation status nor about the changes that have occurred in the last decades. A total of 268 accessions of quinoa landraces collected at two different times (1978–1988 and 2014–2015) in three representative Ecuadorian Andean provinces (Imbabura, Cotopaxi and Chimborazo) were evaluated for forty agro-morphological (17 quantitative and 23 qualitative) traits. Most of the quantitative traits showed high variability, some of them with great importance for commercialization and germplasm selection for breeding programs (e.g., panicle width, grain width, 1000-grain weight or seed yield per plant). Ten quantitative and eleven qualitative descriptors were significantly different between both collections. Regarding the presence/absence of saponin, all the accessions collected four decades ago had saponin, while it was found in only 18% of accessions collected more recently. The phenotypic relationships in the dendrogram did not show clustered accessions by their geographical origin or by collection. A selection index allowed us to detect a few accessions recently collected in Chimborazo with high promises for future breeding programs, with high seed yields per plant values and a reduced or no saponin content. The agro-morphological information obtained may be very useful for the suitable management and conservation of this ancestral plant genetic resource, both on the farm by indigenous farming communities and ex situ by the Germplasm Bank of the Ecuadorian National Institute for Agricultural Research (INIAP). © 2024 by the authors.","2024","2026-07-10 21:13:05","2026-07-10 21:13:05","","","","3","14","","Agric.","","","","","","Multidisciplinary Digital Publishing Institute (MDPI)","","English","","","Scopus","","","","","<p>Export Date: 10 July 2026; Cited By: 7; Correspondence Address: J.P. Martín; Departamento de Biotecnología-Biología Vegetal, Escuela Técnica Superior de Ingeniería Agronómica, Alimentaria y de Biosistemas, Universidad Politécnica de Madrid, Madrid, Avda, Puerta de Hierro 2-4, 28040, Spain; email: juanpedro.martin@upm.es</p>","","","agro-morphological descriptors; native quinoas; on-farm conservation; promising germplasm; selection index","","","","","","","","","","","","","","","","","","","","","","","","","","","","","","","","","","","","","","","","","","","","","","",""
"ZJAHJHJ7","journalArticle","2023","Pandya, A.; Thiele, B.; Köppchen, S.; Zurita-Silva, A.; Usadel, B.; Fiorani, F.","Characterization of Bioactive Phenolic Compounds in Seeds of Chilean Quinoa (Chenopodium quinoa Willd.) Germplasm","Agronomy","","20734395 (ISSN)","10.3390/agronomy13082170","https://www.scopus.com/pages/publications/85168654316?origin=resultslist","In recent years, quinoa (Chenopodium quinoa Willd.), an ancient Andean region crop, has received increased research attention because it is an excellent source of nutrients and also of bioactive phenolic compounds, which are potentially beneficial for human health. However, variation in the content and type of these metabolites in quinoa genetic resources remains, to a large extent, unexplored. We evaluated the composition of free and bound phenolic forms in the seeds of 111 Chilean quinoa accessions by using LC-DAD-MS/MS. The relative phenolic content ranged from 35.51 mg/100 g to 93.23 mg/100 g of seed dry weight. The free phenolic fraction accounted for 72% of the total phenolic content, while the bound fraction represented the remaining 28% of the total phenolic content. Our study also revealed a significant degree of variation in terms of individual phenolic compounds such as rutin, vanillic acid, quercetin, and their derivatives, which can have important implications for quinoa’s nutritional and functional properties. We conclude that our data reveal a significant phenotypic variation of bioactive phenolic content in the examined germplasm, which could be exploited in current and future genetic improvement programs in quinoa. © 2023 by the authors.","2023","2026-07-10 21:13:05","2026-07-10 21:13:05","","","","8","13","","Agronomy","","","","","","Multidisciplinary Digital Publishing Institute (MDPI)","","English","","","Scopus","","","","","<p>Export Date: 10 July 2026; Cited By: 13; Correspondence Address: F. Fiorani; Institute of Bio- and Geoscience, IBG-2: Plant Sciences, Forschungszentrum Jülich GmbH, Jülich, 52428, Germany; email: f.fiorani@fz-juelich.de</p>","","","free and bound phenolic compounds; HPLC-DAD-MS/MS; quinoa","","","","","","","","","","","","","","","","","","","","","","","","","","","","","","","","","","","","","","","","","","","","","","",""
"SHXKXF8T","journalArticle","2021","Pandya, A.; Thiele, B.; Zurita-Silva, A.; Usadel, B.; Fiorani, F.","Determination and metabolite profiling of mixtures of triterpenoid saponins from seeds of chilean quinoa (Chenopodium quinoa) germplasm","Agronomy","","20734395 (ISSN)","10.3390/agronomy11091867","https://www.scopus.com/pages/publications/85116669726?origin=resultslist","The seed pericarp of Chenopodium quinoa Willd. (quinoa) contains a mixture of triterpenoid saponins conferring undesired organoleptic properties. In this study, we evaluated saponin content and their corresponding sapogenins in 114 different quinoa accessions. Relative saponin content ranged from 0.22 to 15.04 mg/g of seed dry weight among the genotypes studied and the genotype effect was significant (p < 0.001). About 75% of the genotypes could be classified as low-saponin content lines which is promising in view of ongoing plant breeding efforts. In addition to the quantitative determination of saponins, metabolic profiling was performed by LC-FTICR-MS and LC-MS/MS. We obtained highly accurate mass estimation from ion spectra allowing the identification of twelve saponins of the oleanane type. These differ in their aglycons and in the number and type of glycoside units. Interestingly, we identified a saponin compound that, to our knowledge, had not been reported previously. Our study highlights that there is considerable variability concerning saponin content in quinoa, which contributes to the valorization of genetic resources towards the identification of genotypes that could be utilized in current and future quinoa breeding programs. © 2021 by the authors. Licensee MDPI, Basel, Switzerland.","2021","2026-07-10 21:13:05","2026-07-10 21:13:05","","","","9","11","","Agronomy","","","","","","MDPI","","English","","","Scopus","","","","","<p>Export Date: 10 July 2026; Cited By: 23; Correspondence Address: A. Pandya; Institute of Bio-and Geoscience, IBG-2 Plant Sciences, Forschungszentrum Jülich GmbH, Jülich, 52428, Germany; email: a.pandya@fz-juelich.de</p>","","","GC-MS; LC-FTICR-MS; LC-MS/MS; Quinoa; Sapogenins; Total saponins","","","","","","","","","","","","","","","","","","","","","","","","","","","","","","","","","","","","","","","","","","","","","","",""
"7F4Z6AWV","journalArticle","1989","Risi, J.C.; Galwey, N.W.","The pattern of genetic diversity in the Andean grain crop quinoa (Chenopodium quinoa Willd). I. Associations between characteristics","Euphytica","","15735060 (ISSN)","10.1007/BF00022424","https://www.scopus.com/pages/publications/0001266936?origin=resultslist","A germplasm collection comprising 294 accessions of quinoa was evaluated at Cambridge, England, to assess its potential as a break crop for arable agriculture at temperate latitudes. The origins of the accessions ranged from 40°S to 2°N and from sea level to an altitude of 3800 m, and 19 discrete and continuous characteristics describing the plants' pigmentation and morphology and the duration of developmental phases were noted or measured. There was significant variation among accessions for all the continuous characteristics, and the plant and inflorescence dimensions were all fairly strongly correlated, but the associations between the durations of developmental phases were surprisingly weak, suggesting that there is great scope for manipulation of the pattern of development through breeding. Contingency tables revealed associations between pairs of discrete characteristics. The means and variances of many continuous characteristics differed according to the discrete characteristics: for example accessions with branched plants took longer to germinate and were more variable in this respect than those with unbranched plants. Sometimes one form of a discrete characteristic was associated with a homogeneous group of accessions but the alternative form was not: such a relationship would be easily lost in a multivariate analysis. On the basis of there relationships, and using knowledge of the accessions' origins, they were classified into seven groups. It is concluded that the plant characteristics required for temperate agriculture are present to a large extent in the accessions from near sea level in southern-central Chile, but that the seed characteristics are scattered throughout the germplasm. © 1989 Kluwer Academic Publishers.","1989","2026-07-10 21:13:05","2026-07-10 21:13:05","","147-162","","1-2","41","","Euphytica","","","","","","Kluwer Academic Publishers","","English","","","Scopus","","","","","<p>Export Date: 10 July 2026; Cited By: 47; CODEN: EUPHA</p>","","","Andean crops; Chenopodium quinoa; genetic diversity; germplasm evaluation; linear models; quinoa","","","","","","","","","","","","","","","","","","","","","","","","","","","","","","","","","","","","","","","","","","","","","","",""
"4CDM2SQZ","journalArticle","2025","García-Andrade, J.M.; Cruz-Torres, E.D.L.; Rubí-Arriaga, M.; Laguna-Cerda, A.; Sangerman-Jarquín, D.Ma.","Molecular characterization of wild and cultivated Chenopodium berlandieri (Chenopodiaceae) from central Mexico","Revista Mexicana de Ciencias Agricolas","","20070934 (ISSN)","10.29312/remexca.v16i6.3805","https://www.scopus.com/pages/publications/105021329356?origin=resultslist","The genus Chenopodium contains two species of importance in the diet of Mesoamerica and South America, namely Chenopodium quinoa Willd. (Quinoa) and Chenopodium berlandieri subsp. nuttalliae, the genetic resources of which have not been characterized despite their great nutritional potential and adaptability. In order to molecularly characterize germplasm of red chia, huauzontle (Chenopodium berlandieri subsp. nuttalliae) and quinoa (Chenopodium quinoa Willd.), we molecularly studied 48 genotypes from the Germplasm Banks of the National Institute of Nuclear Research and the Plant Genetic Resources Laboratory of Brigham Young University. To determine the genetic variability, 14 microsatellite markers (SSRs), specific for Chenopodium, were used. Genetic affinity was assessed using the Jaccard similarity coefficient and the analysis of results was performed using the UPGMA method. The results indicate that, within the studied genotypes of both species, 175 alleles were produced, ranging from 8 (KGA16, QCA88) to 16 (QCA37, QAAT74, QCA57), these being the ones that obtained the most alleles per locus. The dendrogram showed that, at a coefficient of 0.9, four main groups were formed, where groups 1 and 2 join advanced lines of quinoa and red chia, mutants of red chia and huauzontle, groups 3 and 4 joins chia and huauzontle, and group five includes all the germplasm of the Plant Genetic Resources Laboratory of BYU, mostly made up of subspecies of Chenopodium zsachei, boscianum and zinatum. It was concluded that there is a great genetic affinity between quinoa, huauzontle and red chia, which opens the possibility of inter-and intraspecific crosses for the genetic improvement of both species. © 2025, National Institute of Forestry, Agricultural and Livestock Research. All rights reserved.","2025","2026-07-10 21:13:05","2026-07-10 21:13:05","","","","6","16","","Rev.  Mex. Cienc. Agricolas.","Caracterización molecular de Chenopodium berlandieri (Chenopodiaceae) silvestres y cultivados del centro de México","","","","","National Institute of Forestry, Agricultural and Livestock Research","","English","","","Scopus","","","","","<p>Export Date: 10 July 2026; Cited By: 0; Correspondence Address: E.D.L. Cruz-Torres; Departamento de Biología, Instituto Nacional de Investigaciones Nucleares, Ocoyoacac, Carretera México-Toluca s/n, La Marquesa, CP. 52750, Mexico; email: eulogio.delacruz@inin.gob.mx</p>","","","Chenopodium berlandieri subsp. nuttalliae; Chenopodium quinua; molecular markers; SSR","","","","","","","","","","","","","","","","","","","","","","","","","","","","","","","","","","","","","","","","","","","","","","",""
"ADYDXRXB","journalArticle","2022","Patiranage, D.S.R.; Rey, E.; Emrani, N.; Wellman, G.; Schmid, K.; Schmöckel, S.M.; Tester, M.; Jung, C.","Genome-wide association study in quinoa reveals selection pattern typical for crops with a short breeding history","eLife","","2050084X (ISSN)","10.7554/elife.66873","https://www.scopus.com/pages/publications/85134610042?origin=resultslist","Quinoa germplasm preserves useful and substantial genetic variation, yet it remains untapped due to a lack of implementation of modern breeding tools. We have integrated field and sequence data to characterize a large diversity panel of quinoa. Whole-genome sequencing of 310 accessions revealed 2.9 million polymorphic high confidence SNP loci. Highland and Lowland quinoa were clustered into two main groups, with FST divergence of 0.36 and LD decay of 6.5 and 49.8 Kb, respectively. A genome-wide association study using multi-year phenotyping trials uncovered 600 SNPs stably associated with 17 traits. Two candidate genes are associated with thousand seed weight, and a resistance gene analog is associated with downy mildew resistance. We also identified pleiotropically acting loci for four agronomic traits important for adaptation. This work demonstrates the use of re-sequencing data of an orphan crop, which is partially domesticated to rapidly identify marker-trait association and provides the underpinning elements for genomics27 enabled quinoa breeding. © 2022, eLife Sciences Publications Ltd. All rights reserved.","2022","2026-07-10 21:13:05","2026-07-10 21:13:05","","","","","11","","eLife","","","","","","eLife Sciences Publications Ltd","","English","","","Scopus","","","","","<p>Export Date: 10 July 2026; Cited By: 43; Correspondence Address: N. Emrani; Plant Breeding Institute, Christian-Albrechts-University of Kiel, Kiel, Am Botanischen Garten 1-9, 24118, Germany; email: c.jung@plantbreeding.uni-kiel.de; C. Jung; Plant Breeding Institute, Christian-Albrechts-University of Kiel, Kiel, Am Botanischen Garten 1-9, 24118, Germany; email: n.emrani@plantbreeding.uni-kiel.de</p>","","","adaptation; agronomic trait; article; Chenopodium quinoa; crop; Crops, Agricultural; domestication; downy mildew; gene linkage disequilibrium; genetic marker; genetic susceptibility; genetic variation; genetics; genome-wide association study; Genome-Wide Association Study; Genome, Plant; genomics; Linkage Disequilibrium; nonhuman; phenotype; plant breeding; Plant Breeding; plant genome; Polymorphism, Single Nucleotide; population structure; re-sequencing; seed weight; single nucleotide polymorphism","","","","","","","","","","","","","","","","","","","","","","","","","","","","","","","","","","","","","","","","","","","","","","",""
"NPI3DWQU","journalArticle","2026","Habib, Z.; Ijaz, S.; Haq, I.U.; Afzal, I.; Ali, G.M.","Identification of plastome-derived mini barcodes by DNA metabarcoding and comparative effectiveness to decipher their strength and resolving power for taxonomic topology-based phylogenetic determination of Chenopodium quinoa","Molecular Biology Reports","","03014851 (ISSN)","10.1007/s11033-026-11616-1","https://www.scopus.com/pages/publications/105032342360?origin=resultslist","Background: Diversification of cropping systems with orphan crops directly concerns food security issues. Chenopodium species display a high degree of morphological semblance, which makes their taxonomic identification intricate and challenging. Methods and results: DNA barcoding of Chenopodium quinoa was made to characterize crop material imported through international trade for the prevailing cropping system. The phylogenetic reconstruction analysis using standard DNA barcodes rbcL and matK did not yield an optimal divergence threshold to resolve C. quinoa from other closely related Chenopodium species. Hence, identifying candidate DNA barcodes for resolving taxonomic diversity is a pressing need. Therefore, this study explored several candidate regions with low intraspecific but high interspecific divergence, and fourteen hypervariable regions were identified as candidate DNA barcodes. These hypervariable regions exhibit significant nucleotide diversity. The phylogenetic analysis revealed that candidate DNA barcodes possess an optimal divergence threshold compared to standard DNA barcodes and have shown more potential to delineate C. quinoa accessions as residents of an evolutionary distinct clade from other Chenopodium species. Mini-barcodes were developed from two hypervariable regions: the trnT(UGU)-trnL(UAA) intergenic spacer region and the rpl32-trnL region. These proved to have significant qualitative and quantitative identity accuracy for two C. quinoa and C. album seed experimental mixtures. Conclusion: The standard DNA barcodes were insufficient to discriminate C. quinoa from other Chenopodium species whereas the candidate DNA barcodes and developed mini-barcodes showed high accuracy in species discrimination and germplasm authentication. © The Author(s), under exclusive licence to Springer Nature B.V. 2026.","2026","2026-07-10 21:13:05","2026-07-10 21:13:05","","","","1","53","","Mol. Biol. Rep.","","","","","","Springer Science and Business Media B.V.","","English","","","Scopus","","","","","<p>Export Date: 10 July 2026; Cited By: 0; Correspondence Address: S. Ijaz; Centre of Agricultural Biochemistry and Biotechnology (CABB), University of Agriculture, Faisalabad, University Road, Pakistan; email: siddraijazkhan@yahoo.com; CODEN: MLBRB</p>","","","article; Article; barcode; Chenopodium quinoa; chloroplast; chloroplast genome; Chloroplast genome; comparative effectiveness; controlled study; Divergence hotspot regions; DNA; DNA barcoding; DNA extraction; DNA sequencing; gene amplification; gene sequence; gene structure; haplotype; high throughput sequencing; metagenome; nonhuman; nucleotide; Nucleotide diversity; nucleotide sequence; optical resolution; Phylogenetic analysis; phylogenetic tree; phylogeny; polymerase chain reaction; Sanger sequencing; sequence alignment; sequence analysis; single nucleotide polymorphism; taxonomy","","","","","","","","","","","","","","","","","","","","","","","","","","","","","","","","","","","","","","","","","","","","","","",""
"3BVBY23L","journalArticle","2025","Manjarres-Hernández, E.H.; De la cruz, R.","Phenotyping of Colombian quinoa cultivars by seed morphobiometry","Euphytica","","00142336 (ISSN)","10.1007/s10681-025-03475-x","https://www.scopus.com/pages/publications/86000303850?origin=resultslist","Quinoa cultivation is notable for the nutritional value of its grain and its ability to adapt to diverse environmental conditions. However, morphobiometric and seed quality studies on quinoa are scarce, especially regarding Colombian germplasm. In this context, the objective of this research was to determine the phenotype of 21 quinoa cultivars from the Boyacá department based on 11 seed morphobiometric parameters. In addition, characteristics such as seed color, shape, and edge were evaluated. The seeds of the cultivars mainly exhibited a cylindrical shape (77%), with a smooth edge being the most common (66%). The most frequent seed colors were white and beige. The 11 seed morphobiometric parameters showed a wide range of variation, and it was established that the most discriminative parameters for differentiating the cultivars were yield, total projected area, shape coefficient, weight of 100 seeds, and seed diameter. Finally, it was concluded that with these parameters, it is possible to select cultivars to initiate quinoa breeding programs. © The Author(s) 2025.","2025","2026-07-10 21:13:05","2026-07-10 21:13:05","","","","4","221","","Euphytica","","","","","","Springer Science and Business Media B.V.","","English","","","Scopus","","","","","<p>Export Date: 10 July 2026; Cited By: 2; Correspondence Address: E.H. Manjarres-Hernández; Facultad de Ciencias, Universidad Pedagógica y Tecnológica de Colombia, Tunja, Colombia; email: elsa.manjarres@uptc.edu.co; CODEN: EUPHA</p>","","","Chenopodium quinoa; Phenotyping; Plant breeding; Seed morphobiometry","","","","","","","","","","","","","","","","","","","","","","","","","","","","","","","","","","","","","","","","","","","","","","",""
"U2ZX3IWF","journalArticle","2007","Bhargava, A.; Shukla, S.; Ohri, D.","Genetic variability and interrelationship among various morphological and quality traits in quinoa (Chenopodium quinoa Willd.)","Field Crops Research","","03784290 (ISSN)","10.1016/j.fcr.2006.10.001","https://www.scopus.com/pages/publications/33845912681?origin=resultslist","Evaluation of seed yield, morphological variability and nutritional quality of 27 germplasm lines of Chenopodium quinoa and 2 lines of C. berlandieri subsp. nuttalliae was carried out in subtropical North Indian conditions over a 2-year period. Seed yield ranged from 0.32 to 9.83 t/ha, higher yields being shown by four Chilean, two US, one Argentinian and one Bolivian line. Two lines of C. berlandieri subsp. nuttalliae exhibited high values for most of the morphological traits but were low yielding. Seed protein among various lines ranged from 12.55 to 21.02% with an average of 16.22 ± 0.47%. Seed carotenoid was in the range of 1.69-5.52 mg/kg, while leaf carotenoid was much higher and ranged from 230.23 to 669.57 mg/kg. Genetic gain as percent of mean was highest for dry weight/plant, followed by seed yield and inflorescence length. All morphological traits except days to flowering, days to maturity and inflorescence length exhibited significant positive association with seed yield. The association of leaf carotenoid with total chlorophyll and seed carotenoid was positive and highly significant. The path analysis revealed that 1000 seed weight had highest positive direct relationship with seed yield (1.057), followed by total chlorophyll (0.559) and branches/plant (0.520). Traits showing high negative direct effect on seed yield were leaf carotenoid (-0.749), seed size (-0.678) and days to flowering (-0.377). Total chlorophyll exerted strongest direct positive effect (0.722) on harvest index, followed by seed yield (0.505) and seed protein (0.245). © 2006 Elsevier B.V. All rights reserved.","2007","2026-07-10 21:13:05","2026-07-10 21:13:05","","104-116","","1","101","","Field Crops Res.","","","","","","","","English","","","Scopus","","","","","<p>Export Date: 10 July 2026; Cited By: 154; Correspondence Address: A. Bhargava; Division of Genetics and Plant Breeding, National Botanical Research Institute, Lucknow, 226001, India; email: atul_238@rediffmail.com; CODEN: FCRED</p>","","","Argentina; Asia; Bolivia; carotenoid; Carotenoid; Carotenoids; Chenopodium quinoa; Chile; chlorophyll; Correlation; Eurasia; Genes; Genetic advance; Genetic engineering; Genetic Engineering; genetic variation; germplasm; Germplasm; Harvest index; Harvesting; Heritability; India; morphology; North America; nutritional status; protein; Protein; Proteins; Seed; seed production; Seed yield; Seeds; Selection approaches; South America; South Asia; subtropical region; United States","","","","","","","","","","","","","","","","","","","","","","","","","","","","","","","","","","","","","","","","","","","","","","",""
"FW9FU3N4","journalArticle","2005","Coles, N.D.; Coleman, C.E.; Christensen, S.A.; Jellen, E.N.; Stevens, M.R.; Bonifacio, A.; Rojas-Beltran, J.A.; Fairbanks, D.J.; Maughan, P.J.","Development and use of an expressed sequenced tag library in quinoa (Chenopodium quinoa Willd.) for the discovery of single nucleotide polymorphisms","Plant Science","","01689452 (ISSN)","10.1016/j.plantsci.2004.09.007","https://www.scopus.com/pages/publications/10344249448?origin=resultslist","Quinoa (Chenopodium quinoa Willd.) is a widely consumed food crop and a primary protein source for many of the indigenous inhabitants of the Andean region of South America. In this study, we report the development of immature seed and floral expressed sequenced tag (EST) libraries and the identification of single nucleotide polymorphisms (SNPs) for quinoa. A total of 424 cDNA clones derived from immature seed and floral tissue were sequenced and analyzed for homology with known gene sequences. Three hundred and eleven of the clones were identified as homologues of known plant proteins, 38 were homologous to Arabidopsis proteins with no known function and 75 do not share significant homology with any protein in the queried databases. Interestingly, several of the annotated ESTs were present in relatively high abundance and have putative functions related to plant defense. Based on EST sequence information, fragments of 34 ESTs were amplified and sequenced in five quinoa accessions and one related weed species, C. berlandieri. Analysis of the quinoa EST sequences revealed a total of 51 SNPs in 20 EST sequences, including 38 single-base changes and 13 insertions-deletions (indels), with an average 1 SNP per 462 base pairs (bp) and 1 indel per 1812 bp. When the C. berlandieri accession was included in the analysis, 29 of the EST clones screened had at least one SNP present and an additional 81 SNPs were identified, bringing the total number of SNPs discovered to 132 (1 per 179 bp). The EST clones and SNP markers identified in this manuscript are of particular value in ongoing efforts to characterize gene expression and regulation associated with seed development, while the SNPs identified have immediate application for genetic mapping experiments, germplasm development, and the investigation of evolutionary relationships within the genus Chenopodium. © 2004 Elsevier Ireland Ltd. All rights reserved.","2005","2026-07-10 21:13:05","2026-07-10 21:13:05","","439-447","","2","168","","Plant Sci.","","","","","","","","English","","","Scopus","","","","","<p>Export Date: 10 July 2026; Cited By: 38; Correspondence Address: Dept. of Plant and Animal Sciences, Brigham Young University, 285 WIDB, Provo, UT 84602, USA, United States; email: jeff_maughan@byu.edu; CODEN: PLSCE</p>","","","Acer pensylvanicum; Arabidopsis; Chenopodium; Chenopodium berlandieri; Chenopodium quinoa; Cleaved amplified polymorphic sequence (CAPS) marker; Clones; Cloning; Data Bases; Database systems; DNA; Expressed sequence tags (ESTs); Expressed sequenced tag (EST) libraries; Indels; Indigenous inhabitants; Nucleic acids; Nucleic Acids; Plants; Plants (botany); Primary protein source; Proteins; Seed; Seeds; Single nucleotide polymorphisms (SNPs)","","","","","","","","","","","","","","","","","","","","","","","","","","","","","","","","","","","","","","","","","","","","","","",""
"DTJ4NZS8","journalArticle","2022","Zhang, J.-H.; Wang, S.-Y.; Yang, E.-Z.; Shi, F.-Y.; Li, J.-N.; Liu, R.-X.; Guo, Z.-B.","Genetic Diversity Analysis of Phenotypic Traits in Chenopodium quinoa Willd. Germplasm Resources","Chinese Journal of Grassland","","16735021 (ISSN)","10.16742/j.zgcdxb.20220072","https://www.scopus.com/pages/publications/85196353828?origin=resultslist","In this study, genetic diversity, correlation, principal component analysis and cluster analysis were conducted on 18 agronomic and phenotypic traits of 60 quinoa resources, in order to screen germplasm resources suitable for planting in Inner Mongolia. The results showed that this batch of quinoa materials had rich genetic diversity, and the coefficient of variation was between 13.75% to 66.74%. The correlation analysis showed that the grain weight per panicle was significantly positively correlated with plant height, stem diameter, effective panicle number, main panicle diameter, leaf length, effective branch number and main panicle length (P <0.01), significantly positively correlated with leaf width (P <0.05), and significantly negatively correlated with grain color (P <0.05). The principal component analysis showed that the cumulative contribution rate of six principal components was 72.50%, which were yield component, plant morphology and panicle color component, plant yield component, plant color component, plant type component and panicle morphology component. Cluster analysis showed that 60 quinoa materials could be divided into three groups when the genetic distance was four. Among them, three materials in group &#8546; had the characteristics of tall plant, strong stems, many effective branches, large leaf area, long main panicle, high yield and good comprehensive traits, which could further carry out genetic improvement and fine traits exploration, providing theoretical basis and information support for the protection, utilization and screening of quinoa germplasm resources. © 2022 Editorial Department of Chinese Journal of Grassland. All rights reserved.","2022","2026-07-10 21:13:05","2026-07-10 21:13:05","","37-46","","12","44","","Chin. J. Grassl.","&#34268;&#40614;&#31181;&#36136;&#36164;&#28304;&#34920;&#22411;&#24615;&#29366;&#36951;&#20256;&#22810;&#26679;&#24615;&#20998;&#26512;","","","","","Editorial Department of Chinese Journal of Grassland","","Chinese","","","Scopus","","","","","<p>Export Date: 10 July 2026; Cited By: 5; Correspondence Address: S.-Y. Wang; College of Agricultural, Inner Mongolia Agricultural University, Hohhot, 010019, China; email: wangshuyan2006@163.com</p>","","","Genetic diversity; Germplasm resources; Phenotypic traits; Quinoa","","","","","","","","","","","","","","","","","","","","","","","","","","","","","","","","","","","","","","","","","","","","","","",""
"CWTCBR6P","journalArticle","2016","Martín, J.C.; Higuera, B.L.","Glucosinolate composition of Colombian accessions of mashua (Tropaeolum tuberosum Ruíz & Pavón), structural elucidation of the predominant glucosinolate and assessment of its antifungal activity","Journal of the science of food and agriculture","","10970010 (ISSN)","10.1002/jsfa.7689","https://www.scopus.com/pages/publications/84989235021?origin=resultslist","BACKGROUND: The content of individual and total glucosinolates in 65 mashua tuber accessions (Tropaeolum tuberosum) from the germplasm bank at Universidad Nacional de Colombia was determined by reverse phase high-performance liquid chromatography on enzymatically desulfated extracts. The predominant glucosinolate was identified and the possible structure of the glucosinolate present in lower proportion was postulated from evidence obtained by high-performance liquid chromatography/mass spectrometry, 1 H and 13 C nuclear magnetic resonance and bi-dimensional experiments. The biological action of the hydrolysis products generated from the glucosinolates in the accessions that showed a higher content of these compounds was assessed in the presence of Fusarium oxysporum f. sp. dianthi, Rhizoctonia solani and Phytophthora infestans.; RESULTS: The total content of glucosinolates ranged between >3.00 × 10-1 and 25.8 µmol g-1 dry matter. p-Methoxybenzyl glucosinolate was identified as the predominant glucosinolate in Colombian mashua accessions; besides, the possible presence of p-hydroxybenzyl glucosinolate was postulated. In vitro assays established an important fungal growth inhibition of the potato pathogen P. infestans.; CONCLUSION: The biological action from p-methoxybenzyl glucosinolate and p-hydroxybenzyl glucosinolate found in Colombian mashua accessions depends on their concentration, with the Tt30 accession, characterized for showing the highest content of glucosinolates, being the most promising to control the assessed pathogens. © 2016 Society of Chemical Industry. © 2016 Society of Chemical Industry.","2016","2026-07-10 21:16:29","2026-07-10 21:16:29","","4702-4712","","14","96","","J. Sci. Food Agric.","","","","","","","","English","","","Scopus","","","","","<p>Export Date: 10 July 2026; Cited By: 24</p>","","","antifungal agent; Antifungal Agents; Carbohydrate Conformation; chemistry; Colombia; conformation; drug effects; Fungi; fungus; genetics; glucosinolate; glucosinolates; Glucosinolates; metabolism; microbiology; p-hydroxybenzyl glucosinolate; p-methoxybenzyl glucosinolate; plant disease; Plant Diseases; potato; Solanum tuberosum; Tropaeolum; Tropaeolum tuberosum","","","","","","","","","","","","","","","","","","","","","","","","","","","","","","","","","","","","","","","","","","","","","","",""
"HT4XMJLW","journalArticle","2009","Soria Re, S.; Taboada, C.; Gonzalez, R.V.; Evans, T.; Damsteegt, V.D.; Kitto, S.","In vitro and ecuador-field performance of virus-tested and virus-infected plants of Tropaeolum tuberosum","Experimental Agriculture","","14694441 (ISSN)","10.1017/S001447970999007X","https://www.scopus.com/pages/publications/70350569246?origin=resultslist","Ecuadorean mashua (Tropaeolum tuberosum) germplasm has been found to be widely infected with the potyvirus Tropaeolum mosaic virus (TropMV). The objective of this research was to produce virus-tested (VT) germplasm to compare growth in vitro and in the field with virus-infected (V) germplasm. Twenty-three of 25 apical dome-derived clones tested free of virus based on bioassays using Nicotiana benthamiana and Chenopodium quinoa. In vitro-generated plant tissue was just as effective for determining VT status as greenhouse-generated plant tissue. Genotype rather than virus-infection status appeared to have a greater effect on in vitro proliferation. There were no differences in in vitro rooting among the genotypes or between the VT clones compared to the V clones, with at least 90% of the microcuttings rooting. However, rooted microcuttings of V clones were taller than rooted microcuttings of VT clones. Plants were readily re-established in a greenhouse at the USDA, Foreign Disease-Weed Science Research Unit at Fort Detrick, USA. In field experiment 1, ca. 75% of the plants survived field transplanting and VT plants of genotype 1147 had greater tuber weight (928 g) than V plants (235 g). In field experiment 2, plant mortality was high one month after field transplanting. Genotypes 1093 (59%) and 1141 (54%) had higher survival than genotype 1147 (44%); however, survival did not differ between the VT (46%) and V (59%) plants of all genotypes. No differences were noted in field performance for the three genotypes after 10 months of growth. Although overall tuber yield among the V, VT and VTR (reinfected-VT plants) did not differ, V plants produced big tubers that weighed more than those from VT plants. Thirty-three percent of the VT plants became reinfected and 42% of the V plants tested negative after 10 months in the field based on double-antibody-sandwich ELISA. © Cambridge University Press 2009.","2009","2026-07-10 21:16:29","2026-07-10 21:16:29","","483-497","","4","45","","Exp. Agric.","","","","","","","","English","","","Scopus","","","","","<p>Export Date: 10 July 2026; Cited By: 1; Correspondence Address: S. Kitto; Department of Plant and Soil Sciences, University of Delaware, Newark, DE 19716-2170, United States; email: kitto@udel.edu; CODEN: EXAGA</p>","","","Chenopodium quinoa; Nicotiana benthamiana; Potyvirus; Tropaeolaceae; Tropaeolum; Tropaeolum tuberosum; Tuber (truffle)","","","","","","","","","","","","","","","","","","","","","","","","","","","","","","","","","","","","","","","","","","","","","","",""
"9QEYPJR4","journalArticle","2009","Malice, M.; Baudoin, J.-P.","Genetic diversity and germplasm conservation of three minor Andean tuber crop species","Biotechnology, Agronomy, Society and Environment","","13706233 (ISSN)","","https://www.scopus.com/pages/publications/70349873337?origin=resultslist","In traditional Andean agrosystems, three minor tuber crop species are of regional or local importance: oca (Oxalis tuberosa Molina), ulluco (Ullucus tuberosus Caldas) and mashua (Tropaeolum tuberosum Ruiz & Pav.). Genetic diversity within these species is very large and could result from the high ecological and cultural variability that characterizes the Andean area. Nowadays, many anthropic or ecological factors cause the loss of diversity and contribute to genetic erosion. The development of conservation strategies for genetic resources of Andean tubers, in situ as well as ex situ, includes a better knowledge of diversity in addition to the study of Andean farming strategies linked to this genetic diversity.","2009","2026-07-10 21:16:29","2026-07-10 21:16:29","","441-448","","3","13","","""Biotechnologie, Agronomie, Societe et Environnement""","Diversité génétique et conservation du germoplasme de trois tubercules andins mineurs","","","","","Les Presses Agronomiques de Gembloux","","French","","","Scopus","","","","","<p>Export Date: 10 July 2026; Cited By: 15; Correspondence Address: M. Malice; Univ. Liege - Gembloux Agro-Bio Tech, Department of Tropical Crop Husbandry and Horticulture, 2. B- 5030 Gembloux, Passage des Déportés, Belgium; email: malice.m@fsagx.ac.be</p>","","","Andean tubers; Bolivia; Ex situ conservation; Genetic diversity; In situ conservation; Mashua; Oca; Oxalis tuberosa; Phytogenetic resources; Tropaeolaceae; Tropaeolum tuberosum; Ulluco; Ullucus tuberosus","","","","","","","","","","","","","","","","","","","","","","","","","","","","","","","","","","","","","","","","","","","","","","",""
"I3NACA4G","journalArticle","2007","Ortega, O.R.; Duran, E.; Arbizu, C.; Ortega, R.; Roca, W.; Potter, D.; Quiros, C.F.","Pattern of genetic diversity of cultivated and non-cultivated mashua, Tropaeolum tuberosum, in the Cusco region of Perú","Genetic Resources and Crop Evolution","","09259864 (ISSN)","10.1007/s10722-006-9160-y","https://www.scopus.com/pages/publications/34447318379?origin=resultslist","This paper analyzes the genetic diversity of mashua cultivars grown in six communities in the Cusco region of Perú, of non-cultivated forms collected in the same region, and a sample of cultivars from the germplasm collection at the International Potato Center (CIP). From the DNA fingerprinting generated by SRAP markers, it is clear that mashua is a genetically variable crop with a range of similarity ranging from 65 to 99%. The widest range of variation was found for the most isolated community, Sayllafaya. Another important finding was that most of the non-cultivated accessions are likely feral races resulting from escape to cultivation rather than wild relatives. In general the range of variation of the cultivars from the communities and their feral relatives are not represented in the cultivars sampled of the collection maintained at the International Potato Center, Perú. © 2006 Springer Science+Business Media, Inc.","2007","2026-07-10 21:16:29","2026-07-10 21:16:29","","807-821","","4","54","","Genet. Resour. Crop. Evol.","","","","","","","","English","","","Scopus","","","","","<p>Export Date: 10 July 2026; Cited By: 17; Correspondence Address: C.F. Quiros; Department of Plant Sciences, University of California, Davis, CA 95616, United States; email: cfquiros@ucdavis.edu; CODEN: GRCEE</p>","","","Andean tuber; cultivar; Cuzco [Peru]; DNA fingerprinting; feral organism; Genetic diversity; genetic marker; genetic variation; germplasm; Mashua; Molecular markers; Peru; Solanum tuberosum; South America; SRAP; Tropaeolaceae; Tropaeolum tuberosum; tuber","","","","","","","","","","","","","","","","","","","","","","","","","","","","","","","","","","","","","","","","","","","","","","",""
"U7U4T99T","journalArticle","2026","Ruiz-Mateus, D.; Scheffler, I.; Márquez-Cardona, M.D.P.; Greb, T.; Terán, W.; Hunziker, P.","Reference Genome Assembly of a Tetraploid Accession of the Tuber Crop Tropaeolum tuberosum","Genome Biology and Evolution","","17596653 (ISSN)","10.1093/gbe/evag115","https://www.scopus.com/pages/publications/105039491994?origin=resultslist","Tropaeolum tuberosum is a tuber-forming crop native to the Andes, valued for its nutritional content, pest resistance, and adaptation to high-altitude environments. Despite its contribution to food security and sustainable agriculture, it remains an underutilized species with scarce genomic resources, limiting genetic and functional studies. To address this gap, we generated a reference genome assembly for a European ex situ tetraploid accession of T. tuberosum using PacBio HiFi sequencing. The assembly spans 1.3&#8197;Gb in 1,805 contigs (contigs N50 = 32.2&#8197;Mb, longest contig = 60&#8197;Mb) and recovers 87% of the estimated genome size. We assessed assembly completeness and accuracy using Benchmarking Universal Single-Copy Orthologs, which detected 98.5% complete genes (21.7% single-copy, 76.8% duplicated), 0.7% fragmented, and 0.7% missing, demonstrating near-complete gene space recovery consistent with a high-quality tetraploid genome. To evaluate transferability, we resequenced a field-collected Colombian genotype of economic relevance using Oxford Nanopore technology. Read mapping showed 99.7% of primary alignments to the reference (weighted mean coverage = 16.4×, 96.1% at &#8805;5×), confirming broad sequence conservation between accessions and validating the suitability of the ex situ reference as an anchor for in situ germplasm. Repetitive elements accounted for 71.3% of the genome. Using ANNEVO, we annotated 56,354 high-confidence protein-coding genes, achieving 98.3% complete BUSCOs, a PSAURON score of 97.2, and 90.5% taxonomic consistency with the rosid lineage (OMArk). This high-quality reference genome establishes a foundational resource for comparative genomics, population genomics, and functional analyses on T. tuberosum, supporting future breeding and conservation of this important food resource. © The Author(s) 2026. Published by Oxford University Press on behalf of Society for Molecular Biology and Evolution. This is an Open Access article distributed under the terms of the Creative Commons Attribution License (https://creativecommons.org/licenses/by/4.0/), which permits unrestricted reuse, distribution, and reproduction in any medium, provided the original work is properly cited.","2026","2026-07-10 21:16:29","2026-07-10 21:16:29","","","","5","18","","Genome Biolog. Evol.","","","","","","Oxford University Press","","English","","","Scopus","","","","","<p>Export Date: 10 July 2026; Cited By: 0; Correspondence Address: P. Hunziker; Centre for Organismal Studies (COS), Heidelberg University, Heidelberg, Im Neuenheimer Feld 360, 69120, Germany; email: pascal.hunziker@cos.uni-heidelberg.de</p>","","","cubio; Genome, Plant; isaño; mashua; orphan crop; PacBio HiFi; plant genome; tetraploidy; Tetraploidy; underutilized","","","","","","","","","","","","","","","","","","","","","","","","","","","","","","","","","","","","","","","","","","","","","","",""
"AF7KIA8B","journalArticle","2026","Fernández-Poquioma, D.M.; Llaja-Zuta, E.; Hernández-Amasifuen, A.D.; Condori-Apfata, J.A.","In Vitro Micropropagation of Native Ulluco (Ullucus tuberosus Caldas) from the Amazonas Region of Peru","Plants","","22237747 (ISSN)","10.3390/plants15060959","https://www.scopus.com/pages/publications/105034097447?origin=resultslist","Ulluco (Ullucus tuberosus Caldas) is an Andean tuber crop of high nutritional and genetic importance. However, its vegetative propagation promotes the accumulation of pathogens and limits the availability of uniform, high-quality planting material. In this study, an efficient and reproducible in vitro micropropagation protocol was established for an ulluco genotype from the Amazonas region of Peru. Nodal segments were cultured on MS (Murashige and Skoog) medium supplemented with 6-benzylaminopurine (BAP) or kinetin (KIN) at increasing concentrations (0.0–2.0 mg L&#8722;1). For rooting, in vitro-derived shoots were transferred to MS medium supplemented with indole-3-butyric acid (IBA) or 1-naphthaleneacetic acid (NAA) at the same concentration range (0.0–2.0 mg L&#8722;1). The explants exhibited a high basal morphogenetic capacity; however, the addition of cytokinins significantly enhanced the response. KIN at 2.0 mg L&#8722;1 achieved 100% regeneration, whereas BAP at 0.2 mg L&#8722;1 maximized shoot proliferation, producing 2.07 shoots per explant. Shoot elongation was greater with KIN at 1.0 mg L&#8722;1, reaching 39.15 mm. In the rooting phase, the response varied depending on the type and concentration of auxin. NAA at 0.1 mg L&#8722;1 resulted in 100% rooting and produced the greatest root length (41.93 mm), whereas IBA at 0.1 mg L&#8722;1 maximized the number of roots (4.67), although roots were shorter. Rooted plantlets exhibited 100% survival after eight weeks of acclimatization. This protocol provides an effective system for the rapid production of vigorous and uniform clonal plants and represents a useful tool for the propagation, conservation, and future biotechnological improvement of ulluco. © 2026 by the authors.","2026","2026-07-10 21:17:08","2026-07-10 21:17:08","","","","6","15","","Plants","","","","","","Multidisciplinary Digital Publishing Institute (MDPI)","","English","","","Scopus","","","","","<p>Export Date: 10 July 2026; Cited By: 0; Correspondence Address: J.A. Condori-Apfata; Instituto de Investigación, Innovación y Desarrollo para el Sector Agrario y Agroindustrial (IIDAA), Facultad de Ingeniería y Ciencias Agrarias, Universidad Nacional Toribio Rodríguez de Mendoza de Amazonas, Chachapoyas, Calle Higos Urco 342—Ciudad Universitaria, 01000, Peru; email: jorge.condori@untrm.edu.pe</p>","","","ex vitro acclimatization; germplasm; in vitro conservation; nodal segments; plant tissue culture","","","","","","","","","","","","","","","","","","","","","","","","","","","","","","","","","","","","","","","","","","","","","","",""
"VXLUGHSJ","journalArticle","2009","Malice, M.; Baudoin, J.-P.","Genetic diversity and germplasm conservation of three minor Andean tuber crop species","Biotechnology, Agronomy, Society and Environment","","13706233 (ISSN)","","https://www.scopus.com/pages/publications/70349873337?origin=resultslist","In traditional Andean agrosystems, three minor tuber crop species are of regional or local importance: oca (Oxalis tuberosa Molina), ulluco (Ullucus tuberosus Caldas) and mashua (Tropaeolum tuberosum Ruiz & Pav.). Genetic diversity within these species is very large and could result from the high ecological and cultural variability that characterizes the Andean area. Nowadays, many anthropic or ecological factors cause the loss of diversity and contribute to genetic erosion. The development of conservation strategies for genetic resources of Andean tubers, in situ as well as ex situ, includes a better knowledge of diversity in addition to the study of Andean farming strategies linked to this genetic diversity.","2009","2026-07-10 21:17:08","2026-07-10 21:17:08","","441-448","","3","13","","""Biotechnologie, Agronomie, Societe et Environnement""","Diversité génétique et conservation du germoplasme de trois tubercules andins mineurs","","","","","Les Presses Agronomiques de Gembloux","","French","","","Scopus","","","","","<p>Export Date: 10 July 2026; Cited By: 15; Correspondence Address: M. Malice; Univ. Liege - Gembloux Agro-Bio Tech, Department of Tropical Crop Husbandry and Horticulture, 2. B- 5030 Gembloux, Passage des Déportés, Belgium; email: malice.m@fsagx.ac.be</p>","","","Andean tubers; Bolivia; Ex situ conservation; Genetic diversity; In situ conservation; Mashua; Oca; Oxalis tuberosa; Phytogenetic resources; Tropaeolaceae; Tropaeolum tuberosum; Ulluco; Ullucus tuberosus","","","","","","","","","","","","","","","","","","","","","","","","","","","","","","","","","","","","","","","","","","","","","","",""
"JGR842QN","journalArticle","2019","Hammond Hammond, S.D.; Viehmannova, I.; Zamecnik, J.; Panis, B.; Hlasna Cepkova, P.","Efficient slow-growth conservation and assessment of clonal fidelity of Ullucus tuberosus Caldas microshoots","Plant Cell, Tissue and Organ Culture","","01676857 (ISSN)","10.1007/s11240-019-01653-z","https://www.scopus.com/pages/publications/85069542970?origin=resultslist","Slow-growth is a biotechnological tool for medium-term conservation of plant germplasm under in vitro conditions. In the present study, we assessed six culture media supplements and two cultivation temperatures to develop a reliable in vitro conservation protocol for ulluco (Ullucus tuberosus Caldas), an Andean tuber crop rich in carbohydrates and vitamin C. One-nodal segments of ulluco were cultivated on half-strength Murashige and Skoog (MS) medium supplemented with mannitol (10–30 g l&#8722;1), sorbitol (10–30 g l&#8722;1), sucrose (10–120 g l&#8722;1), chlorcholinchlorid (CCC; 300–700 mg l&#8722;1), abscisic acid (ABA; 1–3 mg l&#8722;1), or maleic hydrazide (MH; 0.1–0.5 mg l&#8722;1). In vitro cultures were maintained at either 5 °C or 17 °C cultivation temperature. After 18-month cultivation, based on growth characteristics, survival percentage and form of survival (plant, live shoot + microtuber, microtuber + dead shoot), four treatments were selected: 30 g l&#8722;1 mannitol|17 °C, 30 g l&#8722;1 sorbitol|17 °C, 0.3 mg l&#8722;1 MH|17 °C and 60 g l&#8722;1 sucrose|17 °C. The plantlets from these treatments were tested for regrowth ability on half-strength MS medium. After 28 days of cultivation, survival percentage and morphological characteristics were evaluated. Plantlets originating from conservation medium supplemented with 30 g l&#8722;1 mannitol showed the fastest regrowth and provided overall superior characteristics over shoots from other treatments. These plants were subjected to inter simple sequence repeat analysis, which gave rise to monomorphic patterns indicating no detected genetic variation between plants recovered after conservation on this medium and proving the reliability of this conservation protocol. © 2019, Springer Nature B.V.","2019","2026-07-10 21:17:08","2026-07-10 21:17:08","","559-570","","3","138","","Plant Cell Tissue Organ Cult.","","","","","","Springer Netherlands","","English","","","Scopus","","","","","<p>Export Date: 10 July 2026; Cited By: 14; Correspondence Address: I. Viehmannova; Department of Crop Sciences and Agroforestry, Faculty of Tropical AgriSciences, Czech University of Life Sciences Prague, Prague, Kamycka 129, 165 21, Czech Republic; email: viehmann@ftz.czu.cz; CODEN: PTCED</p>","","","Alcohols; Characteristics; Conservation; Cultivation; DNA sequences; Drug products; Genes; In vitro conservation; In-vitro; Inter-simple sequence repeats; ISSR; Mannitol; Medium-term conservations; Minimal growth; Morphological characteristic; Murashige and Skoog mediums; Plants (botany); Polyols; Reliability analysis; Sugar (sucrose); Survival; Ulluco","","","","","","","","","","","","","","","","","","","","","","","","","","","","","","","","","","","","","","","","","","","","","","",""
"VATZMVSP","journalArticle","2004","Manzelli, M.; Vecchio, V.; Benedettelli, S.; Andrenelli, L.","Effect of temperature and sucrose on Ulluco (Ullucus tuberosus Caldas) microtuber production under neutral photoperiodic conditions","Advances in Horticultural Science","","03946169 (ISSN)","","https://www.scopus.com/pages/publications/13844281973?origin=resultslist","The area of the Andean Mountains is characterized by a high level of biodiversity. The species Ullucus tuberosus, which belongs to the Andean Root and Tuber Crop group, has a prominent role in feeding local communities. Despite its importance, little information on the basic aspects of this crop is available and its unknown genetic wideness is at risk to disappear. This study was conducted in order to delineate the effect of both temperature and medium sucrose concentration on Ulluco microtuber production. In fact microtubers represent an efficient way to preserve germplasm and thus the definition of simple protocols for microtuber induction is a valid tool to guarantee germplasm conservation and its economic sustainability. Three levels of sucrose (30, 60 and 90 g l-1) in the Murashige-Skoog medium and two temperature growth conditions (12-18°C and 18-24°C) have been chosen to assess microtuber production in Ulluco. The 3% sucrose concentration and the 12-18°C temperature range determined the highest microtuber number. The sucrose effect on microtuber induction is in contrast to what has been observed in other species, such as Solanum tuberosum and Dioscorea composita. Low sucrose concentration and temperature are also associated with high microtuber dormancy levels. The 18-24°C temperature range and the 3% sucrose concentration induced a higher plant development in terms of fresh plant and tuber weight.","2004","2026-07-10 21:17:08","2026-07-10 21:17:08","","207-210","","4","18","","Adv. Hortic. Sci.","","","","","","","","English","","","Scopus","","","","","<p>Export Date: 10 July 2026; Cited By: 0; CODEN: AHSCF</p>","","","Dioscorea alata; Dioscorea composita; Embryophyta; Germplasm conservation; in vitro tuber induction; Microtuber dormancy; Solanum tuberosum; Tuberosum; Ulluco; Ullucus tuberosus","","","","","","","","","","","","","","","","","","","","","","","","","","","","","","","","","","","","","","","","","","","","","","",""
"LFAEBCK8","journalArticle","2022","Bravo-Portocarrero, R.Y.; Leon-Tacca, B.; Llanos-Nina, J.M.; Leon-Tacca, A.; Medina, W.T.","Morphologic and agronomic characterization of 3 varieties and 27 accessions of cañihua (Chenopodium pallidicaule Aellen) from the Camacani germplasm bank, Puno, Peru","Bioagro","","13163361 (ISSN)","10.51372/bioagro342.2","https://www.scopus.com/pages/publications/85130013378?origin=resultslist","Cañihua is a very important crop in the diet of the Peruvian and Bolivian Andean highlands’ population due to the high protein quality of its grains. The Germplasm Bank of Andean Crops of Universidad Nacional del Altiplano, located in Puno, Peru, has around 400 accessions of this species, many of which do not have a standardized description that could serve as a basis for research aiming crop production improvement. The objective of this work was to characterize morphologically and agronomically 27 accessions of cañihua compared with 3 commercial varieties. The evaluated traits were plant height, number of branches, vegetative cover, length, width and number of teeth of the leaf blade, diameter and test weight of the grain, yield and harvest index, along with the number of days to branching, flowering, milky and pasty grain, and physiological maturity. The results indicate that among the varieties, the highest yield was shown by INIA-406, while Cupi and Ramis were the earliest ones. Cupi has higher yield than Ramis, although its grains are smaller. The accessions showed high variability among them and the accession 03-21-23 stood out for its high yield and the 03-21-315 for having the largest grain size, although low yield. Accession 03-21-7 showed the highest plant height and 03-21-246 the largest canopy, both with acceptable yields. It is concluded on the convenience of undertaking the improvement of the genetic stability of these four accessions. © 2022, Universidad Centroccidental Lisandro Alvarado (UCLA). All rights reserved.","2022","2026-07-10 21:17:25","2026-07-10 21:17:25","","111-124","","2","34","","Bioagro","CARACTERIZACIÓN MORFOLÓGICA Y EVALUACIÓN AGRONÓMICA DE 3 VARIEDADES Y 27 ACCESIONES DE CAÑIHUA (Chenopodium pallidicaule Aellen) PROCEDENTES DEL BANCO DE GERMOPLASMA CAMACANI, PUNO, PERÚ","","","","","Universidad Centroccidental Lisandro Alvarado (UCLA)","","Spanish","","","Scopus","","","","","<p>Export Date: 10 July 2026; Cited By: 3; Correspondence Address: R.Y. Bravo-Portocarrero; Facultad de Ciencias Agrarias, Universidad Nacional del Altiplano de Puno, Puno, Ciudad Universitaria, Peru; email: rosariobravo@unap.edu.pe</p>","","","Agronomic traits; descriptors; germplasm; morphology","","","","","","","","","","","","","","","","","","","","","","","","","","","","","","","","","","","","","","","","","","","","","","",""
"SL9LHZI3","journalArticle","2022","Ttacca, B.L.; Portocarrero, R.B.; Nina, J.M.L.; Tacca, A.L.; Medina Espinoza, W.T.","Fluctuation of main insect pests and diseases in cañihua (Chenopodium pallidicaule Aellen) of the Peruvian Andean Altiplano","Revista de la Facultad de Agronomia","","03787818 (ISSN)","10.47280/RevFacAgron(LUZ).v39.n2.01","https://www.scopus.com/pages/publications/85127536783?origin=resultslist","The Andean crop germplasm bank, of the Camacani Experimental Center of the Universidad Nacional del Altiplano de Puno, has around 400 accessions of cañahua (Chenopodium pallidicaule Aellen), and 27 of them have been agronomically characterized. Given the importance of this crop for the inhabitants of highlands of the Peruvian Andes, the objective of this research was to assess the population fluctuation of insect pests and the severity of diseases in the mentioned accessions, along with three commercial varieties. The evaluations were carried out in three phases of the crop development, including the grain yield. It was found that the accessions and varieties of cañahua were tolerant to the attack of most pests and diseases. The most important pest was Eurysacca quinoae Povolny, especially in the accession 03-21-26 and the Ramis variety, in which up to 5.5 and 4.5 larvae were found per plant, respectively; however, the pest did not exceed the economic threshold of 6 larvae per plant during the phenological phases. In regards to diseases, it was confirmed that Peronospora sp. (mildew) is the main pathology that occurred during the agricultural season. Accessions 03-21-03 and 03-21-24 were not affected by the disease, while accessions 03-21-267, 03-21-218, 03-21-124, 03-21-26 and 03-21-64 were the most affected, showing the highest severity and area under the disease progress curve. When evaluating one season, the accessions and varieties of cañihua showed resistance to insect-pests and diseases, without appreciably decrease of their grain yields. © The Authors, 2021, Published by the Universidad del Zulia.","2022","2026-07-10 21:17:25","2026-07-10 21:17:25","","","","2","39","","Rev. Facul. Agron.","Flutuação das principais pragas e doenças de insetos em cañihua (Chenopodium pallidicaule Aellen) do Altiplano Andino peruano","","","","","Universidad del Zulia","","English","","","Scopus","","","","","<p>Export Date: 10 July 2026; Cited By: 2; Correspondence Address: B.L. Ttacca; Universidad Nacional de Cañete, Escuela Profesional de Agronomía, Peru; email: bleon@undc.edu.pe</p>","","","Germplasm bank; Population fluctuation; Severity","","","","","","","","","","","","","","","","","","","","","","","","","","","","","","","","","","","","","","","","","","","","","","",""
"RQF2UCZA","journalArticle","2011","Vargas, A.; Elzinga, D.B.; Rojas-Beltran, J.A.; Bonifacio, A.; Geary, B.; Stevens, M.R.; Jellen, E.N.; Maughan, P.J.","Development and use of microsatellite markers for genetic diversity analysis of cañahua (Chenopodium pallidicaule Aellen)","Genetic Resources and Crop Evolution","","09259864 (ISSN)","10.1007/s10722-010-9615-z","https://www.scopus.com/pages/publications/79959791928?origin=resultslist","Cañahua (Chenopodium pallidicaule Aellen) is a poorly studied, annual subsistence crop of the high Andes of South America. Its nutritional value (high in protein and mineral content) and ability to thrive in harsh climates make it an important regional food crop throughout the Andean region. The objectives of this study were to develop genetic markers and to quantify genetic diversity within cañahua. A set of 43 wild and cultivated cañahua genotypes and two related species (Chenopodium quinoa Willd. and Chenopodium petiolare Kunth) were evaluated for polymorphism using 192 microsatellite markers derived from random genomic cañahua sequences produced by 454 pyrosequencing of cañahua genomic DNA. Another 424 microsatellite markers from C. quinoa were also evaluated for cross-species amplification and polymorphism in cañahua. A total of 34 polymorphic microsatellite marker loci were identified which detected a total of 154 alleles with an average of 4. 5 alleles per marker locus and an average heterozygosity value of 0. 49. A cluster analysis, based on Nei genetic distance, clearly separated from wild cañahua genotypes from the cultivated genotypes. Within the cultivated genotypes, subclades were partitioned by AMOVA analysis into six model-based clusters, including a subclade consisting sole of erect morphotypes. The isolation by distance test displayed no significant correlation between geographic collection origin and genotypic data, suggesting that cañahua populations have moved extensively, presumably via ancient food exchange strategies among native peoples of the Andean region. The molecular markers reported here are a significant resource for ongoing efforts to characterize the extensive Bolivian and Peruvian cañahua germplasm banks, including the development of core germplasm collections needed to support emerging breeding programs. © 2010 Springer Science+Business Media B.V.","2011","2026-07-10 21:17:25","2026-07-10 21:17:25","","727-739","","5","58","","Genet. Resour. Crop. Evol.","","","","","","","","English","","","Scopus","","","","","<p>Export Date: 10 July 2026; Cited By: 13; Correspondence Address: P. J. Maughan; Department of Plant and Wildlife Sciences, Brigham Young University, Provo, UT 84602, 285 WIDB, United States; email: Jeff_Maughan@byu.edu; CODEN: GRCEE</p>","","","Acer pensylvanicum; Andes; Cañahuaf; Chenopodium pallidicaule; Chenopodium petiolare; Chenopodium quinoa; cluster analysis; crop plant; cultivar; Genetic diversity; genetic marker; genetic resource; genetic variation; germplasm; herb; heterozygosity; indigenous population; Microsatellite markers; molecular analysis; morphotype; nutritive value; plant breeding; Population structure; variance analysis; wild population","","","","","","","","","","","","","","","","","","","","","","","","","","","","","","","","","","","","","","","","","","","","","","",""
"HB2W8T43","journalArticle","2019","Mangelson, H.; Jarvis, D.E.; Mollinedo, P.; Rollano-Penaloza, O.M.; Palma-Encinas, V.D.; Gomez-Pando, L.R.; Jellen, E.N.; Maughan, P.J.","The genome of Chenopodium pallidicaule: An emerging Andean super grain","Applications in Plant Sciences","","21680450 (ISSN)","10.1002/aps3.11300","https://www.scopus.com/pages/publications/85075184886?origin=resultslist","Premise: Cañahua is a semi-domesticated crop grown in high-altitude regions of the Andes. It is an A-genome diploid (2n = 2x = 18) relative of the allotetraploid (AABB) Chenopodium quinoa and shares many of its nutritional benefits. Cañahua seed contains a complete protein, a low glycemic index, and offers a wide variety of nutritionally important vitamins and minerals. Methods: The reference assembly was developed using a combination of short- and long-read sequencing techniques, including multiple rounds of Hi-C–based proximity-guided assembly. Results: The final assembly of the ~363-Mbp genome consists of 4633 scaffolds, with 96.6% of the assembly contained in nine scaffolds representing the nine haploid chromosomes of the species. Repetitive element analysis classified 52.3% of the assembly as repetitive, with the most common repeat identified as long terminal repeat retrotransposons. MAKER annotation of the final assembly yielded 22,832 putative gene models. Discussion: When compared with quinoa, strong patterns of synteny support the hypothesis that cañahua is a close A-genome diploid relative, and thus potentially a simplified model diploid species for genetic analysis and improvement of quinoa. Resequencing and phylogenetic analysis of a diversity panel of cañahua accessions suggests that coordinated efforts are needed to enhance genetic diversity conservation within ex situ germplasm collections. © 2019 Mangelson et al. Applications in Plant Sciences is published by Wiley Periodicals, Inc. on behalf of the Botanical Society of America","2019","2026-07-10 21:17:25","2026-07-10 21:17:25","","","","11","7","","Appl. Plant Sci.","","","","","","John Wiley and Sons Inc.","","English","","","Scopus","","","","","<p>Export Date: 10 July 2026; Cited By: 30; Correspondence Address: P.J. Maughan; Department of Plant and Wildlife Sciences, Brigham Young University, Provo, 5144 LSB, 84602, United States; email: Jeff_Maughan@byu.edu</p>","","","Amaranthaceae; Andean crops; Chenopodium pallidicaule; Hi-C; proximity-guided assembly","","","","","","","","","","","","","","","","","","","","","","","","","","","","","","","","","","","","","","","","","","","","","","",""
"XRAUBEBD","journalArticle","2023","Blair, M.W.; Londoño, J.M.; Buitrago-Bitar, M.A.; Wu, X.; Brenner, D.M.","Differentiation of Andean and Mesoamerican accessions in a proposed core collection of grain amaranths","Frontiers in Plant Science","","1664462X (ISSN)","10.3389/fpls.2023.1144681","https://www.scopus.com/pages/publications/85152554014?origin=resultslist","Grain amaranths are made up of three New World species of pseudo-cereals with C4 photosynthesis from the dicotyledonous family Amaranthaceae and the genus Amaranthus. They originate in two ecoregions of the Americas, namely, the inter-Andean valleys of South America and the volcanic axis and lowlands of Mexico and Central America. These correspond to two centers of domestications for Andean and Mesoamerican crops, with one cultivated species found in the first region and two found in the latter region. To date, no core collection has been made for the grain amaranths in the United States Department of Agriculture (USDA) germplasm system. In this study, our objective was to create a core for the 2,899 gene bank accessions with collection site data by town or farm site of which 1,090 have current geo-referencing of latitude and longitude coordinates. We constituted the core with 260 genotypes of Amaranthus, which we evaluated with 90 single-nucleotide polymorphism markers. Our goal was to distinguish between Andean and Mesoamerican gene pools of amaranths, including the cultivated species and three possible progenitor or wild relative ancestors along with two more species in an outgroup. Population structure, clustering, and discriminant analysis for principal components showed that Andean species Amaranthus caudatus and Amaranthus quitensis shared fewer alleles with Mesoamerican species Amaranthus cruentus and Amaranthus hypochondriacus, compared to each group individually. Amaranthus hybridus was a bridge species that shared alleles with both regions. Molecular markers have the advantage over morphological traits at quickly distinguishing the Andean and Mesoamerican cultivars and have the added benefit of being useful for following inter-species crosses and introgression. Copyright © 2023 Blair, Londoño, Buitrago-Bitar, Wu and Brenner.","2023","2026-07-10 21:17:40","2026-07-10 21:17:40","","","","","14","","Front. Plant Sci.","","","","","","Frontiers Media S.A.","","English","","","Scopus","","","","","<p>Export Date: 10 July 2026; Cited By: 5; Correspondence Address: M.W. Blair; Department of Agricultural and Environmental Sciences, College of Agriculture, Tennessee State University, Nashville, United States; email: mblair@tnstate.edu</p>","","","Andean grain amaranth; centers of domestication; competitive allele specific PCR; cultivated and wild accessions; genetic diversity; Mesoamerican grain amaranth","","","","","","","","","","","","","","","","","","","","","","","","","","","","","","","","","","","","","","","","","","","","","","",""
"VJNNF342","journalArticle","2003","Štefúnová, V.; Bežo, M.","Genetic diversity analysis of amaranth (Amaranthus cruentus) germplasm collection by RAPD","Biologia - Section Botany","","13356372 (ISSN)","","https://www.scopus.com/pages/publications/22644446645?origin=resultslist","Genetic diversity analysis of seven amaranth (Amaranthus cruentus L.) genotypes (Ames 1959 RRC 1, PI 566896 Komo, PI 511719 Niqua alegria chang, PI 511876 Huatle, PI 527567 IZ 32, PI 604558 Mapes 821, PI 612169 Tibet Yellow) was performed using random amplified polymorphic DNA (RAPD) method with twelve random primers under optimized conditions. A total of 86 fragments was generated by the twelve primers, with an average of 5.5 fragments per primer. Out of 86 amplified fragments, 66 fragments showed polymorphism among seven genotypes of amaranth (Amaranthus cruentus L.), which represents 76.7% polymorphism). The genetic similarities ranged from 52.0% (PI 511876 Huatle and PI 604558 Mapes 821) to 93.5% (Ames 1959 RRC 1 and PI 527567 IZ 32). According to the genetic distance data and UPGMA dendrogram, PI 511876 Huatle is the most diverse genotype and distinguishable with all primers used in the study.","2003","2026-07-10 21:17:40","2026-07-10 21:17:40","","53-57","","SUPPL. 12","58","","Biol. Sect. Bot.","","","","","","","","English","","","Scopus","","","","","<p>Export Date: 10 July 2026; Cited By: 8; Correspondence Address: V. Štefúnová; Department of Genetics and Plant Breeding, Faculty of Agronomy, Slovak University of Agriculture in Nitra, SK-94976 Nitra, Trieda Andreja Hlinku 2, Slovakia; email: Veronika.Stefunova@uniag.sk</p>","","","Amaranth; Amaranthus; Amaranthus caudatus; Amaranthus cruentus; Amaranthus cruentus L.; Genetic diversity; Germplasm; RAPD","","","","","","","","","","","","","","","","","","","","","","","","","","","","","","","","","","","","","","","","","","","","","","",""
"9Z5F32TP","journalArticle","2021","Thapa, R.; Edwards, M.; Blair, M.W.","Relationship of cultivated grain amaranth species and wild relative accessions","Genes","","20734425 (ISSN)","10.3390/genes12121849","https://www.scopus.com/pages/publications/85120038008?origin=resultslist","Amaranthus is a genus of C4 dicotyledonous herbaceous plants, and three New World species have been domesticated to produce grain crops with light colored seed which are classified as pseudo-cereals rich in protein and minerals. A core collection of grain amaranths and immediate precursor species has been established, representing the closest related species. The goal of this study was to evaluate the genetic diversity in that collection of cultivated and wild species, using competitive allele single nucleotide polymorphism markers. A secondary objective was to determine the relationships among the three cultivated species and non-domesticated Amaranthus, while a third objective was to evaluate the utility of the markers in detecting diversity in the 276 genotypes. The markers were found to be highly variable with an average polymorphism information content of 0.365. All markers were bi-allelic; and the major allele frequency ranged from 0.388 to 0.871. Population structure analysis of the cultigens revealed the presence of two sub populations. Phylogeny confirmed that the two Mesoamerican species, Amaranthus cruentus and Amaranthus hypochondriacus, were related and distant from the South American species Amaranthus caudatus, which in turn was very closely clustered with Amaranthus quitensis, even though this is considered a weedy relative. The first pair of species were likely to have inter-crossed, while the latter two likely exist in a wild-cultivated hybrid state. In conclusion, the results of this SNP study provided insights on amaranth cultivars and their relationship to wild species, the probable domestication events leading to the cultivars, and possible crop breeding or germplasm conservation strategies. © 2021 by the authors. Licensee MDPI, Basel, Switzerland.","2021","2026-07-10 21:17:40","2026-07-10 21:17:40","","","","12","12","","Genes","","","","","","MDPI","","English","","","Scopus","","","","","<p>Export Date: 10 July 2026; Cited By: 28; Correspondence Address: M.W. Blair; Department of Agricultural and Environmental Sciences, Tennessee State University, Nashville, 37209, United States; email: mblair@tnstate.edu</p>","","","allele specific polymerase chain reaction; Amaranthus; Amaranthus caudatus; article; breeding; Competitive allele specific PCR; crop; Crops, Agricultural; cultivar; Cultivated and wild Amaranthus; cultivated species; domestication; Domestication; Domestication processes; Edible Grain; food grain; gene frequency; genetic association; Genetic diversity; genetic marker; genetic variability; genetics; Genome, Plant; genotype; Genotype; germplasm; grain; human cell; nonhuman; phylogeny; Phylogeny; plant breeding; Plant Breeding; plant genome; plant seed; Polymorphism, Single Nucleotide; population structure; procedures; Seeds; single nucleotide polymorphism; Weed-crop complexes and relatives; wild species; wild type","","","","","","","","","","","","","","","","","","","","","","","","","","","","","","","","","","","","","","","","","","","","","","",""
"MIUQQM78","journalArticle","2022","Kanbar, A.; Beisel, J.; Wetters, S.; Gutierrez, M.T.; Graeff-Hönninger, S.; Nick, P.","A rapid, simple, and reliable assay to authenticate Peruvian kiwicha (A. caudatus) for food applications","European Food Research and Technology","","14382377 (ISSN)","10.1007/s00217-022-04089-6","https://www.scopus.com/pages/publications/85135110724?origin=resultslist","Amaranth has acquired great economic impact as functional food, with species originating from Mexico dominating global trade. In contrast, the Peruvian A. caudatus (kiwicha) has been vastly neglected, although it is endowed with very promising nutritive traits. Morphological plasticity and taxonomic ambiguities render authentication of Amaranth difficult, such that the identity of commercial samples is often unclear. To safeguard the authenticity of kiwicha and, thus, consumer safety, we characterised a germplasm collection of 84 Amaranth accessions on both, the morphological and the genetic level. We show that kiwicha can be delineated phenotypically from other species by its late flowering, taller posture, and lower grain yields. Instead, flower and seed color, often used as proxy for identity, do not qualify as taxonomic markers. Using the plastidic barcoding marker psbA-trnH igs we were able to identify a specific Single Nucleotide Polymorphism (SNP) that separated kiwicha from all other species of Amaranth. This allowed us to develop a sequencing-free authentication assay using an Amplified Refractory Mutation System (ARMS) strategy. As a result kiwicha in commercial samples can be authenticated by a single duplex-PCR yielding a diagnostic side band reporting A. caudatus against all other species of Amaranthus. This fingerprinting assay will help to develop the nutritive potential of kiwicha and to safeguard seed material for A. caudatus against adulteration by the far more prevalent species from Mexico. © 2022, The Author(s).","2022","2026-07-10 21:17:40","2026-07-10 21:17:40","","2779-2797","","11","248","","Eur. Food Res. Technol.","","","","","","Springer Science and Business Media Deutschland GmbH","","English","","","Scopus","","","","","<p>Export Date: 10 July 2026; Cited By: 6; Correspondence Address: A. Kanbar; Molecular Cell Biology, Botanical Institute, Karlsruhe Institute of Technology, Karlsruhe, Fritz-Haber-Weg 4, 76131, Germany; email: adnan.kanbar@kit.edu</p>","","","Amaranth; Amaranthus caudatus; Amplified refractory mutation system; Amplified Refractory Mutation System (ARMS); Authentication; Economic impacts; Food applications; Kiwicha; Me-xico; Molecular authentication; psbA-trnH; Psba-trnh; Refractory materials; Simple++","","","","","","","","","","","","","","","","","","","","","","","","","","","","","","","","","","","","","","","","","","","","","","",""
"YDTJCU5R","journalArticle","2020","Deb, S.; Jayaprasad, S.; Ravi, S.; Rao, K.R.; Whadgar, S.; Hariharan, N.; Dixit, S.; Sunil, M.; Choudhary, B.; Stevanato, P.; Ramireddy, E.; Srinivasan, S.","Classification of Grain Amaranths Using Chromosome-Level Genome Assembly of Ramdana, A. hypochondriacus","Frontiers in Plant Science","","1664462X (ISSN)","10.3389/fpls.2020.579529","https://www.scopus.com/pages/publications/85096634786?origin=resultslist","In the age of genomics-based crop improvement, a high-quality genome of a local landrace adapted to the local environmental conditions is critically important. Grain amaranths produce highly nutritional grains with a multitude of desirable properties including C4 photosynthesis highly sought-after in other crops. For improving the agronomic traits of grain amaranth and for the transfer of desirable traits to dicot crops, a reference genome of a local landrace is necessary. Toward this end, our lab had initiated sequencing the genome of Amaranthus (A.) hypochondriacus (A.hyp_K_white) and had reported a draft genome in 2014. We selected this landrace because it is well adapted for cultivation in India during the last century and is currently a candidate for TILLING-based crop improvement. More recently, a high-quality chromosome-level assembly of A. hypochondriacus (PI558499, Plainsman) was reported. Here, we report a chromosome-level assembly of A.hyp_K_white (AhKP) using low-coverage PacBio reads, contigs from the reported draft genome of A.hyp_K_white, raw HiC data and reference genome of Plainsman (A.hyp.V.2.1). The placement of A.hyp_K_white on the phylogenetic tree of grain amaranths of known accessions clearly suggests that A.hyp_K_white is genetically distal from Plainsman and is most closely related to the accession PI619259 from Nepal (Ramdana). Furthermore, the classification of another accession, Suvarna, adapted to the local environment and selected for yield and other desirable traits, is clearly Amaranthus cruentus. A classification based on hundreds of thousands of SNPs validated taxonomy-based classification for a majority of the accessions providing the opportunity for reclassification of a few. © Copyright © 2020 Deb, Jayaprasad, Ravi, Rao, Whadgar, Hariharan, Dixit, Sunil, Choudhary, Stevanato, Ramireddy and Srinivasan.","2020","2026-07-10 21:17:40","2026-07-10 21:17:40","","","","","11","","Front. Plant Sci.","","","","","","Frontiers Media S.A.","","English","","","Scopus","","","","","<p>Export Date: 10 July 2026; Cited By: 11; Correspondence Address: B. Choudhary; Institute of Bioinformatics and Applied Biotechnology, Bengaluru, India; email: ssubha@ibab.ac.in; S. Srinivasan; Institute of Bioinformatics and Applied Biotechnology, Bengaluru, India; email: vibha@ibab.ac.in</p>","","","whole genome sequencing; A. caudatus; A. cruentus; A. hypochondriacus; genotyping by sequencing; global-germplasm resources information network (GRIN); grain amaranths plainsman","","","","","","","","","","","","","","","","","","","","","","","","","","","","","","","","","","","","","","","","","","","","","","",""
"TFSGI8DV","journalArticle","2013","Andini, R.; Yoshida, S.; Yoshida, Y.; Ohsawa, R.","Amaranthus genetic resources in Indonesia: Morphological and protein content assessment in comparison with worldwide amaranths","Genetic Resources and Crop Evolution","","09259864 (ISSN)","10.1007/s10722-013-9979-y","https://www.scopus.com/pages/publications/84885864946?origin=resultslist","The morphological variations (growth habit, leaf shape, leaf color, height, stem diameter, number of branches and internodes, leaf area, blade ratio, leaf thickness, number of leaves, and total leaf area) and protein content of 53 Indonesian amaranths (Amaranthus spp.), consisting of weedy-, vegetable-, and ornamental-types, were assessed. The extent of variation in the Indonesian Amaranthus accessions were compared with the worldwide collection (26 accessions from United States Department of Agriculture (USDA) and 5 ornamentals from Nepal) in the experimental field of the University of Tsukuba, Japan. The variation in average values of most morphological traits and protein content in the Indonesian accessions were similar to those of the worldwide germplasm, but the important parameters that influence vegetable yield (e.g., number of leaves and stem diameter) were superior in the Indonesian accessions. Protein content showed a positive correlation with the number of leaves, whereas a negative correlation was observed with leaf thickness. The Indonesian accession of A. viridis and A. dubius showed a great potential to be further selected as parental lines for high protein content and number of leaves. The relatively high protein content of the leaves of Celosia may also potentially serve as an alternative protein source in the tropics. © 2013 The Author(s).","2013","2026-07-10 21:17:40","2026-07-10 21:17:40","","2115-2128","","7","60","","Genet. Resour. Crop. Evol.","","","","","","","","English","","","Scopus","","","","","<p>Export Date: 10 July 2026; Cited By: 32; Correspondence Address: R. Ohsawa; Graduate School of Life and Environmental Sciences, University of Tsukuba, Tsukuba, Ibaraki, 305-8572, 1-1-1 Tennodai, Japan; email: osawa.ryo.gt@u.tsukuba.ac.jp; CODEN: GRCEE</p>","","","Amaranthus; Amaranthus caudatus; Amaranthus dubius; Amaranthus viridis; Celosia; crop yield; genetic differentiation; germplasm; Indonesia; leaf morphology; Morphological diversity; perennial plant; protein; stem; vegetable; Vegetable","","","","","","","","","","","","","","","","","","","","","","","","","","","","","","","","","","","","","","","","","","","","","","",""
"TQK82GZ9","journalArticle","2010","Kaur, S.; Singh, N.; Rana, J.C.","Amaranthus hypochondriacus and Amaranthus caudatus germplasm: Characteristics of plants, grain and flours","Food Chemistry","","03088146 (ISSN)","10.1016/j.foodchem.2010.05.091","https://www.scopus.com/pages/publications/77954952743?origin=resultslist","In the present study, the plant, grain and flour characteristics of 48 Amaranthus hypochondriacus and 11 Amaranthus caudatus lines are reported. A. hypochondriacus grains had a higher thousand kernel weight (0.62-0.88. g), a creamish yellow colour (L*=61.38-68.29, b*=5.26-6.8 and a*=19.71-23.84), whereas A. caudatus grains had a lower thousand kernel weight (0.46-0.70. g) and a reddish-brown colour (L*=47.1-51.2, b*=11.82-14.02 and a*=7.72-13.29). The A. caudatus lines had a higher protein content, fat content and tendency for retrogradation, and lower &#945;-amylase activity as compared to A. hypochondriacus lines. The Amaranthus lines with higher a*-values and lower thousand kernel weight, L*- and b*-values, had a higher fat, crude fibre and protein content. The correlation of fat and crude fibre content with the thousand kernel weight, L*-, a*- and b*-values, was significant. The A. hypochondriacus lines showed higher pasting temperature, and lower peak viscosity, breakdown and setback, as compared to the A. caudatus lines. The result reflected that the lines with higher &#945;-amylase activity showed a lower peak viscosity, breakdown, final viscosity and gel hardness, and a higher pasting temperature. © 2010 Elsevier Ltd.","2010","2026-07-10 21:17:40","2026-07-10 21:17:40","","1227-1234","","4","123","","Food Chem.","","","","","","","","English","","","Scopus","","","","","<p>Export Date: 10 July 2026; Cited By: 58; Correspondence Address: N. Singh; Department of Food Science and Technology, Guru Nanak Dev University, Amritsar 143005, India; email: narpinders@yahoo.com; CODEN: FOCHD</p>","","","adhesion; Amaranthus; Amaranthus caudatus; Amaranthus hypochondriacus; amylase; article; chemical composition; Composition; enzyme activity; fat content; flour; Flour; germplasm; grain; Grain; hardness; Pasting properties; protein content; temperature; viscosity","","","","","","","","","","","","","","","","","","","","","","","","","","","","","","","","","","","","","","","","","","","","","","",""
"RNPRG45X","journalArticle","2020","Espitia-Rangel, E.; Escobedo-López, D.; Núñez-Colín, C.A.; Aguilar-Delgado, M.J.; Rivas-Valencia, P.; Sesma-Hernández, L.F.","CONFIRMATION OF GRAIN AMARANTH (Amaranthus spp.) LANDRACES BY CANONICAL DISCRIMINANT ANALYSIS","Agrociencia","","14053195 (ISSN)","10.47163/agrociencia.v54i7.2243","https://www.scopus.com/pages/publications/85116387248?origin=resultslist","Grain amaranth refers to three species of genus Amaranthus (Amaranthus cruentus, A. hypochondriacus, and A. caudatus), which show a high morphological diversity, which is why it is treated since the 1990s to differentiate landraces and to contribute to the breeding programs. The aim of this investigation was to evaluate 53 genotypes within the native landraces: Aztec, Mercado, Mixtec, Nepal (A. hypochondriacus), African, Guatemalan, Mexican (A. cruentus), and South American (A. caudatus) using morphological and phenological traits. INIFAP- CEVAMEX accessions were used and planted at Santa Lucía de Prías, México (2013 spring-summer growing cycle) in order to record phenological and morphological data. Seeds were digitalized and analysed on ImageTool. Then, the Mahalanobis distance, a canonical discriminant analysis using landraces as classificatory variable, a MANOVA, and a Tukey mean comparison for canonical roots were performed; all analyses were processed on SAS. The canonical discriminant analysis perfectly distinguished the landraces, which was grouped according to the species. The main traits to distinguish the groups for Canonical Root 1 were traits related to phenology and plant morphology; for Canonical Root 2, traits related to shape of the seed, and for Canonical Root 3, traits related to size of the seed. Classification by landraces of the Mexican species of grain amaranth may be an alternative for systematics, conservation, management, and germplasm ordination for crop improvement. © 2020. All rights reserved.","2020","2026-07-10 21:17:40","2026-07-10 21:17:40","","927-937","","7","54","","Agrociencia","CONFIRMACIÓN DE RAZAS GEOGRÁFICAS DE AMARANTO (Amaranthus spp.) POR ANÁLISIS DISCRIMINANTE CANÓNICO","","","","","Colegio de Postgraduados","","English","","","Scopus","","","","","<p>Export Date: 10 July 2026; Cited By: 3; Correspondence Address: P. Rivas-Valencia; Instituto Nacional de Investigaciones Forestales Agrícolas y Pecuarias, Campo Experimental Valle de México, Texcoco, Km.13.5 de la Carretera los Reyes-Texcoco, Coatlinchán, 56250, Mexico; email: rivas.patricia07@gmail.com</p>","","","Amaranthus landraces; canonical discriminant analysis; germplasm characterization; morphology; systematics","","","","","","","","","","","","","","","","","","","","","","","","","","","","","","","","","","","","","","","","","","","","","","",""
"CVNREQSK","journalArticle","2022","Schafleitner, R.; Lin, Y.-P.; Dinssa, F.F.; N'Danikou, S.; Finkers, R.; Minja, R.; Abukutsa-Onyango, M.; Nyonje, W.A.; Lin, C.-Y.; Wu, T.-H.; Sigalla, J.P.; van Zonneveld, M.; Hsiao, Y.-Y.; Kumar, S.; Wu, W.-J.; Wang, H.-I.; Lin, S.; Yang, R.-Y.","The World Vegetable Center Amaranthus germplasm collection: Core collection development and evaluation of agronomic and nutritional traits","Crop Science","","0011183X (ISSN)","10.1002/csc2.20715","https://www.scopus.com/pages/publications/85127544949?origin=resultslist","Amaranth (Amaranthus spp.) is an underutilized crop increasing in popularity as a grain and as a leafy vegetable. It is rich in protein, minerals, and vitamins, and adapts well to a range of production systems. Currently, the lack of improved cultivars limits the use of the crop. Breeding-improved cultivars requires access to large collections of amaranth biodiversity stored in genebanks. The task of searching such vast collections for traits of interest can be eased by generating core collections, which display the diversity of large collections in a much smaller germplasm set. The World Vegetable Center amaranth collection contains around 1,000 accessions of 13 species; among them, there are 281 accessions of four species important for use as vegetable amaranth in Africa (A. cruentus, A. hypochondriacus, A. caudatus, and A. dubius). Based on single nucleotide polymorphism (SNP) marker genotype diversity, a core collection (CC) of 76 accessions, cultivars, and selections was assembled. To a large extent, it represents the diversity of the whole collection. The CC was evaluated for yield and nutritional parameters during the cool and warm seasons in Tanzania and Taiwan and a pretest for variation of drought tolerance in the CC has been performed. Cultivar Madiira 2, an improved cultivar developed for vegetable production in Africa, outperformed all other tested cultivars in terms of yield stability, but several CC accessions had higher yield, lower wilting score, and higher nutrient content than Madiira 2. This indicates the core collection can be used for further improvement of amaranth cultivars. © 2022 The Authors. Crop Science published by Wiley Periodicals LLC on behalf of Crop Science Society of America.","2022","2026-07-10 21:17:40","2026-07-10 21:17:40","","1173-1187","","3","62","","Crop Sci.","","","","","","John Wiley and Sons Inc","","English","","","Scopus","","","","","<p>Export Date: 10 July 2026; Cited By: 28; Correspondence Address: R. Schafleitner; World Vegetable Center, Shanhua, P.O. Box 42, 74199, Taiwan; email: roland.schafleitner@worldveg.org; CODEN: CRPSA</p>","","","","","","","","","","","","","","","","","","","","","","","","","","","","","","","","","","","","","","","","","","","","","","","","","",""
"892ITKPA","journalArticle","2014","Patel, K.S.; Parihar, A.; Gami, R.A.; Chaurasia, P.; Patel, P.J.; Chauhan, R.M.","Molecular Characterization in Grain Amanranthus (Amaranthus spp.) using RAPD marker","Research Journal of Biotechnology","","22784535 (ISSN)","","https://www.scopus.com/pages/publications/84894676400?origin=resultslist","RAPD assessment on genetic variation of total 58 accessions comprising 15 parental genotypes and their 43 F1 hybrids of grain Amaranthus were analyzed. Among the 40 tested primers, four primers viz. OPA-06, OPA-10, OPA-14 and OPA-15 were able to discriminate all the genotypes sufficiently. In RAPD analysis, at the intraspecific level, the percentages of RAPD polymorphism were found to be 71.43 (A. hypochondriacus), 100 (A. cruentus), 100 (A. caudatus), 75.76 [IC-1733 (A. edulis)] and 84.85 [SKGPA-144 (A. tricolor)] and hybrids showed varied degree of polymorphism ranging from 42.86 to 71.43 per cent. The population matrix showed that allele at SKGPA-144 (Amaranthus tricolor) and F1 hybrids have maximum genetic distance of 0.742 to 0.962 in all populations while population IC-1733 (Amaranthus edulis) has minimum genetic distance among all the germplasm. The lowest and the maximum genetic distance of IC-1733(Amaranthus edulis) was 0.663 and 0.720 respectively to all populations. It further matches the pattern of allelic frequency distribution where SKGPA-144(Amaranthus tricolor) and F1 have remarkable high polymorphism.","2014","2026-07-10 21:17:40","2026-07-10 21:17:40","","29-35","","2","9","","Res. J. Biotechnol.","","","","","","","","English","","","Scopus","","","","","<p>Export Date: 10 July 2026; Cited By: 2</p>","","","Genomic DNA; Polymorphism and genetic variation; RAPD","","","","","","","","","","","","","","","","","","","","","","","","","","","","","","","","","","","","","","","","","","","","","","",""
"QTTZA6LM","journalArticle","2008","Rivelli, A.R.; Gherbin, P.; de Maria, S.; Pizza, S.","Field evaluation of Amaranthus species for seed and biomass yields in southern Italy","Italian Journal of Agronomy","","11254718 (ISSN)","10.4081/ija.2008.225","https://www.scopus.com/pages/publications/84857322190?origin=resultslist","Amaranth is a crop with a potentially increasing cultivation area. Little information is available on amaranth cultivation in Mediterranean environments and in southern Italy. The aim of this study was to evaluate the agronomic traits and assess the grain and biomass yield responses of 11 genotypes belonging to 5 Amaranthus species, provided from the USDA-ARS, National Plant Germplasm System. There was wide diversity in agronomic traits among Amaranthus species and among genotypes within the same species. The accessions belonging to A. cruentus had the shortest growing cycle followed by A. hybridus, A. hypochondriacus, A. caudatus and, finally, A. hybrid that had the longest growing season. The A. cruentus accessions reached maturity more quickly than the other species. The total above-ground dry matter ranged from 15 to 23 t ha-1 with A. cruentus, A. hypochondriacus, and A. hybridus being the most productive. The stem plus branches dry matter was well correlated to the plant height (r2 = 0.75**). The tested amaranth genotypes showed appreciable biomass production that can thus be regarded as an interesting secondary product after seed harvesting. Grain yield and components varied among species and accessions. A. hypochondriacus showed the highest yield per plant (55.4 g) followed by five accessions belonging to A. cruentus and A. hybridus (26.4 g on average). Considering together their shorter growing season and their higher grain production, the five accessions belonging to A. cruentus species appear to be better adapted to Mediterranean environments and southern Italy as compared to the other species.","2008","2026-07-10 21:17:40","2026-07-10 21:17:40","","225-229","","3","3","","Ital. J. Agron.","","","","","","Page Press Publications","","English","","","Scopus","","","","","<p>Export Date: 10 July 2026; Cited By: 18; Correspondence Address: A. R. Rivelli; Department of Crop Systems, Forestry and Environmental Sciences, University of Basilicata, 85100 Potenza, Viale dell'Ateneo Lucano, 10, Italy; email: annarita.rivelli@unibas.it</p>","","","Agronomic traits; Amaranth species; Amaranthus; Amaranthus caudatus; Amaranthus cruentus; Amaranthus hybridus; Amaranthus hypochondriacus; Growing cycle; Mediterranean environment","","","","","","","","","","","","","","","","","","","","","","","","","","","","","","","","","","","","","","","","","","","","","","",""
"LHX9BTI3","journalArticle","2009","Ray, T.; Roy, S.C.","Genetic diversity of amaranthus species from the indo-gangetic plains revealed by RAPD analysis leading to the development of ecotype-specific SCAR marker","Journal of Heredity","","14657333 (ISSN)","10.1093/jhered/esn102","https://www.scopus.com/pages/publications/65349146597?origin=resultslist","Genetic diversity and relationships among 6 Amaranthus species from 8 phytogeographic regions of the Indo-Gangetic plains were analyzed using a random amplified polymorphic DNA (RAPD) marker. RAPD primers yielded a total of 262 amplicons, ranging from &#8764;250 to &#8764;3000 bp in size with an average of 13.1 amplicons per primer, of which 254 amplicons (96.94%) were polymorphic. The genetic similarity coefficient among all the Amaranthus species ranged from 0.16 to 0.97 with a mean similarity coefficient of 0.56, indicating that variation existed in the genetic diversity of different populations. In the unweighted pair group method with arithmetic average dendrogram, populations of the same species clustered together. A unique 1371-bp RAPD band specific for Amaranthus gangeticus (syn. tricolor) of a particular phytogeographic region was converted to a sequenced characterized amplified region (SCAR) marker. The translated marker sequence showed homology with hemagglutinin protein. This SCAR marker is potentially useful for germplasm conservation and identification of amaranth ecotype. © 2009 The American Genetic Association. All rights reserved.","2009","2026-07-10 21:17:40","2026-07-10 21:17:40","","338-347","","3","100","","J. Hered.","","","","","","","","English","","","Scopus","","","","","<p>Export Date: 10 July 2026; Cited By: 49; Correspondence Address: S. C. Roy; Department of Botany, Centre of Advanced Study, University of Calcutta, Kolkata 700019, Ballygunge Circular Road, India; email: scroy_caluniv@yahoo.com; CODEN: JOHEA</p>","","","Amaranths; Amaranthus; Amaranthus caudatus; Amaranthus tricolor; amplicon; article; Base Sequence; controlled study; DNA marker; DNA, Plant; ecotype; Ecotype; gene cluster; Genes, Plant; Genetic Markers; genetic variability; Genetic Variation; genomic DNA; hemagglutinin; India; marker gene; Molecular Sequence Data; nonhuman; nucleotide sequence; phylogenetic tree; Phylogeny; phytogeography; population genetics; priority journal; random amplified polymorphic DNA; Random Amplified Polymorphic DNA Technique; RAPD; SCAR; sequence characterized amplified region; sequence homology","","","","","","","","","","","","","","","","","","","","","","","","","","","","","","","","","","","","","","","","","","","","","","",""
"EWUGT8GL","journalArticle","1991","Gupta, V.K.; Gudu, S.","Interspecific hybrids and possible phylogenetic relations in grain amaranths","Euphytica","","15735060 (ISSN)","10.1007/BF00037854","https://www.scopus.com/pages/publications/0002374671?origin=resultslist","Phylogenetic relations among the three species in grain amaranth need investigation to provide information for breeding experiments germplasm conservation efforts, and decision on evolutionary patterns in the grain types. Hybrid development from crosses between species was studied to find out genetic relationship between them. Interspecific crosses were made among Amaranthus hypochondriacus, A. caudatus and A. cruentus in the glasshouse. The F1 plants were relatively easy to obtain but had low pollen fertility (10.3-15.1%) and low seed set. A few of these hybrids did not produce seeds. Only a few F1 seeds obtained in crosses between A. cruentus and A. caudatus. All the F1 plants from these crosses died at the seedling stage. Crosses between A. cruentus and A. hypochondriacus produced few seeds. Most of the F1 plants obtained from the seeds died at the seedling stage with only four plants growing to maturity but were sterile. Based on hybrid development, it was suggested that A. hypochondriacus and A. caudatus were genetically closer than the other two combinations of species studied. A. cruentus seemed to be genetically closer to A. hypochondriacus than it was to A. caudatus. © 1991 Kluwer Academic Publishers.","1991","2026-07-10 21:17:40","2026-07-10 21:17:40","","33-38","","1","52","","Euphytica","","","","","","Kluwer Academic Publishers","","English","","","Scopus","","","","","<p>Export Date: 10 July 2026; Cited By: 39; CODEN: EUPHA</p>","","","Amaranthus species; grain amaranths; interspecific hybrids; phylogenetic relationships","","","","","","","","","","","","","","","","","","","","","","","","","","","","","","","","","","","","","","","","","","","","","","",""
"IQG3USNE","journalArticle","2018","Thapa, R.; Blair, M.W.","Morphological assessment of cultivated and wild amaranth species diversity","Agronomy","","20734395 (ISSN)","10.3390/agronomy8110272","https://www.scopus.com/pages/publications/85057098840?origin=resultslist","Amaranthus L. is genus of C4 dicotyledonous herbaceous plants comprising approximately 70 species, with three subgenera, which contains both cultivated and wild types, where cultivated ones are used for food grains, leafy vegetables, potential forages and ornamentals. Grain amaranth are pseudocereals from three species domesticated in North and South America and are notable for containing high amount of protein and minerals and balanced amino acid in their small seeds. Genetic diversity analysis of amaranths is important for development of core set of germplasm with widely diverse population and effective utilization of plant genetic resources. In this study, we evaluated a germplasm collection of 260 amaranth accessions from United State Department of Agriculture (USDA) and 33 accessions from Seed Savers’ Exchange (SSE). We evaluated morphological traits like blade pigmentation, blade shape, petiole pigmentation, branching index, flower color, stem color, inflorescence density, inflorescence shape, terminal inflorescence attitude, plant height and yield characteristics across all 293 accessions. We compared clustering within the USDA and SSE collection and across both collections. Data analysis of morphological data showed significant difference of petiole pigmentation, stem color, blade pigmentation, blade shape and flower color across different clusters of accessions of USDA unlike among different clusters of SSE where we found significant difference of only blade pigmentation, blade shape and flower color. The relationship depicted by neighbor-joining dendogram using the morphological markers was consistent with some but not all of the differences observed between species. Some divisions were found between cultivated and weedy amaranths that was substantiated by morphological characteristics but no separation of South and Central American species was observed. Substantial phenotypic plasticity limits the use of morphological analysis for phylogenetic analysis but does show that important morphological traits such as inflorescence type and plant architecture can cross species boundaries. Similarly, color variants for leaves, flowers and seeds are not exclusive to one cluster in our study nor to one species and can be used widely for breeding any of the cultigens, but not to species identification. Our findings will help in germplasm conservation of grain amaranths and facilitate in this crop’s improvement. It will also help on developing effective breeding programs involving different plant characteristics and morphological traits of Amaranths. © 2018 by the authors.","2018","2026-07-10 21:17:40","2026-07-10 21:17:40","","","","11","8","","Agronomy","","","","","","MDPI AG","","English","","","Scopus","","","","","<p>Export Date: 10 July 2026; Cited By: 55; Correspondence Address: M.W. Blair; Department of Agriculture and Environmental Sciences, College of Agriculture, Tennessee State University, Nashville, 37209, United States; email: mblair@tnstate.edu</p>","","","A. cruentus L.; A. hypochondriacus L.; Amaranthus caudatus L.; Ancient grains; Diversity analysis; Domesticates; Pseudocereals","","","","","","","","","","","","","","","","","","","","","","","","","","","","","","","","","","","","","","","","","","","","","","",""
"57HAKJDV","journalArticle","2019","Ochieng, J.; Schreinemachers, P.; Ogada, M.; Dinssa, F.F.; Barnos, W.; Mndiga, H.","Adoption of improved amaranth varieties and good agricultural practices in East Africa","Land Use Policy","","02648377 (ISSN)","10.1016/j.landusepol.2019.02.002","https://www.scopus.com/pages/publications/85061405437?origin=resultslist","This study quantifies the adoption of improved amaranth varieties in Kenya and Tanzania, and the extent to which these result from international vegetable breeding research conducted by the World Vegetable Center (WorldVeg) and partners. The study used expert elicitation and a questionnaire survey among vegetable seed producers. Nine expert panels were conducted involving 123 local experts. The results show that improved amaranth varieties were planted on 51% of the planted area in Kenya and 70% in Tanzania. Improved varieties were planted on 17,502 ha and reached 404 thousand smallholder farmers. WorldVeg is the main source of improved varieties, reaching 231 thousand farm households in Kenya and Tanzania. Seed companies sold 2.9 tons of amaranth seed in 2016 and 59% of this was WorldVeg-based germplasm. Opportunities exist to improve amaranth production through the development and promotion of better varieties (particularly resistance to white rust and leaf spot) and good agronomic practices (particularly the use of certified seed, mineral fertilizers, seed treatment and nurseries). Investment in amaranth research and development will contribute to better livelihoods and better nutrition in sub-Saharan Africa. © 2019 The Authors","2019","2026-07-10 21:17:41","2026-07-10 21:17:41","","187-194","","","83","","Land Use Policy","","","","","","Elsevier Ltd","","English","","","Scopus","","","","","<p>Export Date: 10 July 2026; Cited By: 59; Correspondence Address: J. Ochieng; World Vegetable Center, Eastern and Southern Africa, Arusha, P.O. Box 10 Duluti, Tanzania; email: justus.ochieng@worldveg.org</p>","","","agricultural practice; Albuginaceae; Amaranthus caudatus; Expert elicitation; Impact; Kenya; livelihood; nutrition; research and development; Scaling; smallholder; Tanzania; technology adoption; Technology adoption; vegetable; Vegetables","","","","","","","","","","","","","","","","","","","","","","","","","","","","","","","","","","","","","","","","","","","","","","",""
"56B4GKXV","journalArticle","2014","Suresh, S.; Chung, J.-W.; Cho, G.-T.; Sung, J.-S.; Park, J.-H.; Gwag, J.-G.; Baek, H.-J.","Analysis of molecular genetic diversity and population structure in Amaranthus germplasm using SSR markers","Plant Biosystems","","11263504 (ISSN)","10.1080/11263504.2013.788095","https://www.scopus.com/pages/publications/84922147713?origin=resultslist","We assessed the molecular genetic diversity and population structure of Amaranthus species accessions using 11 simple sequence repeat markers. A total of 122 alleles were detected, and the number of alleles per marker (NA) ranged from 6 to 21 with an average of 11.1 alleles. The frequency of major alleles per locus ranged from 0.148 to 0.695, with an average value of 0.496 per marker. The overall polymorphic information content values were 0.436–0.898, with an average value of 0.657. The observed heterozygosity (HO) and expected heterozygosity (HE) ranged from 0.056 to 0.876 and from 0.480 to 0.907, with average values of 0.287 and 0.698, respectively. The average HO (0.240) was lower than the HE and gene flow (Nm), and showed substantial genetic variability among all populations of amaranth accessions. The sample groupings did not strictly follow the geographic affiliations of the accessions. A similar pattern was obtained using model-based structure analysis without grouping by species type. Knowledge of the genetic diversity and population structure of amaranth can be used to select representative genotypes and manage Amaranthus germplasm breeding programs. © 2013, © 2013 Societá Botanica Italiana.","2014","2026-07-10 21:17:41","2026-07-10 21:17:41","","635-644","","4","148","","Plant Biosyst.","","","","","","Taylor and Francis Ltd.","","English","","","Scopus","","","","","<p>Export Date: 10 July 2026; Cited By: 37; Correspondence Address: H.-J. Baek; National Agrobiodiversity Center, National Academy of Agricultural Science, Rural Development Administration, Suwon, 441-853, South Korea; email: hjbaek@korea.kr; CODEN: GBOIA</p>","","","Amaranthus; Amaranthus caudatus; AMOVA; genetic diversity; population structure; SSR marker","","","","","","","","","","","","","","","","","","","","","","","","","","","","","","","","","","","","","","","","","","","","","","",""
"IVJM3RTT","journalArticle","2017","Wu, X.; Blair, M.W.","Diversity in grain amaranths and relatives distinguished by genotyping by sequencing (GBS)","Frontiers in Plant Science","","1664462X (ISSN)","10.3389/fpls.2017.01960","https://www.scopus.com/pages/publications/85035762911?origin=resultslist","The genotyping by sequencing (GBS) method has become a molecular marker technology of choice for many crop plants because of its simultaneous discovery and evaluation of a large number of single nucleotide polymorphisms (SNPs) and utility for germplasm characterization. Genome representation and complexity reduction are the basis for GBS fingerprinting and can vary by species based on genome size and other sequence characteristics. Grain amaranths are a set of three species that were domesticated in the New World to be high protein, pseudo-cereal grain crops. The goal of this research was to employ the GBS technique for diversity evaluation in grain amaranth accessions and close relatives from six Amaranthus species and determine genetic differences and similarities between groupings. A total of 10,668 SNPs were discovered in 94 amaranth accessions with ApeKI complexity reduction and 10X genome coverage Illumina sequencing. The majority of the SNPs were species specific with 4,568 and 3,082 for the two grain amaranths originating in Central America Amaranthus cruentus and A. hypochondriacus and 3,284 found amongst both A. caudatus, originally domesticated in South America, and its close relative, A. quitensis. The distance matrix based on shared alleles provided information on the close relationships of the two cultivated Central American species with each other and of the wild and cultivated South American species with each other, as distinguished from the outgroup with two wild species, A. powellii and A. retroflexus. The GBS data also distinguished admixture between each pair of species and the geographical origins and seed colors of the accessions. The SNPs we discovered here can be used for marker development for future amaranth study. © 2017 Wu and Blair.","2017","2026-07-10 21:17:41","2026-07-10 21:17:41","","","","","8","","Front. Plant Sci.","","","","","","Frontiers Media S.A.","","English","","","Scopus","","","","","<p>Export Date: 10 July 2026; Cited By: 55; Correspondence Address: M.W. Blair; Department of Agricultural and Environmental Sciences, Tennessee State University, Nashville, United States; email: mblair@tnstate.edu</p>","","","Domestication of amaranthus; Genetic diversity; Genotyping by sequencing (GBS); Population structure; Single nucleotide polymorphism (SNP) discovery","","","","","","","","","","","","","","","","","","","","","","","","","","","","","","","","","","","","","","","","","","","","","","",""
"W82T7H8V","journalArticle","2002","Vaidya, K.R.; Jain, S.K.","Genetic variation in amaranth landraces from India","Journal of Genetics and Breeding","","03949257 (ISSN)","","https://www.scopus.com/pages/publications/0036770541?origin=resultslist","Ten landrace populations of grain amaranths (Amaranthus hypochondriacus and A. caudatus) from two geographical regions of India were assessed for genetic variation in quantitative and qualitative characters. The quantitative characters were: leaf length, leaf width, petiole length, leaf number per plant, branch number per plant, plant height, days to flowering, inflorescence length and biomass. Significant differences for the quantitative characters were observed among these landrace populations in contrast to their largely monomorphic pattern of allozyme variation. Between - and within - family genetic variances (s2b and s2w) were estimated; between-family variances were significant for all metric characters. Evidence for heterozygosity within a large proportion of families was obtained from their segregation for qualitative characters including monogenic seedling color and digenic leaf marker traits. In fact, these landrace populations from northern India showed more intra- and inter-population variation than those sampled from the New World centers of origin. A discriminant analysis of quantitative variation further showed that the populations used in this study were genetically differentiated into at least two distinct regional groups. It appeared that an optimal germplasm collecting strategy should be based on both morphological and allozyme data: samples should include populations from many different geographical areas and from adequate numbers of individuals (e.g., 50-100 plants) per population, scored and harvested separately to provide data on heterozygote frequency as well as multigenic associations.","2002","2026-07-10 21:17:41","2026-07-10 21:17:41","","193-204","","3","56","","J. Genet. Breed.","","","","","","","","English","","","Scopus","","","","","<p>Export Date: 10 July 2026; Cited By: 1; CODEN: JGBRE</p>","","","Amaranthus; Amaranthus caudatus; Amaranthus hypochondriacus; Amaranthus spp.; Embryophyta; Genetic variation; Grain amaranth; Landrace populations","","","","","","","","","","","","","","","","","","","","","","","","","","","","","","","","","","","","","","","","","","","","","","",""
"Q7SZ2RLM","journalArticle","2018","Shukla, A.; Srivastava, N.; Suneja, P.; Yadav, S.K.; Hussain, Z.; Rana, J.C.; Yadav, S.","Untapped amaranth (Amaranthus spp.) genetic diversity with potential for nutritional enhancement","Genetic Resources and Crop Evolution","","09259864 (ISSN)","10.1007/s10722-017-0526-0","https://www.scopus.com/pages/publications/85020291728?origin=resultslist","Significant genetic diversity was observed in 218 out of a total of 1309 accessions of amaranth (Amaranthus hypochondriacus L.) and its seven wild relatives, A. spinosus L., A. dubius Mart. ex Thell., A. hybridus L., A. tricolor L., A. cruentus L., A. caudatus L., A. retroflexus L. for 24 nutritional parameters including total oil content, fatty acid profile, total protein content and amino acid profile. Diversity for total oil content (6.42–12.53%), linoleic acid (25.68–54.34%), oleic acid (21.97–42.01%) of the total fatty acids, total protein content (7.84–18.01%), among important essential amino acids; lysine content (0.66–11.12 g/16 g N), methionine (0.35–4.80 g/16 g N) and half cystine and (0.12–8.32 g/16 g N) was reported. The un-weighted pair-group method using arithmetic average cluster analysis based on pair wise Euclidean genetic distance grouped the accessions into seven major clusters. Histidine, half cystine, tyrosine, essential amino acids, total oil content, linoleic acid and oleic acid content were the major parameters contributing significantly to genetic diversity. Present findings indicate that significant diversity exists for nutritional parameters in amaranth germplasm. The promising accessions with higher multiple nutritive traits; protein content (>16%), oil content (>11%), lysine content (>7.5 g/16 g N) and EAA higher than the FAO reported values, were identified. This is the first report on detailed nutritional analysis of diversity collected worldwide. These could be used as potential breeding material for nutritional enhancement through genetic improvement. This will help in overcoming the “triple burden” of malnourishment, hidden hunger, and obesity. © 2017, Springer Science+Business Media Dordrecht.","2018","2026-07-10 21:17:41","2026-07-10 21:17:41","","243-253","","1","65","","Genet. Resour. Crop. Evol.","","","","","","Springer Netherlands","","English","","","Scopus","","","","","<p>Export Date: 10 July 2026; Cited By: 22; Correspondence Address: S. Yadav; Division of Seed Science and Technology, ICAR-IARI, New Delhi, 110012, India; email: sangitaydv@gmail.com; CODEN: GRCEE</p>","","","Amaranthus; Amaranthus caudatus; Amaranthus cruentus; Amaranthus dubius; Amaranthus hybridus; Amaranthus hypochondriacus; Amaranthus retroflexus; Amaranthus spinosus; Amaranthus spp; Amaranthus tricolor; amino acid; Amino acid profiling; angiosperm; biochemical composition; fatty acid; Fatty acid profiling; Genetic diversity; genetic variation; germplasm; nutrient dynamics; oil; Oil; phytochemistry; protein; Protein; wild population","","","","","","","","","","","","","","","","","","","","","","","","","","","","","","","","","","","","","","","","","","","","","","",""
"3MZ7VMQ9","journalArticle","2006","Costea, M.; Brenner, D.M.; Tardif, F.J.; Tan, Y.F.; Sun, M.","Delimitation of Amaranthus cruentus L. and Amaranthus caudatus L. using micromorphology and AFLP analysis: An application in germplasm identification","Genetic Resources and Crop Evolution","","09259864 (ISSN)","10.1007/s10722-005-2288-3","https://www.scopus.com/pages/publications/33845353895?origin=resultslist","The 'Morelos' accessions of Amaranthus from Mexico demonstrate taxonomic ambiguity at the basic morphologic level. The main cause is the enormous morphological and genetic variation exhibited by the species in the genus. Although basic morphological criteria can be applied to herbarium specimens or germplasm collections for quick taxonomic identification, the morphological data alone can be misleading. To ascertain the taxonomic identity of the 'Morelos' accessions and their hypothesized species affiliation to Amaranthus caudatus or Amaranthus cruentus, we conducted a comparative analysis of phylogenetic relationships among these taxa/accessions using amplified fragment length polymorphism (AFLP) and micromorphology methods. Based on AFLP data, all the controversial 'Morelos' accessions can be consistently placed into a single A. cruentus species clade, which is clearly separated from the A. caudatus species clade. The AFLP-based phylogenetic relationship of 'Morelos' and delimitation of A. cruentus and A. caudatus are further supported by micromorphology, showing that the combination of these techniques can provide more reliable data for germplasm identification than each method used alone. © 2006 Springer.","2006","2026-07-10 21:17:41","2026-07-10 21:17:41","","1625-1633","","8","53","","Genet. Resour. Crop. Evol.","","","","","","","","English","","","Scopus","","","","","<p>Export Date: 10 July 2026; Cited By: 37; Correspondence Address: M. Costea; Department of Biology, Wilfrid Laurier University, Waterloo, Ont. N2L3C5, 75 University Avenue West, Canada; email: mcostea@wlu.ca; CODEN: GRCEE</p>","","","AFLP; Amaranthus; Amaranthus caudatus; Amaranthus cruentus; Amaranthus hypochondriacus; angiosperm; genetic analysis; genetic variation; germplasm; Germplasm identification; Grain amaranths; identification key; micromorphology; Micromorphology; phylogenetics; taxonomy","","","","","","","","","","","","","","","","","","","","","","","","","","","","","","","","","","","","","","","","","","","","","","",""
"LV8DKJNN","journalArticle","1999","Sun, M.; Chen, H.; Leung, F.C.","Low-Cot DNA sequences for fingerprinting analysis of germplasm diversity and relationships in Amaranthus","Theoretical and Applied Genetics","","00405752 (ISSN)","10.1007/s001220051258","https://www.scopus.com/pages/publications/0032876224?origin=resultslist","We examined genetic diversity and relationships among 24 cultivated and wild Amaranthus accessions using the total low-Cot DNA and five individual repetitive sequences as probes. These low-Cot DNA probes were obtained by the isolation of various classes of repetitive-DNA sequences, including satellites, minisatellites, microsatellites, rDNA, retrotransposon-like sequences, and other unidentified novel repetitive sequences. DNA fingerprints generated by different types of repetitive-DNA probes revealed different levels of polymorphism in the Amaranthus genomes. A repetitive sequence containing microsatellites was found to be a suitable probe for characterizing intraspecific accessions, whereas more conservative sequences (e.g. rDNA) were informative for resolving phylogenetic relationships among distantly related species. Genetic diversity, measured as restriction fragment length polymorphism (RFLP) and the similarity index at the low-Cot DNA level, was equally high among intraspecific accessions between the two species groups: grain amaranths (A. caudatus, A. cruentus, and A. hypochondriacus) and their putative wild progenitors (A. hybridus, A. powellii, anti A. quitensis). At the interspecific level, however, the grain amaranth species are less divergent from each other than their wild progenitors. With the rare exceptions of certain A. caudatus accessions, grain amaranths were found to be closely related to A. hybridus. The results based on low-Cot DNA were comparable with previous RAPD and isozyme studies of the same set of species/accessions of Amaranthus, indicating that low-Cot DNA sequences are suitable probes for a fingerprinting analysis of plant germplasm diversity and for determining phylogenetic relationships.","1999","2026-07-10 21:17:41","2026-07-10 21:17:41","","464-472","","3-4","99","","Theor. Appl. Genet.","","","","","","","","English","","","Scopus","","","","","<p>Export Date: 10 July 2026; Cited By: 26; Correspondence Address: M. Sun; Department of Zoology, University of Hong Kong, Hong Kong, Pokfulam Road, Hong Kong; email: meisun@hkucc.hku.hk; CODEN: THAGA</p>","","","Amaranthus; Amaranthus caudatus; Amaranthus cruentus; Amaranthus hybridus; Amaranthus hypochondriacus; Amaranthus powellii; Amaranthus quitensis; DNA fingerprinting; dna minisatellite; genetic diversity; Genetic diversity; germplasm; Low-Cot DNA; microsatellite DNA; Phylogenetic relationships; plant breeding; plant genetics; restriction fragment length polymorphism; satellite DNA","","","","","","","","","","","","","","","","","","","","","","","","","","","","","","","","","","","","","","","","","","","","","","",""
"JXYUGDG3","journalArticle","2002","Chen, W.-Q.; Swart, W.J.","The in vitro phytotoxicity of culture filtrates of Fusarium oxysporum to five genotypes of Amaranthus hybridus","Euphytica","","00142336 (ISSN)","10.1023/A:1019980600219","https://www.scopus.com/pages/publications/0036390332?origin=resultslist","Stem decay and root rot of Amaranthus hybridus, caused by Fusarium oxysporum is a serious threat to the commercial production of this crop in South Africa. Five Amaranthus hybridus varieties were examined in vitro for sensitivity to a culture filtrate of Fusarium oxysporum. The phytotoxicity of the culture filtrate was assessed for its inhibitory effect on callus and seeding root growth, as well as on the viability of callus cells. The five varieties exhibited a significant amount of variation in response to the culture filtrate of the pathogen. Variety 17 was the most sensitive variety in each bioassay, whereas variety 20 displayed least sensitivity to the culture filtrate. Callus of variety 20 grew well in the presence of concentrations of culture filtrate that were toxic to another four varieties and the percentage mortality of callus cells after exposure to the filtrate was also the lowest of the five varieties. Root growth of variety 20 was also least affected by exposure to the culture filtrate for up to 6 days. To our knowledge, the presence of resistance in germplasm of A. hybridus to culture filtrates of F. oxysporum has not been demonstrated before. The present study is therefore of significant value to breeding programs aimed at speedily finding amaranth cultivars that are resistant to this important pathogen.","2002","2026-07-10 21:17:41","2026-07-10 21:17:41","","61-67","","1","127","","Euphytica","","","","","","","","English","","","Scopus","","","","","<p>Export Date: 10 July 2026; Cited By: 13</p>","","","Amaranthus; Amaranthus caudatus; Amaranthus hybridus; Callus; Culture filtrate; Fungi; Fusarium; Fusarium oxysporum; Indirect disease screening","","","","","","","","","","","","","","","","","","","","","","","","","","","","","","","","","","","","","","","","","","","","","","",""
"I8FZ2NP2","journalArticle","2013","Jimenez, F.R.; Maughan, P.J.; Alvarez, A.; Kietlinski, K.D.; Smith, S.M.; Pratt, D.B.; Elzinga, D.B.; Jellen, E.N.","Assessment of genetic diversity in Peruvian Amaranth (Amaranthus caudatus and A. hybridus) germplasm using single nucleotide polymorphism markers","Crop Science","","0011183X (ISSN)","10.2135/cropsci2012.07.0413","https://www.scopus.com/pages/publications/84873553132?origin=resultslist","Amaranth (Amaranthus caudatus L.) is an important seed crop in the Andes. It has excellent nutritional value and ample capacity for growth under drought, heat, and soil nutrient deficiency. The objective of this study was to characterize and quantify genetic diversity among a series of 178 mostly peruvian amaranth individuals genotyped from among 48 accessions using 96 biallelic single nucleotide polymorphism (SNp) markers in KASpar assays on a 96.96 Fluidigm Ep1 platform. The 178 seed genotypes included the predominant white-opaque (waxy), white-vitreous (nonwaxy), black, and brown types, all from within the Centro de Investigacion de Cultivos Andinos-Universidad Nacional de San Antonio Abad del Cusco collection. The samples separated into two groups based on the seed color parameter (black, brown, and white-vitreous versus whiteopaque) with STrUCTUrE analysis but did not form distinct genotypic groups based on geographic origin. When analyzed as seed-color subgroups-black vs. brown vs. white-vitreous vs. white-opaque-83.46% of the genetic variation was explained by genetic differences within subgroup. The highest average observed heterozygosity (Ho) within color-based subgroups was 0.2612 in the vitreous-seeded subgroup, and within-group expected heterozygosity (He) was highest in the brown-seeded subgroup (0.398). Cluster analysis and principal component analysis partitioned the amaranth accessions into two clusters with four distinct subclusters. Analyses also revealed evidence for selection of nonwaxy, vitreous-seeded amaranth in the Andes. © Crop Science Society of America.","2013","2026-07-10 21:17:41","2026-07-10 21:17:41","","532-541","","2","53","","Crop Sci.","","","","","","Crop Science Society of America","","English","","","Scopus","","","","","<p>Export Date: 10 July 2026; Cited By: 24; Correspondence Address: E. N. Jellen; email: jellen@byu.edu; CODEN: CRPSA</p>","","","","","","","","","","","","","","","","","","","","","","","","","","","","","","","","","","","","","","","","","","","","","","","","","",""
"LBI6BJ9S","journalArticle","2019","Vincent, L.; Sivaraj, N.; Anushma, P.; Ganeshan, S.; Rajasekharan, P.E.","Diversity, distribution, collection and conservation of amaranth germplasm from Andhra Pradesh","Acta Horticulturae","","05677572 (ISSN)","10.17660/ActaHortic.2019.1241.16","https://www.scopus.com/pages/publications/85070801771?origin=resultslist","Diversity of amaranths (family Amaranthaceae) can be observed from sea level to high altitudes even in the worse climatic conditions, and they are rich in micro-nutrients and bio-active compounds. In the rural areas of India, amaranths occupy an unparalleled position and are used in a large number of culinary preparations. Considering its importance and available diversity, a collaborative germplasm survey had been conducted in parts of Andhra Pradesh covering Chittoor, Cuddapah and Nellore districts by the National Bureau of Plant Genetic Resources, Regional Station, Hyderabad and Indian Institute of Horticultural Research, Bengaluru in October, 2014, where amaranth species are widely cultivated. The surveyed region falls under the southern agro-climatic zone of Andhra Pradesh having a hot and humid tropical climate with an average rainfall of 600-1000 mm. Depending on the availability of the amaranth germplasm to be collected in the wild and from farmers' fields, random sampling and bulk sampling methods were followed, respectively. A few market samples were also collected. The survey resulted in augmentation of 99 accessions of Amaranth species viz., Amaranthus blitum (8), Amaranthus caudatus (2), Amaranthus graecizans (27), Amaranthus hybridus (10), Amaranthus spinosus (15), Amaranthus tricolor (26) and Amaranthus viridis (11). A great deal of variability with respect to stem colour, leaf colour, inflorescence, were observed in amaranth species and described. Amaranthus spinosus is being used as traditional veterinary medicine for cattle. It was also observed that the practice of traditional cultivation by farmers maintaining their own Amaranth seed material had been reduced in the surveyed region. The collected amaranth germplasm diversity will be characterized and evaluated at IIHR Bengaluru. The seed material is being conserved in the medium term module kept at the NBPGR, Regional Station and long term storage (LTS) at NBPGR. © 2019 International Society for Horticultural Science. All rights reserved.","2019","2026-07-10 21:17:41","2026-07-10 21:17:41","","99-104","","","1241","","Acta Hortic.","","","","","","International Society for Horticultural Science","","English","","","Scopus","","","","","<p>Export Date: 10 July 2026; Cited By: 2; Correspondence Address: L. Vincent; ICAR-Indian Institute of Horticultural Research, Bengaluru, Hessaraghatta lake P.O., 89, India; email: lintav@iihr.ernet.in</p>","","","Andhra Pradesh; Exploration; Storage; Traditional uses; Variation","","","","","","","","","","","","","","","","","","","","","","","","","","","","","","","","","","","","","","","","","","","","","","",""
"FWAF9AWH","journalArticle","2001","Di Renzo, M.; Bonamico, N.; Gesumaria, J.","Characterisation of amaranth accessions by isozymic patterns","Seed Science and Technology","","02510952 (ISSN)","","https://www.scopus.com/pages/publications/0035037187?origin=resultslist","Accurate and rapid methods for identification of germplasm accessions and genotypic comparison have important practical applications in plant breeding. Polymorphic isozyme patterns were analysed in order to characterise eight commercial varieties and 35 experimental strains obtained from the amaranth breeding program developed in our institution. These accessions belong to seven Amaranthus spp.: A. caudatus L., A. cruentus L., A. hypochondriacus L. Rob., A. mantegazzianus Pass., A. dubius Mart. ex Thell., A. tricolor L. and A. hybridus L. Of the 43 cultivars and strains, thirty-one were identified by electrophoresis of esterases, alcohol dehydrogenases, leucine amino-peptidases, malate dehydrogenases, 6-phosphogluconate dehydrogenases, acid phosphatases, and malic enzyme from seed extracts. Some accessions could not be characterised individually indicating that they may have similar genotypes, forming separate groups. A Principal Coordinate Analysis was made based on the presence or absence of 23 polymorphic bands. This provided a general overview of genetic diversity within this germplasm. These multivariate approaches grouped most cultivars and strains according to taxonomical classifications and illustrated interrelationships among accessions. This study suggests that isoenzymatic seed characteristics can be a profitable complement of other morphological and biochemical markers for practical applications in amaranth breeding programs allowing the characterisation of cultivars and new breeding lines.","2001","2026-07-10 21:17:41","2026-07-10 21:17:41","","227-238","","1","29","","Seed Sci. Technol.","","","","","","","","English","","","Scopus","","","","","<p>Export Date: 10 July 2026; Cited By: 0; Correspondence Address: M. Di Renzo; Facultad de Agronomia y Veterinaria, Universidad Nacional de Rio Cuarto, 5800 Río Cuarto, Argentina; email: mdirenzo@ayv.unrc.edu.ar; CODEN: SSTCB</p>","","","acid phosphatase; alcohol dehydrogenase; biochemical marker; cultivar identification; cytosol aminopeptidase; enzyme electrophoresis; esterase; genetic strain; germplasm; isoenzyme; malate dehydrogenase; malate dehydrogenase (decarboxylating); phosphogluconate dehydrogenase; plant breeding; polymorphic locus; principal coordinate analysis","","","","","","","","","","","","","","","","","","","","","","","","","","","","","","","","","","","","","","","","","","","","","","",""
"N75KEHQ8","journalArticle","2010","Shukla, S.; Bhargava, A.; Chatterjee, A.; Pandey, A.C.; Mishra, B.K.","Diversity in phenotypic and nutritional traits in vegetable amaranth (Amaranthus tricolor), a nutritionally underutilised crop","Journal of the Science of Food and Agriculture","","10970010 (ISSN)","10.1002/jsfa.3797","https://www.scopus.com/pages/publications/70450069988?origin=resultslist","BACKGROUND: Assessment of genetic diversity in a crop-breeding programme helps in the identification of diverse parental combinations to create segregating progenies with maximum genetic variability and facilitates introgression of desirable genes from diverse germplasm into the available genetic base. RESULTS: In the present study, 39 strains of vegetable amaranth (Amaranthus tricolor) were evaluated for eight morphological and seven quality traits for two test seasons to study the extent of genetic divergence among the strains. Multivariate analysis showed that the first four principal components contributed 67.55% of the variability. Cluster analysis grouped the strains into six clusters that displayed a wide range of diversity for most of the traits. CONCLUSION: Cluster analysis has proved to be an effective method in grouping strains that may facilitate effective management and utilisation in crop-breeding programmes. The diverse strains falling in different clusters were identified, which can be utilised in different hybridisation programmes to develop high-foliage-yielding varieties rich in nutritional components. © 2009 Society of Chemical Industry.","2010","2026-07-10 21:17:41","2026-07-10 21:17:41","","139-144","","1","90","","J. Sci. Food Agric.","","","","","","","","English","","","Scopus","","","","","<p>Export Date: 10 July 2026; Cited By: 80; Correspondence Address: S. Shukla; Genetics and Plants Breeding Department, National Botanical Research Institute, Lucknow, India; email: s_shukla31@rediffmail.com; CODEN: JSFAA</p>","","","Amaranthus; Amaranthus caudatus; Amaranthus tricolor; article; Ascorbic acid; biomass; Biomass; classification; cluster analysis; Cluster Analysis; crop; Crops, Agricultural; Fibre; Foliage; Genetic diversity; genetic variability; Genetic Variation; genetics; genotype; Genotype; nutritional value; Nutritive Value; PCA; phenotype; Phenotype; plant leaf; Plant Leaves; principal component analysis; Principal Component Analysis; Protein; vegetable; Vegetables","","","","","","","","","","","","","","","","","","","","","","","","","","","","","","","","","","","","","","","","","","","","","","",""
"9R3WAFFC","journalArticle","1998","Trognitz, B.R.; Hermann, M.; Carrión, S.","Germplasm conservation of oca (Oxalis tuberosa Mol.) through botanical seed. Seed formation under a system of polymorphic incompatibility","Euphytica","","00142336 (ISSN)","10.1023/A:1018336003573","https://www.scopus.com/pages/publications/0031862133?origin=resultslist","Seven clonal accessions representing all three stylar morphs of tristylous oca were intercrossed and selfed in a complete diallelic crossing design. The four traits total capsule production, total number of seeds/capsule, total number of seeds containing an embryo/capsule, and percent seeds containing an embryo of all seeds per capsule were recorded. Both capsule and seed production were highest in the legitimate pollinations (in which styles are pollinated with pollen of the corresponding anther level), but also in illegitimate pollinations of mid-styled seed parents with long-level anther pollen of short-styled accessions. All 18 types of pollination, consisting of 6 legitimate, 6 illegitimate intermorph, and 6 illegitimate intramorph pollinations, expressed gradually different levels of capsule and seed production. Intramorph pollinations and selfs of mid-styled seed parents were less incompatible than intramorph pollinations and selfs of the long- and short-styled morphs. All accessions studied expressed an intact system of heteromorphic stylar incompatibility despite their exclusive clonal propagation for millennia. A maximum of 16,3 seeds/capsule containing an embryo was obtained in an individual legitimate cross of two accessions, although an average of 25 ovules are present in a flower of O. tuberosa. The results are discussed in relation to the establishment of a genebank based on botanical seed of this clonally propagated, valuable Andean tuber crop.","1998","2026-07-10 21:17:59","2026-07-10 21:17:59","","133-141","","2","101","","Euphytica","","","","","","Kluwer Academic Publishers","","English","","","Scopus","","","","","<p>Export Date: 10 July 2026; Cited By: 16; CODEN: EUPHA</p>","","","accession; Breeding system; genebank; Genetic resources; germplasm; Oca; Oxalis tuberosa; plant breeding; pollination; Reproductive biology; Tristyly; Tuberosa","","","","","","","","","","","","","","","","","","","","","","","","","","","","","","","","","","","","","","","","","","","","","","",""
"XNK3SE9Y","journalArticle","2008","Pissard, A.; Arbizu, C.; Ghislain, M.; Faux, A.-M.; Paulet, S.; Bertin, P.","Congruence between morphological and molecular markers inferred from the analysis of the intra-morphotype genetic diversity and the spatial structure of Oxalis tuberosa Mol.","Genetica","","00166707 (ISSN)","10.1007/s10709-007-9150-9","https://www.scopus.com/pages/publications/36448972687?origin=resultslist","Oxalis tuberosa is an important crop cultivated in the highest Andean zones. A germplasm collection is maintained ex situ by CIP, which has developed a morphological markers system to classify the accessions into morphotypes, i.e. groups of morphologically identical accessions. However, their genetic uniformity is currently unknown. The ISSR technique was used in two experiments to determine the relationships between both morphological and molecular markers systems. The intra-morphotype genetic diversity, the spatial structures of the diversity and the congruence between both markers systems were determined. In the first experience, 44 accessions representing five morphotypes, clearly distinct from each other, were analyzed. At the molecular level, the accessions exactly clustered according to their morphotypes. However, a genetic variability was observed inside each morphotype. In the second experiment, 34 accessions gradually differing from each other on morphological base were analyzed. The morphological clustering showed no geographical structure. On the opposite, the molecular analysis showed that the genetic structure was slightly related to the collection site. The correlation between both markers systems was weak but significant. The lack of perfect congruence between morphological and molecular data suggests that the morphological system may be useful for the morphotypes management but is not appropriate to study the genetic structure of the oca. The spatial structure of the genetic diversity can be related to the evolution of the species and the discordance between the morphological and molecular structures may result from similar selection pressures at different places leading to similar forms with a different genetic background. © 2007 Springer Science+Business Media, Inc.","2008","2026-07-10 21:17:59","2026-07-10 21:17:59","","71-85","","1","132","","Genetica","","","","","","","","English","","","Scopus","","","","","<p>Export Date: 10 July 2026; Cited By: 24; Correspondence Address: A. Pissard; Departement de Biologie Appliquee et Productions Agricoles, Ecophysiologie et Amelioration Vegetale, Université Catholique de Louvain, Louvain-La-Neuve 1348, Place Croix du Sud, 2 bte 11, Belgium; email: pissard@ecav.ucl.ac.be; CODEN: GENEA</p>","","","angiosperm; Angiosperms; article; classification; DNA sequence; Genetic diversity; genetic marker; Genetic Markers; genetic variability; genetics; histology; ISSR markers; methodology; Minisatellite Repeats; Morphotype; Oca; Oxalis tuberosa; phylogeny; Phylogeny; reproducibility; Reproducibility of Results; Sequence Analysis, DNA; Spatial structure; variable number of tandem repeat; Variation (Genetics)","","","","","","","","","","","","","","","","","","","","","","","","","","","","","","","","","","","","","","","","","","","","","","",""
"PCPWND6F","journalArticle","2009","Malice, M.; Baudoin, J.-P.","Genetic diversity and germplasm conservation of three minor Andean tuber crop species","Biotechnology, Agronomy, Society and Environment","","13706233 (ISSN)","","https://www.scopus.com/pages/publications/70349873337?origin=resultslist","In traditional Andean agrosystems, three minor tuber crop species are of regional or local importance: oca (Oxalis tuberosa Molina), ulluco (Ullucus tuberosus Caldas) and mashua (Tropaeolum tuberosum Ruiz & Pav.). Genetic diversity within these species is very large and could result from the high ecological and cultural variability that characterizes the Andean area. Nowadays, many anthropic or ecological factors cause the loss of diversity and contribute to genetic erosion. The development of conservation strategies for genetic resources of Andean tubers, in situ as well as ex situ, includes a better knowledge of diversity in addition to the study of Andean farming strategies linked to this genetic diversity.","2009","2026-07-10 21:17:59","2026-07-10 21:17:59","","441-448","","3","13","","""Biotechnologie, Agronomie, Societe et Environnement""","Diversité génétique et conservation du germoplasme de trois tubercules andins mineurs","","","","","Les Presses Agronomiques de Gembloux","","French","","","Scopus","","","","","<p>Export Date: 10 July 2026; Cited By: 15; Correspondence Address: M. Malice; Univ. Liege - Gembloux Agro-Bio Tech, Department of Tropical Crop Husbandry and Horticulture, 2. B- 5030 Gembloux, Passage des Déportés, Belgium; email: malice.m@fsagx.ac.be</p>","","","Andean tubers; Bolivia; Ex situ conservation; Genetic diversity; In situ conservation; Mashua; Oca; Oxalis tuberosa; Phytogenetic resources; Tropaeolaceae; Tropaeolum tuberosum; Ulluco; Ullucus tuberosus","","","","","","","","","","","","","","","","","","","","","","","","","","","","","","","","","","","","","","","","","","","","","","",""
"HCGSXHN7","journalArticle","2026","Llaja-Zuta, E.; Fernández-Poquioma, D.M.; Añazco-Urbina, B.; Hernández-Amasifuen, A.D.; Condori-Apfata, J.A.","In Vitro Micropropagation of Oca (Oxalis tuberosa Mol.): An Important Plant Genetic Resource from the High Andean Region","Plants","","22237747 (ISSN)","10.3390/plants15010062","https://www.scopus.com/pages/publications/105027240969?origin=resultslist","Oca (Oxalis tuberosa Mol.) is an Andean crop with high nutritional and cultural value; however, its vegetative propagation makes it challenging to ensure a continuous supply of high-quality planting material. In this study, an efficient and reproducible in vitro propagation protocol was established for the oca genotype OT–001 (Amazonas, Peru), integrating shoot multiplication, rooting, and acclimatization. One-centimeter nodal segments were cultured in MS medium supplemented with 6-benzylaminopurine (BAP) or kinetin (KIN) at increasing concentrations ranging from 0.1 to 2.0 mg L&#8722;1. For rooting, one-centimeter shoots were transferred to MS medium supplemented with indole-3-butyric acid (IBA) or 1-naphthaleneacetic acid (NAA) at increasing concentrations ranging from 0.1 to 2.0 mg L&#8722;1. The variables evaluated four weeks after treatment initiation were regeneration percentage, rooting percentage, number of shoots per explant, number of roots per explant, number of nodes, and shoot length. The regeneration rate reached 100% with both BAP and KIN treatments; however, shoot proliferation was highest with 1.0 mg L&#8722;1 BAP, producing an average of 7.4 shoots per explant compared to 2.3 shoots in the control. Meanwhile, KIN concentrations of 0.2–0.5 mg L&#8722;1 promoted the development of longer shoots (up to 31.4 mm). In rooting, although the control achieved 93.3%, auxin supplementation improved root architecture. IBA at 0.1 mg L&#8722;1 achieved 100% rooting with the longest roots (23.9 mm), while 2.0 mg L&#8722;1 IBA maximized the number of roots (14.2 roots per explant). With NAA, the root systems were dense but shorter. The in vitro-regenerated plantlets exhibited 100% survival after 15 and 30 days of acclimatization in sterile agricultural soil, demonstrating the high quality of the plant material obtained. The protocol enables the production of homogeneous and vigorous plantlets throughout the year and provides a practical foundation for the ex situ conservation of oca germplasm and its commercial propagation. It also establishes the basis for advanced applications such as genetic transformation and gene editing. © 2025 by the authors.","2026","2026-07-10 21:17:59","2026-07-10 21:17:59","","","","1","15","","Plants","","","","","","Multidisciplinary Digital Publishing Institute (MDPI)","","English","","","Scopus","","","","","<p>Export Date: 10 July 2026; Cited By: 3; Correspondence Address: J.A. Condori-Apfata; Instituto de Investigación, Innovación y Desarrollo para el Sector Agrario y Agroindustrial (IIDAA), Facultad de Ingeniería y Ciencias Agrarias, Universidad Nacional Toribio Rodríguez de Mendoza de Amazonas, Chachapoyas, Calle Higos Urco 342—Ciudad Universitaria, 01000, Peru; email: jorge.condori@untrm.edu.pe</p>","","","6-benzylaminopurine; Andean tuber crop; ex vitro acclimatization; germplasm conservation; indole-3-butyric acid","","","","","","","","","","","","","","","","","","","","","","","","","","","","","","","","","","","","","","","","","","","","","","",""
"LAGYBZR9","journalArticle","2016","Bonnave, M.; Bleeckx, T.; Terrazas, F.; Bertin, P.","Effect of the management of seed flows and mode of propagation on the genetic diversity in an Andean farming system: the case of oca (Oxalis tuberosa Mol.)","Agriculture and Human Values","","0889048X (ISSN)","10.1007/s10460-015-9646-3","https://www.scopus.com/pages/publications/84940706980?origin=resultslist","The seed system is a major component of traditional management of crop genetic diversity in developing countries. Seed flows are an important part of this system. They have been poorly studied for minor Andean crops, especially those that are propagated vegetatively. We examine the seed exchanges of Oxalis tuberosa Mol. (oca), a vegetatively propagated crop capable of sexual reproduction. We studied the seed exchanges of four rural communities in Candelaria district (Cochabamba department, Bolivia) at the international and local levels, emphasizing the spread of new sexually-produced genotypes through these exchanges. Interviews with 44 farmers generated socioeconomic, agronomic, crop diversity and seed exchange information, and data on the potential incorporation of new sexually-produced genotypes in the crop germplasm. We interviewed merchants to evaluate the input and output of genetic diversity in the communities studied. Results showed a positive effect of the farmers’ wealth on the diversity cultivated and on seed exchanges. Most seed exchanges occurred at market, creating a distinction between cash and self-consumption landraces. Cash landraces were intensively exchanged; self-consumption landraces were isolated at the farmer level and prone to genetic drift and complete loss. Merchants exported seeds of cash landraces across Bolivia and into Peru and Argentina. New sexually produced genotypes are less incorporated into cash landraces than in self-consumed landraces. However, new genotypes incorporated into cash landraces are diffused faster and better, being more intensively exchanged. We propose conservation strategies that can be applied to other vegetatively propagated and minor Andean crops. © 2015, Springer Science+Business Media Dordrecht.","2016","2026-07-10 21:17:59","2026-07-10 21:17:59","","673-688","","3","33","","Agric. Hum. Values","","","","","","Springer Science and Business Media B.V.","","English","","","Scopus","","","","","<p>Export Date: 10 July 2026; Cited By: 11; Correspondence Address: M. Bonnave; Earth and Life Institute, Université catholique de Louvain, Louvain-la-Neuve, Croix du Sud 2 – 11 (L7.05.11), 1348, Belgium; email: maxime.bonnave@gmail.com</p>","","","Andes; Landrace diversity; Minor crop; Propagation mode; Seed exchange; Wealth","","","","","","","","","","","","","","","","","","","","","","","","","","","","","","","","","","","","","","","","","","","","","","",""
"RHZJDHZ7","journalArticle","2014","Bonnave, M.; Bleeckx, G.; Rojas Beltrán, J.; Maughan, P.; Flamand, M.-C.; Terrazas, F.; Bertin, P.","Farmers' unconscious incorporation of sexually-produced genotypes into the germplasm of a vegetatively-propagated crop (Oxalis tuberosa Mol.)","Genetic Resources and Crop Evolution","","09259864 (ISSN)","10.1007/s10722-013-0068-z","https://www.scopus.com/pages/publications/84896050109?origin=resultslist","Clonal propagation and sexual reproduction have diametrically opposite effects on the genetic diversity of crops, permitting, respectively, the conservation of existing genotypes or the creation of new diversity. Oxalis tuberosa Mol. (""oca"") exhibits a heteromorphic self-incompatibility system and is traditionally propagated clonally but is capable of sexual reproduction. In this study we investigated the influence of sexual reproduction on the in situ genetic diversity of a vegetatively propagated crop, taking oca as a model plant. The occurrence of sexual reproduction in natural conditions and its use by farmers were studied through surveys and interviews, while the effect of sexual reproduction on the in situ genetic diversity was evaluated using microsatellite analysis. Plantlets issuing from sexual reproduction were encountered in five of the nine visited communities. The interviews indicated that six out of the nine interviewed farmers were likely, albeit unconsciously, incorporating clonal lineages issuing from sexual reproduction into their varieties. The microsatellite analysis indicated a strong effect of such incorporations on the genetic diversity of the plant varieties. Assignment tests confirmed the allogamy of oca. ""Complex varieties"", made up of individuals exhibiting genetically differentiated genotypes, were most likely the result of recent crossing. Unconscious incorporation of new genotypes into the cultivated oca germplasm is therefore highly likely, raising the question of its potential occurrence in other vegetatively propagated crops. These findings could have an important effect on the adaptive potential of oca, especially in light of the genetic erosion that threatens the crop. © 2013 Springer Science+Business Media Dordrecht.","2014","2026-07-10 21:17:59","2026-07-10 21:17:59","","721-740","","4","61","","Genet. Resour. Crop. Evol.","","","","","","Kluwer Academic Publishers","","English","","","Scopus","","","","","<p>Export Date: 10 July 2026; Cited By: 12; Correspondence Address: P. Bertin; Earth and Life Institute, Université Catholique de Louvain, 1348 Louvain-la-Neuve, Croix du Sud 2, 11 (L7.05.11), Belgium; email: pierre.bertin@uclouvain.be; CODEN: GRCEE</p>","","","agricultural management; genetic differentiation; Genetic diversity; genetic marker; genotype; germplasm; herb; Microsatellite; numerical model; Oxalis tuberosa; self incompatibility; sexual reproduction; Sexual reproduction; survey; Traditional crop management","","","","","","","","","","","","","","","","","","","","","","","","","","","","","","","","","","","","","","","","","","","","","","",""
"LPJKM9ER","journalArticle","2026","Taha, M.A.; Mohamed, M.F.; Mahmoud, A.M.; Tawfik, A.A.","Variability Assessment of New Developed Lines of Chia (Salvia hispanica L.)","International Journal of Horticultural Science and Technology","","23221461 (ISSN)","10.22059/ijhst.2025.390454.1030","https://www.scopus.com/pages/publications/105029807727?origin=resultslist","Three populations of chia (Salvia hispanica) were obtained from different sources. No meaningful differences were detected among them; therefore, a single population was selected for the present breeding assessment. Given the wide variation observed in plant height, this trait was used as a classification factor for the germplasm. Plant height is easily distinguished visually and is commonly used as an indicator of seed yield. The populations were classified into three categories based on height: tall (90– 110 cm), medium (70–89 cm), and short (50–69 cm). Because chia is a self-pollinated and self-fertilized crop, it was assumed to consist of a composite of pure lines. Progeny test results confirmed the genetic purity (homozygosity) of the selected plants within the different plant height categories. Narrow-sense heritability, estimated through parent–offspring regression, ranged from 0.26 for spike length to 0.97 for plant height. Accordingly, the expected selection response values were high for most of the traits studied. All traits exhibited strong genotypic associations, with some reaching unity (1.00) in their correlation with seed weight per plant. This was clearly reflected in the parameters of correlated response and the relative efficiency of indirect selection. Selection for seed weight influenced all other traits to varying degrees through correlated responses. Following tandem multi-trait selection, twelve true-breeding chia lines were developed. Among these, two lines (1 and 7) showed particular promise for genetic improvement of chia. These lines may be directly utilized in chia production, pending stability testing, or employed as parental genetic material in cross-breeding programs. © 2026 The author(s).","2026","2026-07-10 21:18:10","2026-07-10 21:18:10","","803-820","","4","13","","Int. J. Hortic. Sci. Technol.","","","","","","University of Tehran, College of Aburaihan","","English","","","Scopus","","","","","<p>Export Date: 10 July 2026; Cited By: 0; Correspondence Address: M.A. Taha; Floriculture Department, Faculty of Agriculture, Assiut University, Assiut, Egypt; email: Mona.Ahmed@aun.edu.eg</p>","","","Chia; Directional selection; Indirect selection; Negative selection-derived bulk-line; Progeny test","","","","","","","","","","","","","","","","","","","","","","","","","","","","","","","","","","","","","","","","","","","","","","",""
"59NUXY2C","journalArticle","2026","Lara-Cabrera, S.; Rivas-Jaimes, G.; Prieto-Torres, D.A.; Sáenz-Romero, C.; Núñez-Landa, L.; Orozco-de Rosas, G.; Montero-Castro, J.-C.","Wild chia (Salvia hispanica) populations, endangered under global warming scenarios","Revista Mexicana de Biodiversidad","","18703453 (ISSN)","10.22201/ib.20078706e.2026.97.5730","https://www.scopus.com/pages/publications/105039962509?origin=resultslist","The conservation of crop wild relatives is particularly worrisome under global warming scenarios given their potential as sources of diversity for cultivars. Here we evaluate the potential effect of climate change through ecological niche modeling for wild chia (Salvia hispanica) populations as the closest crop wild relative. Current and future (2040, 2060, 2080) climatic conditions were modeled using 4 global climate models (ACCESS-CM2, BCC-CSM2-MR, MIROC6, and CanESM5) and 2 shared socioeconomic pathways (SSP2-4.5 and SSP5-8.5), accounting for both limited and long-distance dispersal scenarios. Current potential wild S. hispanica distribution is 192,789 km², 16.72% in climatically stable areas and coinciding with 184 Nature Conservancy Areas in Mexico and Guatemala. Unfortunately, by 2040, 2060, and 2080 wild chia's potential distribution would reduce by 60.81 to 83.07%, respectively under optimistic scenarios with potential of dispersion as well as pessimistic and non-dispersal scenarios. Furthermore, the most sensitive areas are in the Trans-Mexican Volcanic Belt, Pacific Coast, and Guatemala, which also are reportedly the most genetically diverse populations. We urge conservation efforts to increase wild germplasm collections and embark on in situ conservation with local communities to preserve the genetic reservoir of the species for future crop breeding. © 2026 Universidad Nacional Autónoma de México, Instituto de Biología. Open Access bajo la licencia CC BY-NC-ND (4.0)","2026","2026-07-10 21:18:10","2026-07-10 21:18:10","","","","","97","","Rev. Mex. Biodiversidad","Peligro de extinción de poblaciones silvestres de chía (Salvia hispanica) bajo escenarios de calentamiento global","","","","","Universidad Nacional Autonoma de Mexico","","English","","","Scopus","","","","","<p>Export Date: 10 July 2026; Cited By: 0; Correspondence Address: S. Lara-Cabrera; Universidad Michoacana de San Nicolás de Hidalgo, Facultad de Biología, Laboratorio de Biodiversidad y Biogeografía de Plantas, Morelia, Gral. Francisco J. Múgica s/n, Ciudad Universitaria, Edificio B2, 3er piso, Felicitas de Río, Michoacán, 58030, Mexico; email: sabina.lara@umich.mx</p>","","","Climate change; Environmental suitability; Species distribution; Vulnerability risk","","","","","","","","","","","","","","","","","","","","","","","","","","","","","","","","","","","","","","","","","","","","","","",""
"TPI3HJMC","journalArticle","2022","Thada, A.; Choudhary, B.R.; Bhardwaj, R.","Association analysis in chia (Salvia hispanica L.)","Electronic Journal of Plant Breeding","","0975928X (ISSN)","10.37992/2021.1204.172","https://www.scopus.com/pages/publications/85123245691?origin=resultslist","The present study was carried out in a set of germplasm accessions for yield related traits in Chia. Results of the correlation coefficient revealed a highly significant and positive effect of the number of primary branches, harvest index and oil content on seed yield per plant on both genotypic and phenotypic levels, while plant height had a positive significant correlation with seed yield only at the genotypic level. Through analysis of path coefficients, the positive and significant direct effect of harvest index on genotypic as well as phenotypic levels was inferred, whilst days to 50% flowering and plant height illustrated positive direct effects on seed yield per plant only at the genotypic level. Moderate direct and positive effects of days to maturity at the genotypic level along with the number of primary branches at the phenotypic level were observed on seed yield per plant. The study revealed that harvesting index, days to 50% flowering and fruiting branches could be used as selection criteria traits, which will be very useful in future breeding programmes to enhance yield in Chia. © 2022. Electronic Journal of Plant Breeding. All Rights Reserved.","2022","2026-07-10 21:18:10","2026-07-10 21:18:10","","1254-1260","","4","12","","Electron. J. Plant Breed.","","","","","","Indian Society of Plant Breeders","","English","","","Scopus","","","","","<p>Export Date: 10 July 2026; Cited By: 1; Correspondence Address: A. Thada; Agriculture Research Station, Mandor, Agriculture University, Jodhpur, Rajasthan, India; email: thadaantra@gmail.com</p>","","","Chia; Correlation coefficient; Path analysis; Selection criteria; Yield improvement","","","","","","","","","","","","","","","","","","","","","","","","","","","","","","","","","","","","","","","","","","","","","","",""
"AQ8D5BTR","journalArticle","2017","Palma-Rojas, C.; Gonzalez, C.; Carrasco, B.; Silva, H.; Silva-Robledo, H.","Genetic, cytological and molecular characterization of chia (Salvia hispanica L.) provenances","Biochemical Systematics and Ecology","","03051978 (ISSN)","10.1016/j.bse.2017.05.003","https://www.scopus.com/pages/publications/85020198503?origin=resultslist","Chia (Salvia hispanica L.) is a native plant to southern Mexico and northern Guatemala although in these days also is cultivated in others South American countries such as Bolivia and Argentina. This study describes a genetic, cytological and molecular characterization of nine provenances of Salvia hispanica. The genome size was estimated to be C = 0.84 pg of DNA. Also a quantitative description of the karyotype is presented. The karyo-idiogram analysis shows that pairs 5 and 6 of the chromosomes are in the limit between submetacentric and subtelocentric types. When the nine provenances were studied using ISSR markers we were able to observe a very low genetic variability for the ISSR loci analysed (h = 0.08–0.15; I = 0.10–0.23; P = 9.3–23.5%). Selfing and reduced genetic background produced by genetic drift and human selection, might explain in part the scarce genetic differentiation found among provenances. These genetic characterizations are part of the basic genetic information, which should be considered for improvement and germplasm conservation programs. © 2017 Elsevier Ltd","2017","2026-07-10 21:18:10","2026-07-10 21:18:10","","16-21","","","73","","Biochem. Syst. Ecol.","","","","","","Elsevier Ltd","","English","","","Scopus","","","","","<p>Export Date: 10 July 2026; Cited By: 8; Correspondence Address: H. Silva; Universidad de Chile, Facultad de Ciencias Agronómicas, Departamento de Producción Agrícola, Laboratorio de Genómica Funcional & Bioinformática, La Pintana, Av. Santa Rosa 11315, 8820808, Chile; email: hesilva@uchile.cl; CODEN: BSECB</p>","","","Argentina; Bolivia; chromosome; Chromosome characterization; cytology; dicotyledon; DNA content; genetic analysis; genetic differentiation; genetic drift; genetic marker; Genetic variability; genome; Guatemala [Central America]; Guatemala [Guatemala (NTN)]; ISSR markers; Karyo-idiogram; karyotype; Mexico [North America]; molecular analysis; native species; provenance; Salvia hispanica","","","","","","","","","","","","","","","","","","","","","","","","","","","","","","","","","","","","","","","","","","","","","","",""
"9SWBMAZJ","journalArticle","2008","Gómez, J.A.H.; Colín, S.M.","Morphological characterization of chía (Salvia hispanica)","Revista Fitotecnia Mexicana","","01877380 (ISSN)","","https://www.scopus.com/pages/publications/54049085388?origin=resultslist","The genetic variability of chia (Salvia hispanica L.) has been decreasing. Thus, it is important to valorize the present diversity of Mesoamerican native chia species for a better conservation and use planning. In this study, the morphological variation of 22 cultivated and wild S. hispanica accessions was evaluated in 1999. Two plants of each chia accession were transplanted in randomized blocks design with four replications, under greenhouse conditions at Chapingo, México. Twenty three morphological characters of leaf, stem, inflorescence, flower and seed were recorded. Principal components and cluster analyses indicated six groups of chia accessions which were associated considering the similarity to width and length of corolla, width of calyx, seed scatter habit, stem thickness, time of flowering and branching. The cultivated chia groups from Jalisco, Puebla and Central America developed bigger, wider and more exposed corollas, longer, wider and compact inflorescences, indehiscent seeds and heavier seeds than wild chia group. On the other hand, the size of corolla, weight of seed and shatter habit of the cultivated group from Guerrero were similar to the wild chia group.","2008","2026-07-10 21:18:10","2026-07-10 21:18:10","","105-113","","2","31","","Rev. Fitotec. Mex.","Caracterización morfológica de chía (Salvia hispanica)","","","","","","","Spanish","","","Scopus","","","","","<p>Export Date: 10 July 2026; Cited By: 18; Correspondence Address: J. A. H. Gómez; Departamento de Fitotecnia, Universidad Autónoma Chapingo, 56230, Chapingo, Estado de México, Km. 38.5 Carretera México-Texcoco, Mexico; email: alhdezg2@hotmail.com</p>","","","Germplasm; Mesoamerica; Salvia; Salvia hispanica","","","","","","","","","","","","","","","","","","","","","","","","","","","","","","","","","","","","","","","","","","","","","","",""
"HF2AWVEI","journalArticle","2012","Jamboonsri, W.; Phillips, T.D.; Geneve, R.L.; Cahill, J.P.; Hildebrand, D.F.","Extending the range of an ancient crop, Salvia hispanica L.-a new &#969;3 source","Genetic Resources and Crop Evolution","","09259864 (ISSN)","10.1007/s10722-011-9673-x","https://www.scopus.com/pages/publications/84856722173?origin=resultslist","Chia, Salvia hispanica L., was well developed into a cultivated crop and an important component of Mesoamerican cultures and nutrition. Early Mesoamerican breeders produced lines with well developed agronomic characteristics including good, uniform seed yield and retention. Seed retention in particular is disadvantageous for survival in the wild. Maize, beans and squash were developed into important crops concomitant with chia in Mesoamerica but unlike these other crops lack of photoperiodic variability in floral induction limited the spread of chia cultivation into North America. There has been renewed interest in chia as an excellent source of &#969;3 fatty acids and dietary fiber for healthy diets. Such highly unsaturated oils also are useful starting materials for many renewable chemicals. Further we find chia grows very well in Midwestern and Eastern USA but flowers too late in the season for seeds to mature before killing frosts. We set out to develop the genetic diversity in floral induction to provide germplasm for production in the US and other temperate areas of the world. We demonstrate that new early flowering lines are able to flower under a photoperiod of 15 h under greenhouse conditions. In field conditions, some selected new lines flowered at a photoperiod of 14 h and 41 min during the 2009 growing season in Kentucky and can produce seeds in a range of environments in temperate areas. © 2011 Springer Science+Business Media B.V.","2012","2026-07-10 21:18:10","2026-07-10 21:18:10","","171-178","","2","59","","Genet. Resour. Crop. Evol.","","","","","","","","English","","","Scopus","","","","","<p>Export Date: 10 July 2026; Cited By: 114; Correspondence Address: W. Jamboonsri; Department of Plant and Soil Sciences, University of Kentucky, Lexington, KY 40546, United States; email: dhild@uky.edu; CODEN: GRCEE</p>","","","agronomy; Chia; climbing plant; crop yield; cultivar; cultivation; fatty acid; Fiber; fieldwork; flower; Flowering; fruit; genetic resource; genetic variation; greenhouse ecosystem; growing season; legume; maize; Mutagenesis; North America; Omega-3 fatty acids; photoperiod; Photoperiod; plant breeding; Renewable resources; Salba; Salvia; Salvia hispanica; Salvia hispanica L; seed production; survival; temperate environment; Zea mays","","","","","","","","","","","","","","","","","","","","","","","","","","","","","","","","","","","","","","","","","","","","","","",""
"EH3I3LYT","journalArticle","2025","Azzam, C.R.; Rizk, M.S.; Mostafa, S.S.M.; Arafa, R.A.; Al-Nabawi, M.S.; Morsi, N.A.A.; Nasr El-Din, M.M.; Taher, E.H.; Khaled, K.A.","Characterization of two novel chia (Salvia hispanica L.) white and black genotypes via DNA barcoding, physiological, and agronomic traits","Journal of Genetic Engineering and Biotechnology","","1687157X (ISSN)","10.1016/j.jgeb.2025.100545","https://www.scopus.com/pages/publications/105013637636?origin=resultslist","Background: Chia (Salvia hispanica L.) is recognized for its nutritional value and health-promoting compounds, including flavonoids. Aim: This study utilized DNA barcoding to identify and differentiate two novel chia genotypes, CACH-W and CACH-B, providing insights for breeding programs and genetic resource conservation (CA refers to the developer and CH refer to Chia). Methods: DNA was extracted from controlled samples and analyzed using five barcode markers: trnH-psbA, matK, rpoC1, rbcL, and ITS. Genetic diversity was evaluated through phylogenetic analysis with appropriate bioinformatics tools. Results: DNA barcoding using five markers (trnH-psbA, matK, rpoC1, rbcL, and ITS) successfully amplified sequences of 930 bp, 1520 bp, 2295 bp, 1910 bp, and 1630 bp, respectively. Among them, rbcL, rpoC1, and ITS effectively differentiated the two genotypes, and phylogenetic analysis confirmed their genetic identity and relationship with existing (Salvia hispanica L.) sequences. Functional analyses highlighted the conserved roles of key genes, including rbcL (carbon fixation), rpoC1 (chloroplast transcription), and matK (RNA splicing). The white genotype (CACH-W) outperformed the black genotype (CACH-B) in germination, physiological, and agronomic traits, achieving a higher seedling vigor index (11.68 vs. 8.51), longer radicle (6.94 cm vs. 5.02 cm), and greater total phenolic content (31.92 mg/g vs. 28.95 mg/g). Agronomically, CACH-W showed superior plant height, spike weight, and seed yield (1003.83 kg/feddan vs. 606.46 kg/feddan), making it a promising candidate for cultivation and breeding. Conclusion: This study demonstrates the effectiveness of certain plastome gene sequences in identifying and distinguishing chia varieties, offering a reliable tool for breeding, quality control, and germplasm conservation. The white genotype (CACH-W) outperformed the black genotype (CACH-B) in germination, physiological, and agronomic traits, achieving a higher seedling vigor index, longer radicle, and greater total phenolic content. Agronomically, CACH-W showed superior plant height, spike weight, and seed yield, making it a promising candidate for cultivation and breeding. The results also support the integration of marker-assisted selection for developing chia varieties with improved traits, enhancing their commercial and agricultural value. © 2025 The Author(s)","2025","2026-07-10 21:18:10","2026-07-10 21:18:10","","","","3","23","","J. Genet. Eng. Biotechnol.","","","","","","Elsevier B.V.","","English","","","Scopus","","","","","<p>Export Date: 10 July 2026; Cited By: 2; Correspondence Address: C.R. Azzam; Cell Research Department, FCRI, Agricultural Research Center (ARC), Giza, 12619, Egypt; email: clara.azzam@arc.sci.eg</p>","","","Chia (Salvia hispanica); Crop improvement; DNA markers; Genetic identification; Molecular barcoding","","","","","","","","","","","","","","","","","","","","","","","","","","","","","","","","","","","","","","","","","","","","","","",""
"NVR3374S","journalArticle","2022","Orozco-Orozco, L.F.; López-Hoyos, J.H.; Espitia-Negrete, L.B.; Velásquez-Arroyo, C.E.; Rodríguez-Rodríguez, O.J.; Garnica-Montaña, J.P.","Floral biology of Arracacia xanthorrhiza Bancr. accessions from Colombia’s germplasm bank","Agronomia Mesoamericana","","22153608 (ISSN)","10.15517/am.v33i3.49469","https://www.scopus.com/pages/publications/85137931123?origin=resultslist","Introduction. The arracacha is a native Andean tuberous root, with higher productions in Brazil and Colombia. Among the limitations of the crop is the lack of information about reproductive biology (flowering and sexual seed production) stands out, which hinders the breeding of new varieties. The National Germplasm Bank System for Food and Agriculture (SBNAA) of Colombia, under the custody of the Corporacion Colombiana de Investigacion Agropecuaria (AGROSAVIA), conserves 71 accessions of Arracacia xanthorrhiza Bancr., where flowering is frequent in up to 10 % of them. Objective. To characterize the floral structure and describe the reproductive cycle of nine arracacha accessions that flowered between 2019 and 2020. Materials and methods. The study was conducted at La Selva Research Center, Rionegro, Antioquia, Colombia, where the germplasm back is kept. The morphological characterization of the accessions was carried out by recording sixteen variables at the level of floral structure, in addition to monitoring the reproductive cycle. Results. Four groupings were obtained where the variables pollen color, anther color, petal color, plant height, number of staminate flowers, and number of seeds had the greatest contribution to the variability found. The floral reproductive cycle lasted 73 days on average, in which four phenophases were found: 1. umbel emergence, 2. style separation, 3. pollen shedding, and 4. fruit filling, with an average duration of 11, 3, 4, and 55 days, respectively. Among the factors that induced flowering in arracacha were: age, plant genetics, and climate. Conclusion. The floral structures and reproductive cycle of the nine accessions of arracacha that flowered between 2019 and 2020 were characterized. © 2022 Agronomía Mesoamericana es desarrollada en la Universidad de Costa Rica bajo una licencia Creative Commons.","2022","2026-07-10 21:18:22","2026-07-10 21:18:22","","","","3","33","","Agron. Mesoam.","Biología floral de accesiones de Arracacia xanthorrhiza Bancr. del banco de germoplasma de Colombia","","","","","Universidad de Costa Rica","","Spanish","","","Scopus","","","","","<p>Export Date: 10 July 2026; Cited By: 1; Correspondence Address: L.F. Orozco-Orozco; Corporación Colombiana de Investigación Agropecuaria (AGROSAVIA), Centro de Investigación La Selva, Rionegro, Antioquia, 054040, Colombia; email: lforozcoo@gmail.com</p>","","","Arracacha; characterization; flowering; morphology; notypic variability","","","","","","","","","","","","","","","","","","","","","","","","","","","","","","","","","","","","","","","","","","","","","","",""
"Q6CCQ5MC","journalArticle","2021","Cerón-Souza, I.; Galeano, C.H.; Tehelen, K.; Jiménez, H.R.; González, C.","Opportunities and challenges to improve a public research program in plant breeding and enhance underutilized plant genetic resources in the tropics","Genes","","20734425 (ISSN)","10.3390/genes12101584","https://www.scopus.com/pages/publications/85117416629?origin=resultslist","The American tropics are hotspots of wild and domesticated plant biodiversity, which is still underutilized by breeding programs despite being conserved at regional gene banks. The improvement of those programs depends on long-term public funds and the maintenance of specialized staff. Unfortunately, financial ups and downs complicate staff connectivity and their research impact. Between 2000 and 2010, Agrosavia (Corporación Colombiana de Investigación Agropecuaria) dramatically decreased its public financial support. In 2017, we surveyed all 52 researchers from Agrosavia involved in plant breeding and plant genetic resource programs to examine the effect of decimating funds in the last ten years. We hypothesized that the staff dedicated to plant breeding still suffer a strong fragmentation and low connectivity. As we expected, the social network among researchers is weak. The top ten central leaders are predominantly males with an M.Sc. degree but have significant experience in the area. The staff has experience in 31 tropical crops, and 17 are on the list of underutilized species. Moreover, although 26 of these crops are in the national germplasm bank, this has not been the primary source for their breeding programs. We proposed five principles to improve connectivity among teams and research impact: (1) The promotion of internal discussion about gender gaps and generation shifts to design indicators to monitor and decrease this disparity over time. (2) The construction of long-term initiatives and synergies with the Colombian government to support the local production of food security crops independent of market trends. (3) Better collaboration between the National Plant Germplasm Bank and plant breeding researchers. (4) A concerted priority list of species (especially those neglected or underutilized) and external institutions to better focus the collaborative efforts in research using public funds. (5) Better spaces for the design of projects among researchers and training programs in new technologies. These principles could also apply in other tropical countries with public plant breeding research programs facing similar challenges. © 2021 by the authors. Licensee MDPI, Basel, Switzerland.","2021","2026-07-10 21:18:22","2026-07-10 21:18:22","","","","10","12","","Genes","","","","","","MDPI","","English","","","Scopus","","","","","<p>Export Date: 10 July 2026; Cited By: 7; Correspondence Address: I. Cerón-Souza; Corporación Colombiana de Investigación Agropecuaria—AGROSAVIA, C.I. Tibaitatá, Mosquera, 250047, Colombia; email: iceron@agrosavia.co</p>","","","adult; Adult; Agrobiodiversity; Andes; Annona muricata; Arachis; Arachis pintoi; Arracacia xanthorrhiza; Article; biodiversity; Biodiversity; Brachiaria; Brachiaria brizantha; cacao; Capsicum chinense; cashew nut; cassava; Colombia; controlled study; crop; Crops, Agricultural; Elaeis; Elaeis guineensis; Elaeis oleifera; female; Female; Food security; Gender gap; gender inequality; Genes, Plant; genetics; Germplasm banks; Gossypium hirsutum; government; guava; human; Humans; maize; male; Male; medical research; nonhuman; oat; Panicum maximum; personnel; Phaseolus vulgaris; Physalis peruviana; plant; plant breeding; Plant Breeding; plant gene; plant genetics; Plants; potato; Research Personnel; rice; Saccharum officinarum; scoring system; social network; Social networks; sorghum; soybean; sweet potato; trend study; tropic climate; Tropical Climate; Welsh onion","","","","","","","","","","","","","","","","","","","","","","","","","","","","","","","","","","","","","","","","","","","","","","",""
"FAUD96YX","journalArticle","2025","Rosero-Alpala, M.G.; Lozano-Fernández, J.; Velásquez-Arroyo, C.E.; Garnica Montaña, J.P.","Effect of indole-3-butyric acid and gibberellic acid on rooting and growth of arracacha propagules","Agronomia Colombiana","","01209965 (ISSN)","10.15446/agron.colomb.v43n1.118601","https://www.scopus.com/pages/publications/105010112626?origin=resultslist","Ex situ conservation of Andean roots requires asexual propa gation to maintain germplasm genetic integrity. This study evaluated the effects of phytohormones on adventitious root formation and growth in low-rooting arracacha (Arracacia xan thorrhiza) propagules (accession CUI15010083) from Colombia Germplasm Banks for Food and Agriculture. Indole-3-butyric acid (IBA; 7.5, 15.0, 1000 or 3000 mg L-1) and gibberellic acid (GA; 50 or 100 mg L-1) were applied at varying immersion times (1, 30 min for IBA; 5 min for GA), with a water-only control. Propagation was assessed across three phases: 1) water-based rooting, 2) acclimatization in soil, and 3) field transplant, mea suring vigor, plant height, leaf length, and fresh/dry biomass. High IBA concentrations (1000-3000 mg L-1; 1 min immersion) induced propagule mortality. Lower IBA doses (&#8804;15 mg L-1; 30 min immersion) enhanced root quality, producing propagules with intermediate root category scores, though statistically comparable to controls. GA treatments (&#8804;100 mg L-1; 5 min immersion) showed no biomass differences relative to controls. Low-concentration IBA stimulated early rooting, improving ad ventitious root development, survival, and subsequent growth. GA primarily promoted cell elongation, confirming its role as a vegetative growth enhancer. © 2025, Author. All rights reserved.","2025","2026-07-10 21:18:22","2026-07-10 21:18:22","","","","1","43","","Agron. Colomb.","Efecto del ácido indol-3-butírico y ácido giberélico en el enraizamiento y crecimiento de propágulos de arracacha","","","","","Universidad Nacional de Colombia","","English","","","Scopus","","","","","<p>Export Date: 10 July 2026; Cited By: 0; Correspondence Address: M.G. Rosero-Alpala; Corporación Colombiana de Investigación Agropecuaria (Agrosavia), Centro de investigación La Selva, Rionegro, Antioquia, Colombia; email: mroseroa@agrosavia.co</p>","","","adventitious roots; Arracacia xanthorrhiza Bancr; auxins; gibberellins; growth promoters","","","","","","","","","","","","","","","","","","","","","","","","","","","","","","","","","","","","","","","","","","","","","","",""
"ELDD4ZCZ","journalArticle","2004","Morillo, E.; Second, G.; Pham, J.L.; Risterucci, A.M.","Development of DNA microsatellite markers in the Andean root crop arracacha: Arracacia xanthorrhiza Banc. (Apiaceae)","Molecular Ecology Notes","","14718278 (ISSN)","10.1111/j.1471-8286.2004.00783.x","https://www.scopus.com/pages/publications/9644303030?origin=resultslist","A microsatellite-enriched library was constructed in the Andean root crop arracacha (Arracacia xanthorriza B). Of 18 loci tested, 14 were found to be polymorphic after screening for diversity in different cultivars and related wild forms. Allelic diversity in the crop was low but the transferability of the primers to closely related wild forms was good. The loci reported here are the first genetic markers to be published for this species and will be useful for future germplasm characterization and studies of genetic diversity.","2004","2026-07-10 21:18:22","2026-07-10 21:18:22","","680-682","","4","4","","Mol. Ecol. Notes","","","","","","","","English","","","Scopus","","","","","<p>Export Date: 10 July 2026; Cited By: 8; Correspondence Address: E. Morillo; IRD, UMR DGPC/DYNADIV, 34394 Montpellier, Cedex 5, 911 Av. Agropolis, France; email: morillo@mpl.ird.fr; CODEN: MENOC</p>","","","Andean crop; Apiaceae; Apiales; Arracacha; Arracacia; Arracacia xanthorrhiza; Embryophyta; Microsatellites; transposons; Xanthorhiza; Zanahoria blanca","","","","","","","","","","","","","","","","","","","","","","","","","","","","","","","","","","","","","","","","","","","","","","",""
"SBE3FTZ7","journalArticle","2008","Blas, R.; Hermann, M.; Baudoin, J.-P.","Analysis of the geographic distribution and relationships among Peruvian wild species of Arracacia","Genetic Resources and Crop Evolution","","09259864 (ISSN)","10.1007/s10722-007-9267-9","https://www.scopus.com/pages/publications/45749119124?origin=resultslist","Relationships between Arracacia species were studied according to 28 morphological discriminant characters, in 90 accessions: 83 Arracacia (Arracacia elata, A. incisa and A. xanthorrhiza), and seven accessions of Neonelsonia acuminata, which has been confused with A. elata. The geographic distribution of the Arracacia species was determined from the passport data of the 90 accessions. A. elata was clearly differentiated from N. acuminata according to morphological characteristics. The species A. incisa was more closely related to A. xanthorrhiza. Within A. xanthorrhiza two forms, monocarpic, and polycarpic, were identified. The distribution of wild Arracacia species in Peru is characterized by two main ecological zones: (1) a dry zone, like the western Yunga and western and inter-Andean valleys of the Quechua region (with seasonal rain from November to March), where the species A. incisa and A. xanthorrhiza are present, and (2) a humid zone, like the Eastern Quechua where A. elata is adapted. These informations could be useful to establish strategies for in situ and ex situ conservation and management of germplasm. © 2007 Springer Science+Business Media B.V.","2008","2026-07-10 21:18:22","2026-07-10 21:18:22","","643-655","","5","55","","Genet. Resour. Crop. Evol.","","","","","","","","English","","","Scopus","","","","","<p>Export Date: 10 July 2026; Cited By: 10; Correspondence Address: R. Blas; Universidad Nacional Agraria, La Molina, Lima 12, Ap. 456, Peru; email: rblas@lamolina.edu.pe; CODEN: GRCEE</p>","","","Arracacia; Arracacia xanthorrhiza; dicotyledon; ecological approach; Ecology; genetic resource; Geographic distribution; geographical distribution; germplasm; humid environment; morphology; Neonelsonia acuminata; Peru; Plant genetic resources; population distribution; South America; taxonomy; Taxonomy; wild population; Xanthorhiza","","","","","","","","","","","","","","","","","","","","","","","","","","","","","","","","","","","","","","","","","","","","","","",""
"L6ABFZFI","journalArticle","2023","Alpala, M.G.R.; Arroyo, C.E.V.; Montaña, J.P.G.; Tapie, W.A.; De Jesús Macias Vivares, A.","Rooting of propagules of Arracacia xanthorrhiza Bancroft at the Colombian germplasm bank","Agronomia Mesoamericana","","22153608 (ISSN)","10.15517/am.2023.52472","https://www.scopus.com/pages/publications/85182348282?origin=resultslist","Introduction. The System of Germplasm Banks for Food and Agriculture of the Colombian Nation preserves roots and tubers of interest, such as Arracacia xanthorrhiza Bancroft. The renewal of the accessions allows to recognize the heterogeneity of the germplasm in rooting and development, shows differential groups, some with risk of survival and consequently risk of loss of genetic material. Objective. Determine the rooting potential of twenty-six accessions, belonging to the Arracacha Germplasm Bank. Materials and methods. The experiment was conducted at La Selva Research Center, Rionegro, Antioquia, Colombia, in 2019 - 2020. Twenty-six accessions were evaluated and the experiment was established with a completely randomized design under controlled conditions using water as propagation medium. A qualitative scale was defined and utilized to assess callus formation, while a quantitative scale was employed to evaluate the abundance of callus roots on exposed meristematic tissue. Results. Rhizogenesis began after twelve days with the formation of root meristematic tissue. Thirteen accessions had a high scale, two medium scale, and nine low scale. For the abundance and number of roots, nineteen accessions were located on a low scale, three on a medium scale, three in high scale including the control, and one accession was null. Using the logistic model, a growth rate (TC) of 0.74 and 0.51 mm/day was estimated for the accessions 15010099 and 15010097, while with the Gompertz model a TC of 0.39 mm/day for the accession 15010007. Conclusion. The rooting potential of A. xanthorrhiza was determined by attributes of precocity, abundance, and size of the roots in 26 accessions of the Germplasm Bank as a tool to generate actions in the conservation of accessions in the field. © 2023 Universidad de Costa Rica. All rights reserved.","2023","2026-07-10 21:18:22","2026-07-10 21:18:22","","","","3","34","","Agron. Mesoam.","Enraizamiento de propágulos de Arracacia xanthorrhiza Bancroft. en el Banco de Germoplasma de Colombia","","","","","Universidad de Costa Rica","","Spanish","","","Scopus","","","","","<p>Export Date: 10 July 2026; Cited By: 1; Correspondence Address: M.G.R. Alpala; Corporación Colombiana de Investigación Agropecuaria (AGROSAVIA), Centro de Investigación La Selva, Rionegro, Antioquia, Colombia; email: mroseroa@agrosavia.co</p>","","","biological preservation; mother plants; propagules; vegetative propagation; water","","","","","","","","","","","","","","","","","","","","","","","","","","","","","","","","","","","","","","","","","","","","","","",""
"2KQE973K","journalArticle","2005","Clements, J.C.; Dracup, M.; Buirchell, B.J.; Smith, C.G.","Variation for seed coat and pod wall percentage and other traits in a germplasm collection and historical cultivars of lupins","Australian Journal of Agricultural Research","","00049409 (ISSN)","10.1071/AR03114","https://www.scopus.com/pages/publications/15044355641?origin=resultslist","Accessions totalling 1425 from the Australian Lupin Collection representing 9 Old World lupin species and Lupinus mutabilis Sweet, a New World species, were sampled for seed coat and pod wall percentage, seed weight, and number of seeds per pod. These traits are of importance to the breeding objective of lowering seed coat and pod wall proportions in crop lupins. Seed coat percentage mean values among the species ranged from 12.7 in L. mutabilis to 33.7 in L. pilosus L. The 4 species that have been subject to selection (L. mutabilis, L. albus L., L. angustifolius L., and L. luteus L.) had lower mean seed coat percentages than the other species with little domestication. The rough-seeded lupin species had higher seed coat percentages relative to the smooth-seeded species except for L. micranthus Guss., which had 31.5% seed coat and small seeds. Within L. angustifolius there was no difference between the mean seed coat percentage values for wild v. domesticated or hard v. soft-seeded entries, although wild accessions of L. angustifolius tended to have lower seed weight, higher pod wall percentage, and more seeds per pod than domesticated accessions. There was no correlation in L. angustifolius germplasm between seed coat percentage and pod wall percentage, indicating that selection for one will not influence the other character. Accessions with the lowest seed coat percentage were from Turkey, Greece, and Cyprus, and those with the lowest average pod wall percentage were from Spain and Cyprus. Mean pod wall percentages ranged from 30.9 in L. albus to 57.1 in L. micranthus; figures that are high compared with other legumes. Large ranges in seed weight were found particularly in L. albus, L. pilosus, and L. angustifolius. In addition to the germplasm collection, 21 Australian cultivars, released from 1967 to 1999, were evaluated at one site over 2 years for the same traits. There was a negative correlation between seed coat percentage and seed weight for both L. angustifolius historical cultivars and germplasm, indicating that further reductions in seed coat percentage could be achieved by crossing large seeded types with low seed coat types. Pod wall percentage was negatively correlated with both year of release and yield, and positively correlated with days to flowering. These data support other findings that breeding for the reduction of pod wall can lead to yield improvements. The germplasm collection assessed here provides lines with lower seed coat and pod wall compared with what is available in breeding lines or cultivars. © CSIRO 2005.","2005","2026-07-10 21:18:33","2026-07-10 21:18:33","","75-83","","1","56","","Aust. J. Agric. Res.","","","","","","","","English","","","Scopus","","","","","<p>Export Date: 10 July 2026; Cited By: 30; Correspondence Address: J.C. Clements; Ctr. Legumes in Mediterranean Agric., University of Western Australia, Crawley, WA 6009, 35 Stirling Hwy, Australia; email: clem@cyllene.uwa.edu.au; CODEN: AJAEA</p>","","","Aves; cultivar; Fibre; germplasm; Hull; Lupinus albus; Lupinus angustifolius; Lupinus luteus; Lupinus micranthus; Lupinus mutabilis; Lupinus pilosus; Meleagris gallopavo; Micranthus; Narrow-leafed lupin; Pearl lupin; Podwall; White lupin; Yellow lupin","","","","","","","","","","","","","","","","","","","","","","","","","","","","","","","","","","","","","","","","","","","","","","",""
"V2XJD25M","journalArticle","2012","Parra-González, L.B.; Aravena-Abarzúa, G.A.; Navarro-Navarro, C.S.; Udall, J.; Maughan, J.; Peterson, L.M.; Salvo-Garrido, H.E.; Maureira-Butler, I.J.","Yellow lupin (Lupinus luteus L.) transcriptome sequencing: molecular marker development and comparative studies","BMC Genomics","","14712164 (ISSN)","10.1186/1471-2164-13-425","https://www.scopus.com/pages/publications/84867642934?origin=resultslist","Background: Yellow lupin (Lupinus luteus L.) is a minor legume crop characterized by its high seed protein content. Although grown in several temperate countries, its orphan condition has limited the generation of genomic tools to aid breeding efforts to improve yield and nutritional quality. In this study, we report the construction of 454-expresed sequence tag (EST) libraries, carried out comparative studies between L. luteus and model legume species, developed a comprehensive set of EST-simple sequence repeat (SSR) markers, and validated their utility on diversity studies and transferability to related species.Results: Two runs of 454 pyrosequencing yielded 205 Mb and 530 Mb of sequence data for L1 (young leaves, buds and flowers) and L2 (immature seeds) EST- libraries. A combined assembly (L1L2) yielded 71,655 contigs with an average contig length of 632 nucleotides. L1L2 contigs were clustered into 55,309 isotigs. 38,200 isotigs translated into proteins and 8,741 of them were full length. Around 57% of L. luteus sequences had significant similarity with at least one sequence of Medicago, Lotus, Arabidopsis, or Glycine, and 40.17% showed positive matches with all of these species. L. luteus isotigs were also screened for the presence of SSR sequences. A total of 2,572 isotigs contained at least one EST-SSR, with a frequency of one SSR per 17.75 kbp. Empirical evaluation of the EST-SSR candidate markers resulted in 222 polymorphic EST-SSRs. Two hundred and fifty four (65.7%) and 113 (30%) SSR primer pairs were able to amplify fragments from L. hispanicus and L. mutabilis DNA, respectively. Fifty polymorphic EST-SSRs were used to genotype a sample of 64 L. luteus accessions. Neighbor-joining distance analysis detected the existence of several clusters among L. luteus accessions, strongly suggesting the existence of population subdivisions. However, no clear clustering patterns followed the accession's origin.Conclusion: L. luteus deep transcriptome sequencing will facilitate the further development of genomic tools and lupin germplasm. Massive sequencing of cDNA libraries will continue to produce raw materials for gene discovery, identification of polymorphisms (SNPs, EST-SSRs, INDELs, etc.) for marker development, anchoring sequences for genome comparisons and putative gene candidates for QTL detection. © 2012 Parra-González et al.; licensee BioMed Central Ltd.","2012","2026-07-10 21:18:33","2026-07-10 21:18:33","","","","1","13","","BMC Genomics","","","","","","","","English","","","Scopus","","","","","<p>Export Date: 10 July 2026; Cited By: 59; Correspondence Address: I.J. Maureira-Butler; Agriaquaculture Nutritional Genomic Center, CGNA, Genomics and Bioinformatics Unit, INIA, Temuco, Km 10 Camino Cajón-Vilcún, Chile; email: ivan.maureira@cgna.cl; CODEN: BGMEE</p>","","","Arabidopsis; article; bud; comparative study; complementary DNA; EST-SSR; expressed sequence tag; Expressed Sequence Tags; flower; gene amplification; gene cluster; Gene Library; gene sequence; genetic distance; genetic screening; genetic variability; genotype; germplasm; Glycine (plant); Lotus; lupin; Lupin hispanicus; Lupin luteus; Lupin mutabilis; Lupinus; Lupinus luteus; Medicago; Microsynteny; molecular marker; nonhuman; nucleotide; Orphan crop; plant DNA; plant leaf; plant seed; Polymorphism, Genetic; population genetics; pyrosequencing; quantitative trait locus; sequence homology; simple sequence repeat; single nucleotide polymorphism; species difference; Synteny; transcriptome; Transcriptome; vegetable protein","","","","","","","","","","","","","","","","","","","","","","","","","","","","","","","","","","","","","","","","","","","","","","",""
"BMQIS5T9","journalArticle","2023","Chalampuente-Flores, D.; Mosquera-Losada, M.R.; Ron, A.M.D.; Tapia Bastidas, C.; Sørensen, M.","Morphological and Ecogeographical Diversity of the Andean Lupine (Lupinus mutabilis Sweet) in the High Andean Region of Ecuador","Agronomy","","20734395 (ISSN)","10.3390/agronomy13082064","https://www.scopus.com/pages/publications/85168683840?origin=resultslist","Promoting food security is one of the 17 Sustainable Development Goals (SDGs) proposed by the United Nations General Assembly, with a target date of 2030. Human nutrition based on legume consumption is essential to ensuring food security while reducing greenhouse gas emissions associated with nitrogen fertilizer use. Moreover, preserving legume biodiversity is critical to increasing agricultural resilience against climate change. The Andean lupine or “tarwi” (Lupinus mutabilis Sweet) is a legume native to the Andean region with high nutritional importance. Morphological characterization processes allow the determination of local agro-biodiversity and the identification of promising materials for genetic improvement programs. In the present investigation, 173 accessions of Andean lupine from the Germplasm Bank of INIAP, Ecuador, were evaluated. Thirteen quantitative and fifteen qualitative descriptors were used in the characterization. The results revealed that the genetic variability of the Andean lupine is represented by the conformation of four groups of accessions. Among those groups, two accessions stand out for having small plants and high yields, factors that could be used for genetic improvement processes or be reintroduced into farmers’ fields as they represent an option for the production, consumption, and marketing of the local germplasm of this relevant ancient crop. A phenotypic diversity map of the cultivated tarwi explained that areas with high morphological diversity are not completely identical to areas with high ecogeographic diversity. The distribution of the genetic variability of species appears to be more related to cultural aspects than environmental conditions. © 2023 by the authors.","2023","2026-07-10 21:18:33","2026-07-10 21:18:33","","","","8","13","","Agronomy","","","","","","Multidisciplinary Digital Publishing Institute (MDPI)","","English","","","Scopus","","","","","<p>Export Date: 10 July 2026; Cited By: 14; Correspondence Address: M. Sørensen; Department of Plant and Environmental Sciences, Faculty of Science, University of Copenhagen, Sobi/Plen-KU, Frederiksberg, Thorvaldsensvej 40, 3, DK-1871, Denmark; email: ms@plen.ku.dk</p>","","","agrobiodiversity; breeding; germplasm; multivariate analysis; tarwi","","","","","","","","","","","","","","","","","","","","","","","","","","","","","","","","","","","","","","","","","","","","","","",""
"TQVKFKY9","journalArticle","2024","Khan, M.A.; You, M.P.; Norton, S.L.; Barbetti, M.J.","Screening of Diverse Lupinus spp. Highlights New Resistances to Sclerotinia sclerotiorum","Plant Disease","","01912917 (ISSN)","10.1094/PDIS-03-24-0506-RE","https://www.scopus.com/pages/publications/85202081396?origin=resultslist","Stem rot caused by Sclerotinia sclerotiorum is a serious and sometimes devastating disease of lupin (Lupinus spp.). A total of 236 lupin accessions from across 12 Lupinus species were screened against the prevalent S. sclerotiorum isolate MBRS-1 (pathotype 76). L. angustifolius accession 21655 and L. albus var. albus accession 20589 showed immune and “near-immune” responses, respectively. Thirteen accessions of L. angustifolius, three accessions each of L. albus and L. albus var. albus, and a single accession each of L. albus var. graecus, L. mutabilis, L. palaestinus, and L. pilosus (totaling ~4%) showed a highly resistant (HR) response. A further 19 accessions of L. angustifolius, 2 accessions each of L. albus and L. pilosus, and a single accession of L. mutabilis (totaling ~10%) showed a resistant (R) response. The reactions of 16 (15 L. angustifolius, 1 L. digitatus) of these 236 accessions were also compared with their reactions to a different isolate, Walkaway-3 (WW-3; pathotype 10). Against this isolate, five L. angustifolius accessions showed an HR response and four showed an R response, and the L. digitatus accession showed a moderate resistance response. Overall, isolate WW-3 caused significantly (P < 0.05) smaller lesions than MBRS-1 across tested accessions in common. In addition, 328 plants in a “wild” naturalized field population of L. cosentinii were screened in situ in the field against isolate MBRS-1. Five (~1.5%) of the 328 plants of wild lupin showed an immune response, 63 (~19%) showed an HR response, and 146 (~45%) showed an R response. We believe this is the first examination of diverse Lupinus spp. germplasm responses to a prevalent pathotype of S. sclerotiorum. Lupin genotypes exhibiting high-level resistance to Sclerotinia stem rot identified in this study can be used as parental lines for crosses in lupin breeding programs and/or directly as improved cultivars to reduce the adverse impact of this disease on lupin crops. © 2024 The American Phytopathological Society.","2024","2026-07-10 21:18:33","2026-07-10 21:18:33","","2542-2549","","8","108","","Plant Dis.","","","","","","American Phytopathological Society","","English","","","Scopus","","","","","<p>Export Date: 10 July 2026; Cited By: 0; Correspondence Address: M.J. Barbetti; School of Agriculture and Environment, The UWA Institute of Agriculture, The University of Western Australia, Crawley, 6009, Australia; email: martin.barbetti@uwa.edu.au; CODEN: PLDID</p>","","","Ascomycetes; Ascomycota; disease resistance; Disease Resistance; host resistance; immunology; lupin; Lupinus; microbiology; physiology; plant disease; Plant Diseases; Sclerotinia sclerotiorum; Sclerotinia stem rot","","","","","","","","","","","","","","","","","","","","","","","","","","","","","","","","","","","","","","","","","","","","","","",""
"PWZKWK6E","journalArticle","2021","Simioniuc, D.P.; Simioniuc, V.; Topa, D.; Van Den Berg, M.; Prins, U.; Bebeli, P.J.; Gabur, I.","Assessment of andean lupin (lupinus mutabilis) genotypes for improved frost tolerance","Agriculture (Switzerland)","","20770472 (ISSN)","10.3390/agriculture11020155","https://www.scopus.com/pages/publications/85101521071?origin=resultslist","Spring frost poses a challenge for all major crops and, in the case of Lupinus mutabilis (Andean lupin) can cause severe damage or even total loss of the crop. Within the LIBBIO project consortium, we conducted a series of experiments in order to develop a suitable protocol for screening lupin germplasm under frost-simulation conditions. Four lupin accessions, one Lupinus albus and three Andean lupins were used in the experiments (L. albus Mihai, L. mutabilis LIB 220, LIB 221, LIB 222). Seedlings at four developmental stages were challenged with five different levels of ‘frost’ stress from low (-2°C) to high (-10°C). Notably, young seedling (cotyledons just breaking through the soil surface) showed little evidence of frost damage for temperatures down to -6°C. At -8°C, however, damage was evident, suggesting a cold tolerance threshold occurs at this temperature. Interestingly, for later developmental stages, when the first and second leaves were visible, notable differences were observed starting at -6°C. The results indicate that the plant growth stage is an important parameter when screening for frost tolerance in germplasm. Overall, by identifying Andean lupin genotypes adapted to high abiotic stress factors, farmers will be able to use it as a reference crop with potentially a commercial interest from the food sector, or cosmetics, and biofuel industries. © 2021 by the authors. Licensee MDPI, Basel, Switzerland.","2021","2026-07-10 21:18:33","2026-07-10 21:18:33","","1-10","","2","11","","Agric.","","","","","","MDPI AG","","English","","","Scopus","","","","","<p>Export Date: 10 July 2026; Cited By: 11; Correspondence Address: I. Gabur; Department of Plant Sciences, “Ion Ionescu de la Brad” University of Agricultural Sciences and Veterinary Medicine, Iasi, 700490, Romania; email: gaburi@uaiasi.ro</p>","","","Abiotic stress; Andean lupin; Frost tolerance; L. albus; L. mutabilis","","","","","","","","","","","","","","","","","","","","","","","","","","","","","","","","","","","","","","","","","","","","","","",""
"D4GZBL89","journalArticle","2026","Peña-Elme, E.; Ortega-Quispe, K.; Enriquez-Pinedo, L.; Cerrón-Mercado, F.; Amaro-Camarena, N.; Girón-Aguilar, C.; Loayza-Loza, H.; Pizarro-Carcausto, S.","Agro-morphological characterization of tarwi (Lupinus mutabilis Sweet) accessions using descriptors and spectral metrics derived from UAVs","Scientia Agropecuaria","","20779917 (ISSN)","10.17268/sci.agropecu.2026.016","https://www.scopus.com/pages/publications/105027862153?origin=resultslist","Tarwi (Lupinus mutabilis S.) is a legume native to the Andes, recognized for its high nutritional value, which gives it great potential in food security programs. Therefore, understanding and advancing the conservation of its morphological diversity is essential. In this study, 140 accessions from the national germplasm collection of the National Institute of Agrarian Innovation of Peru were evaluated, along with two cultivars (“INIA 445 Masacanchino” and “Andenes 90""). A traditional agro-morphological characterization was conducted using 16 quantitative and 40 qualitative descriptors, complemented by phenological data obtained from time series of reflectance indices generated by Unmanned Aerial Vehicles (UAVs). Additionally, a principal component analysis (PCA) was applied to select the most relevant variables, and a clustering analysis along with a dendrogram was developed to classify the accessions. The results revealed significant differences between groups (p < 0.05) in terms of inflorescence length, number of pods on the main axis, number of primary branches, and yield per plant. Likewise, the morphological groups exhibited variations in phenophases derived from the Normalized Difference Vegetation Index (NDVI). Four morphological groups were identified: group 3 (G3) showed the highest growth rate followed by a decline, while group 4 (G4) stood out for its highest initial growth rate. Furthermore, the observed homogeneous phenological conditions indicated that groups 1 (G1) and 4 (G4) matured earlier, making them promising candidates for selection. These findings demonstrate the wide genetic variability of tarwi, which can be exploited in breeding programs for the development of new cultivars. Thus, the study highlights the importance of morphological characterization in understanding the variability of an understudied crop such as tarwi, contributing to conservation and promoting its protection and sustainability. © Copyright 2025 Scientia Agropecuaria. This work is licensed under a Creative Commons Attribution-NonCommercial 4.0 International License.","2026","2026-07-10 21:18:34","2026-07-10 21:18:34","","227-241","","1","17","","Scientia Agropecu.","","","","","","Universidad Nacional de Trujillo","","English","","","Scopus","","","","","<p>Export Date: 10 July 2026; Cited By: 0; Correspondence Address: K. Ortega-Quispe; Escuela Académico Profesional de Ingeniería Ambiental, Universidad Continental, Huancayo, 12001, Peru; email: kevinorqu@gmail.com</p>","","","conservation; cultivars; germplasm; photogrammetry; UAVs; variability","","","","","","","","","","","","","","","","","","","","","","","","","","","","","","","","","","","","","","","","","","","","","","",""
"4NRMSXT2","journalArticle","2021","Bellucci, E.; Mario Aguilar, O.; Alseekh, S.; Bett, K.; Brezeanu, C.; Cook, D.; De la Rosa, L.; Delledonne, M.; Dostatny, D.F.; Ferreira, J.J.; Geffroy, V.; Ghitarrini, S.; Kroc, M.; Kumar Agrawal, S.; Logozzo, G.; Marino, M.; Mary-Huard, T.; McClean, P.; Megli&#269;, V.; Messer, T.; Muel, F.; Nanni, L.; Neumann, K.; Servalli, F.; Str&#259;jeru, S.; Varshney, R.K.; Vasconcelos, M.W.; Zaccardelli, M.; Zavarzin, A.; Bitocchi, E.; Frontoni, E.; Fernie, A.R.; Gioia, T.; Graner, A.; Guasch, L.; Prochnow, L.; Oppermann, M.; Susek, K.; Tenaillon, M.; Papa, R.","The INCREASE project: Intelligent Collections of food-legume genetic resources for European agrofood systems","Plant Journal","","09607412 (ISSN)","10.1111/tpj.15472","https://www.scopus.com/pages/publications/85115391421?origin=resultslist","Food legumes are crucial for all agriculture-related societal challenges, including climate change mitigation, agrobiodiversity conservation, sustainable agriculture, food security and human health. The transition to plant-based diets, largely based on food legumes, could present major opportunities for adaptation and mitigation, generating significant co-benefits for human health. The characterization, maintenance and exploitation of food-legume genetic resources, to date largely unexploited, form the core development of both sustainable agriculture and a healthy food system. INCREASE will implement, on chickpea (Cicer arietinum), common bean (Phaseolus vulgaris), lentil (Lens culinaris) and lupin (Lupinus albus and L. mutabilis), a new approach to conserve, manage and characterize genetic resources. Intelligent Collections, consisting of nested core collections composed of single-seed descent-purified accessions (i.e., inbred lines), will be developed, exploiting germplasm available both from genebanks and on-farm and subjected to different levels of genotypic and phenotypic characterization. Phenotyping and gene discovery activities will meet, via a participatory approach, the needs of various actors, including breeders, scientists, farmers and agri-food and non-food industries, exploiting also the power of massive metabolomics and transcriptomics and of artificial intelligence and smart tools. Moreover, INCREASE will test, with a citizen science experiment, an innovative system of conservation and use of genetic resources based on a decentralized approach for data management and dynamic conservation. By promoting the use of food legumes, improving their quality, adaptation and yield and boosting the competitiveness of the agriculture and food sector, the INCREASE strategy will have a major impact on economy and society and represents a case study of integrative and participatory approaches towards conservation and exploitation of crop genetic resources. © 2021 The Authors. The Plant Journal published by Society for Experimental Biology and John Wiley & Sons Ltd.","2021","2026-07-10 21:18:34","2026-07-10 21:18:34","","646-660","","3","108","","Plant J.","","","","","","John Wiley and Sons Inc","","English","","","Scopus","","","","","<p>Export Date: 10 July 2026; Cited By: 41; Correspondence Address: R. Papa; Department of Agricultural, Food and Environmental Sciences, Polytechnic University of Marche, Ancona, via Brecce Bianche, 60131, Italy; email: r.papa@univpm.it; CODEN: PLJUE</p>","","","Agricultural robots; Agriculture; Agro foods; artificial intelligence; Artificial intelligence; Artificial Intelligence; Climate change; Competition; Conservation; conservational seed bank; crop; Crops, Agricultural; Databases, Genetic; Europe; Fabaceae; Food; Food supply; genetic database; Genetic resources; genetics; genotype; Genotype; high-throughput phenotyping; High-throughput phenotyping; Human health; Increments; Information management; international cooperation; International Cooperation; Legume genetics; metabolomics; Metabolomics; Participatory approach; Plant genetic resource; plant genetic resources; plant seed; Resources; Seed Bank; Seeds; Sustainable agriculture; symbiosis; Symbiosis","","","","","","","","","","","","","","","","","","","","","","","","","","","","","","","","","","","","","","","","","","","","","","",""
"VEAMZU9Q","journalArticle","2021","Kroc, M.; Tomaszewska, M.; Czepiel, K.; Bitocchi, E.; Oppermann, M.; Neumann, K.; Guasch, L.; Bellucci, E.; Alseekh, S.; Graner, A.; Fernie, A.R.; Papa, R.; Susek, K.","Towards Development, Maintenance, and Standardized Phenotypic Characterization of Single-Seed-Descent Genetic Resources for Lupins","Current Protocols","","26911299 (ISSN)","10.1002/cpz1.191","https://www.scopus.com/pages/publications/85111703348?origin=resultslist","Well-characterized genetic resources are fundamental to maintain and provide the various genotypes for pre-breeding programs for the production of new cultivars (e.g., wild relatives, unimproved material, landraces). The aim of the current article is to provide protocols for the characterization of the genetic resources of two lupin crop species: the European Lupinus albus and the American Lupinus mutabilis. Intelligent nested collections of lupins derived from homozygous lines (single-seed descent) are being developed, established, and exploited using cutting-edge approaches for genotyping, phenotyping, data management, and data analysis within the INCREASE project (EU Horizon 2020). This will allow us to predict the phenotypic performance of genotyped lines, and will further boost research and development in lupins. Lupins stand out due to their high-quality seed protein (&#8764;40% of seed dry weight) and other primary components in the seeds, which include fatty acids, dietary fiber, and minerals. The potential of lupins as a crop is highlighted by the multiple benefits of plant-based food in terms of food security, nutrition, human health, and sustainable production. The use of lupins in foods, along with other well-studied and widely used food legumes, will also provide a greatly diversified plant-based food palette to meet the Global Goals for Sustainable Development to improve people's lives by 2030. © 2021 The Authors. Current Protocols published by Wiley Periodicals LLC. Basic Protocol 1: Lupin seed phenotypic descriptors. Basic Protocol 2: Lupin seed imaging. Basic Protocol 3: Standardized phenotypic characterization of lupin genetic resources grown towards primary seed increase (development of single-seed descent genetic resources). © 2021 The Authors. Current Protocols published by Wiley Periodicals LLC.","2021","2026-07-10 21:18:34","2026-07-10 21:18:34","","","","7","1","","Curr. Protoc.","","","","","","John Wiley and Sons Inc","","English","","","Scopus","","","","","<p>Export Date: 10 July 2026; Cited By: 16; Correspondence Address: K. Susek; Legume Genomics Team, Institute of Plant Genetics, Polish Academy of Sciences, Poznan, Poland; email: ksus@igr.poznan.pl</p>","","","dietary fiber; Dietary Fiber; genetic resources; genetics; genotype; Genotype; germplasm; human; Humans; INCREASE; intelligent collections; lupin; Lupinus; plant breeding; Plant Breeding; plant seed; plant standardized phenotyping; Seeds; single-seed descent line","","","","","","","","","","","","","","","","","","","","","","","","","","","","","","","","","","","","","","","","","","","","","","",""
"I2TA9ATL","journalArticle","2023","Huaringa-Joaquin, A.; Saldaña, C.L.; Saravia, D.; García-Bendezú, S.; Rodriguez-Grados, P.; Salazar, W.; Camarena, F.; Injante, P.; Arbizu, C.I.","Assessment of the Genetic Diversity and Population Structure of the Peruvian Andean Legume, Tarwi (Lupinus mutabilis), with High Quality SNPs","Diversity","","14242818 (ISSN)","10.3390/d15030437","https://www.scopus.com/pages/publications/85152365165?origin=resultslist","Lupinus mutabilis Sweet (Fabaceae), “tarwi” or “chocho”, is an important grain legume in the Andean region. In Peru, studies on tarwi have mainly focused on morphological features; however, they have not been molecularly characterized. Currently, it is possible to explore the genetic parameters of plants with reliable and modern methods such as genotyping by sequencing (GBS). Here, for the first time, we used single nucleotide polymorphism (SNP) markers to infer the genetic diversity and population structure of 89 accessions of tarwi from nine Andean regions of Peru. A total of 5922 SNPs distributed along all chromosomes of tarwi were identified. STRUCTURE analysis revealed that this crop is grouped into two clusters. A dendrogram was generated using the UPGMA clustering algorithm and, like the principal coordinate analysis (PCoA), it showed two groups that correspond to the geographic origin of the tarwi samples. AMOVA showed a reduced variation between clusters (7.59%) and indicated that variability within populations is 92.41%. Population divergence (Fst) between clusters 1 and 2 revealed low genetic difference (0.019). We also detected a negative Fis for both populations, demonstrating that, like other Lupinus species, tarwi also depends on cross-pollination. SNP markers were powerful and effective for the genotyping process in this germplasm. We hope that this information is the beginning of the path towards a modern genetic improvement and conservation strategies of this important Andean legume. © 2023 by the authors.","2023","2026-07-10 21:18:34","2026-07-10 21:18:34","","","","3","15","","Diversity","","","","","","MDPI","","English","","","Scopus","","","","","<p>Export Date: 10 July 2026; Cited By: 8; Correspondence Address: C.I. Arbizu; Dirección de Desarrollo Tecnológico Agrario, Instituto Nacional de Innovación Agraria (INIA), Lima, Av. La Molina 1981, 15024, Peru; email: carbizu@inia.gob.pe</p>","","","Andes; bioinformatics; Fabaceae; genetic variation; genomics; legume; molecular analysis; molecular markers; neglected crop; Peru; population structure","","","","","","","","","","","","","","","","","","","","","","","","","","","","","","","","","","","","","","","","","","","","","","",""
"J4MYYUC5","journalArticle","2020","Lazaridi, E.; Papadopoulos, G.K.; Bebeli, P.J.","Andean lupin phenology and agronomic performance under different planting dates in a mediterranean climate","Agronomy","","20734395 (ISSN)","10.3390/agronomy10122020","https://www.scopus.com/pages/publications/85101553678?origin=resultslist","Andean lupin in Europe has regained interest in recent years due to its high seed protein and oil content and its potential use for food, feed as well as a crop used in biorefineries. A search for suitable germplasm in combination with a determination of appropriate agronomical practices such as planting date are needed for commercial farming in new areas. The current study aims to evaluate the performance of six selected L. mutabilis accessions in a Mediterranean area using two different planting dates for two consecutive experimental years. A split plot design with accessions as subplots and planting dates as main plots was used. Measurements such as days to flowering, plant height, total number of pods and seeds per plant, seed yield and seed crude protein content were taken. All accessions performed better when cultivation started not later than the end of autumn since high temperatures occurred during late spring shortened the growth cycle and reduced yield. Earlier cultivation applied, in the middle of autumn, did not enhance significantly seed yield production. Among the accessions, LIB223 was characterized by the highest seed crude protein content in the early planting treatment, while accessions with prolonged growth cycle (LIB209, LIB214 and LIB223) produced higher seed yield than other accessions and could be further studied as promising breeding material for cultivation under the edaphoclimatic conditions tested. © 2020 by the authors. Licensee MDPI, Basel, Switzerland.","2020","2026-07-10 21:18:34","2026-07-10 21:18:34","","","","12","10","","Agronomy","","","","","","MDPI AG","","English","","","Scopus","","","","","<p>Export Date: 10 July 2026; Cited By: 4; Correspondence Address: P.J. Bebeli; Laboratory of Plant Breeding and Biometry, Department of Crop Science, Agricultural University of Athens, Athens, 11855, Greece; email: bebeli@aua.gr</p>","","","Crude protein; Lupins; Lupinus mutabilis; Nutrient content; Planting date; Seed production; Southern Europe; Tarwi","","","","","","","","","","","","","","","","","","","","","","","","","","","","","","","","","","","","","","","","","","","","","","",""
"NQPKIBHK","journalArticle","2022","Gulisano, A.; Alves, S.; Rodriguez, D.; Murillo, A.; van Dinter, B.-J.; Torres, A.F.; Gordillo-Romero, M.; Torres, M.D.L.; Neves-Martins, J.; Paulo, M.-J.; Trindade, L.M.","Diversity and Agronomic Performance of Lupinus mutabilis Germplasm in European and Andean Environments","Frontiers in Plant Science","","1664462X (ISSN)","10.3389/fpls.2022.903661","https://www.scopus.com/pages/publications/85133448872?origin=resultslist","The introduction of Lupinus mutabilis (Andean lupin) in Europe will provide a new source of protein and oil for plant-based diets and biomass for bio-based products, while contributing to the improvement of marginal soils. This study evaluates for the first time the phenotypic variability of a large panel of L. mutabilis accessions both in their native environment and over two cropping conditions in Europe (winter crop in the Mediterranean region and summer crop in North-Central Europe), paving the way for the selection of accessions adapted to specific environments. The panel of 225 accessions included both germplasm pools from the Andean region and breeding lines from Europe. Notably, we reported higher grain yield in Mediterranean winter-cropping conditions (18 g/plant) than in the native region (9 g/plant). Instead, North European summer-cropping conditions appear more suitable for biomass production (up to 2 kg/plant). The phenotypic evaluation of 16 agronomical traits revealed significant variation in the panel. Principal component analyses pointed out flowering time, yield, and architecture-related traits as the main factors explaining variation between accessions. The Peruvian material stands out among the top-yielding accessions in Europe, characterized by early lines with high grain yield (e.g., LIB065, LIB072, and LIB155). Bolivian and Ecuadorian materials appear more valuable for the selection of genotypes for Andean conditions and for biomass production in Europe. We also observed that flowering time in the different environments is influenced by temperature accumulation. Within the panel, it is possible to identify both early and late genotypes, characterized by different thermal thresholds (600°C–700°C and 1,000–1,200°C GDD, respectively). Indications on top-yielding and early/late accessions, heritability of morpho-physiological traits, and their associations with grain yield are reported and remain largely environmental specific, underlining the importance of selecting useful genetic resources for specific environments. Altogether, these results suggest that the studied panel holds the genetic potential for the adaptation of L. mutabilis to Europe and provide the basis for initiating a breeding program based on exploiting the variation described herein. Copyright © 2022 Gulisano, Alves, Rodriguez, Murillo, van Dinter, Torres, Gordillo-Romero, Torres, Neves-Martins, Paulo and Trindade.","2022","2026-07-10 21:18:34","2026-07-10 21:18:34","","","","","13","","Front. Plant Sci.","","","","","","Frontiers Media S.A.","","English","","","Scopus","","","","","<p>Export Date: 10 July 2026; Cited By: 13; Correspondence Address: L.M. Trindade; Wageningen University and Research Plant Breeding, Wageningen University, Wageningen, Netherlands; email: luisa.trindade@wur.nl</p>","","","Andean lupin; biomass; breeding; germplasm characterization; grain yield; phenotypic diversity; vegetative development","","","","","","","","","","","","","","","","","","","","","","","","","","","","","","","","","","","","","","","","","","","","","","",""
"ZJTEFLKW","journalArticle","2020","Guilengue, N.; Alves, S.; Talhinhas, P.; Neves-Martins, J.","Genetic and genomic diversity in a tarwi (lupinus mutabilis sweet) germplasm collection and adaptability to mediterranean climate conditions","Agronomy","","20734395 (ISSN)","10.3390/agronomy10010021","https://www.scopus.com/pages/publications/85078481652?origin=resultslist","Lupinus mutabilis (tarwi) is a species of Andean origin with high protein and oil content and regarded as a potential crop in Europe. The success in the introduction of this crop depends in part on in depth knowledge of the intra-specific genetic variability of the collections, enabling the establishment of breeding and conservation programs. In this study, we used morphological traits, Inter-Simple Sequence Repeat markers and genome size to assess genetic and genomic diversity of 23 tarwi accessions under Mediterranean conditions. Phenotypic analyses and yield component studies point out accession LM268 as that achieving the highest seed production, producing large seeds and efficiently using primary branches as an important component of total yield, similar to the L. albus cultivars used as controls. By contrast, accession JKI-L295 presents high yield concentrated on the main stem, suggesting a semi-determinate development pattern. Genetic and genomic analyses revealed important levels of diversity, however not relatable to phenotypic diversity, reflecting the recent domestication of this crop. This is the first study of genome size diversity within L. mutabilis, revealing an average size of 2.05 pg/2C (2001 Mbp) with 9.2% variation (1897-2003 Mbp), prompting further studies for the exploitation of this diversity. © 2019 by the authors.","2020","2026-07-10 21:18:34","2026-07-10 21:18:34","","","","1","10","","Agronomy","","","","","","MDPI AG","","English","","","Scopus","","","","","<p>Export Date: 10 July 2026; Cited By: 39; Correspondence Address: J. Neves-Martins; Instituto Superior de Agronomia, Universidade de Lisboa, Lisbon, 1349-017, Portugal; email: ptalhinhas@isa.ulisboa.pt</p>","","","Genetic diversity; Genome size; ISSR; Lupinus mutabilis; Mediterranean climate; Morphological traits","","","","","","","","","","","","","","","","","","","","","","","","","","","","","","","","","","","","","","","","","","","","","","",""
"5C8JENR9","journalArticle","2026","Ortega-Quispe, K.; Peña-Elme, E.; Girón-Aguilar, C.; Amaro-Camarena, N.; Rios-Chavarría, C.; Lopez-Pariona, B.; Cerrón-Mercado, F.; Camargo-Hinostroza, S.; Pizarro, S.","Phenotypic variability of tarwi (Lupinus mutabilis S.) in Peruvian germplasm collections","Genetic Resources","","27083764 (ISSN)","10.46265/genresj.TDIC2170","https://www.scopus.com/pages/publications/105029821683?origin=resultslist","The growing global loss of genetic diversity, phenotypic characterization becomes essential for identifying resilient varieties capable of diversifying and strengthening the agricultural production of underutilized crops such as tarwi (Lupinus mutabilis S.). This study aimed to characterize the phenotypic variability of 41 tarwi accessions conserved in the germplasm bank of the National Institute of Agricultural Innovation (INIA) of Peru. The accessions were evaluated over two consecutive agricultural seasons at the Santa Ana Agrarian Experimental Station under local conditions. Thirty morphological descriptors (17 qualitative and 13 quantitative) were used following IBPGR guidelines. Data were analyzed using descriptive statistics, principal component analysis, hierarchical clustering and correlation analysis for quantitative descriptors, as well as frequency tables and the Shannon-Weaver diversity index for qualitative descriptors. The results revealed high phenotypic variability, particularly in traits related to yield, plant architecture and floral attributes. The accessions were grouped into three morphoagronomic types: (1) highly productive accessions, (2) accessions with vigorous vegetative development, and (3) short-cycle plants with moderate yields. Yield per plant was significantly associated with the total pod number, total seed mass in hundred seeds and seed thickness. The study revealed considerable phenotypic diversity, characterized by significant correlations among key agronomic traits, the delineation of three distinct phenotypic clusters, and the identification of valuable qualitative attributes, which reinforces their potential for conservation and breeding programmes. However, expanded germplasm evaluation and multi-environment trials are required to validate genotype stability and refine selection criteria. However, additional accessions and further analyses are needed to validate the observed patterns. © Copyright 2026 the Authors.","2026","2026-07-10 21:18:34","2026-07-10 21:18:34","","41-56","","13","7","","Genet. Resour.","","","","","","Bioversity International","","English","","","Scopus","","","","","<p>Export Date: 10 July 2026; Cited By: 0; Correspondence Address: K. Ortega-Quispe; Estación Experimental Agraria Santa Ana, Dirección de Recursos Genéticos y Biotecnología, Instituto Nacional de Innovación Agraria (INIA), Huancayo, Carretera Saños Grande – Hualahoyo Km 8 Santa Ana, Junín, 12007, Peru; email: kevinorqu@gmail.com</p>","","","accessions; conservation; descriptors; Germplasm; Leguminosae","","","","","","","","","","","","","","","","","","","","","","","","","","","","","","","","","","","","","","","","","","","","","","",""
"BJI7RYTI","journalArticle","2006","Valentová, K.; Lebeda, A.; Doležalová, I.; Jirovský, D.; Simonovska, B.; Vovk, I.; Kosina, P.; Gasmanová, N.; Dziechciarková, M.; Ulrichová, J.","The biological and chemical variability of yacon","Journal of Agricultural and Food Chemistry","","00218561 (ISSN)","10.1021/jf052645u","https://www.scopus.com/pages/publications/33644872991?origin=resultslist","This paper focuses on the biological and chemical variability of four yacon (Smallanthus sonchifolius) accessions cultivated under field conditions. Significant variations in tuber shape, weight, content of oligofructans, as well as in leaf isozymes, phenolics, and relative DNA contents were found. Accessions 6 and 88 were the most productive (up to 3.01 and 3.74 kg/plant); accession 48 was the most balanced from the yield aspect in three vegetative periods. A significantly higher content of &#946;-(2&#8594;1) oligofructans was noted in accessions 48 and 88 as compared to 6 and 60. No difference in sucrose, glucose, and fructose level was observed. Only accession 6 exhibited separate acid phosphatase and esterase isoforms. Accessions 6 and 60 had the highest content of phenolics, and accession 88 had the lowest relative DNA content. Large yacon intraspecific variation may be useful in future detailed research as a good background for breeding, growing, and utilization in industrial processing. © 2006 American Chemical Society.","2006","2026-07-10 21:18:45","2026-07-10 21:18:45","","1347-1352","","4","54","","J. Agric. Food Chem.","","","","","","American Chemical Society","","English","","","Scopus","","","","","<p>Export Date: 10 July 2026; Cited By: 57; Correspondence Address: K. Valentová; Institute of Medical Chemistry and Biochemistry, Faculty of Medicine, Palacký University, CZ-77515 Olomouc, Hn&#283;votínská 3, Czech Republic; email: kata.valentova@email.cz; CODEN: JAFCA</p>","","","Agronomic suitability; Germplasm; Growing; Industrial processing; Isozymes; Leaves; Morphology; Phenolics; Polymnia sonchifolia; Relative DNA content; Saccharides; Smallanthus sonchifolius; Tubers; Variability; Yield","","","","","","","","","","","","","","","","","","","","","","","","","","","","","","","","","","","","","","","","","","","","","","",""
"BWYJEC8T","journalArticle","2025","Santa Cruz-Padilla, A.E.; Vásquez-Orrillo, J.L.; Rodríguez López, S.Y.; Eugenio Leiva, A.; Bardales-Lozano, R.M.; Seminario, J.F.; Murga-Orrillo, H.","Phenotypic variability of Smallanthus sonchifolius germplasm of Peru","Genetic Resources","","27083764 (ISSN)","10.46265/genresj.ZDEW3901","https://www.scopus.com/pages/publications/105015412795?origin=resultslist","Smallanthus sonchifolius (yacon) is a functional food native to the South American Andes. Its tuberous root and leaves are the main parts consumed; however, few studies have been carried out on its phenotypic variability. This study aimed to characterize 214 yacon accessions from the Germplasm Bank of the Instituto Nacional de Innovación Agraria (INIA), Peru. Twelve qualitative and seven quantitative variables were used. Accession Y-74 showed the largest leaf dimensions, while Y-28 showed the highest productivity per plant. Multiple correspondence analysis and principal component analysis revealed that the variables propagule color, leaf shape, root pulp color, leaf length and width, root weight per plant, and yield contributed significantly to the discrimination and identification of promising accessions. The geographical grouping of the accessions showed differences between accessions from the north and south of Peru. The qualitative phylogenetic tree showed 12 morphological groups discriminated mainly by leaf morphology and root characteristics, while the dendrogram analysis identified four clusters, with Cluster II standing out with an average yield of 73.5t/ha of tuberous roots. These results are important, as they allowed the identification of promising accessions and useful traits that can contribute to improving productivity and promoting the expansion of yacon cultivation at national and international levels. © Copyright 2025 the Authors.","2025","2026-07-10 21:18:45","2026-07-10 21:18:45","","26-38","","12","6","","Genet. Resour.","","","","","","Bioversity International","","English","","","Scopus","","","","","<p>Export Date: 10 July 2026; Cited By: 0; Correspondence Address: A.E. Santa Cruz-Padilla; Instituto Nacional de Innovación Agraria (INIA), Estación Experimental Agraria Baños del Inca, Subdirección de Recursos Genéticos, Jirón. Wiracocha s/n, Los Baños del Inca, 06004, Peru; email: asantacruz@inia.gob.pe; J.L. Vásquez-Orrillo; Instituto Nacional de Innovación Agraria (INIA), Estación Experimental Agraria Baños del Inca, Subdirección de Recursos Genéticos, Jirón. Wiracocha s/n, Los Baños del Inca, 06004, Peru; email: jorge.vasquez.orrillo@gmail.com</p>","","","Andes; functional food; Germplasm; phenotypic; yacon","","","","","","","","","","","","","","","","","","","","","","","","","","","","","","","","","","","","","","","","","","","","","","",""
"JTNBGH8Q","journalArticle","2015","Vegas Albino, D.P.; Guevara, O.B.; Cavero, A.V.","Morphologic characterization of six parental varieties of yacón (Smallanthus sonchifolius) and thirteen crosses obtained from a hybridization plan","Revista Peruana de Biologia","","15610837 (ISSN)","10.15381/rpb.v22i2.11352","https://www.scopus.com/pages/publications/84944322004?origin=resultslist","The aim of this study is to characterize morphologically the parental and plants and those obtained from the diallel crosses, to identify the variety obtained and to confirm the hybrid nature of these. Three morphological descriptors of root were used to characterize the parental and 68 of the 162 plants obtained from crosses, each with their replication, in total 834 plants were evaluated. Finally 44 hybrids were obtained, 8 plants with no specific hybridization to no identify if there was cross but inheriting only the characters of the female parent or are replications of this, 9 plants with a non-specific hybrid origin unable to determine whether there was hybridization inheriting shared characters by both parents or single characters of the female parent or not; 7 plants whose male parent is not corresponding to the cross, 2 replications of three hybrids and one replication 1 of 1 of 9 plants with a non-specific hybrid origin also presented a different male parent. The parental V24 showed precocity and the loss of irregular reddish purple specks (anthocyanins indicator) was observed in 44 plants with parental that has this character. © Los Autores.","2015","2026-07-10 21:18:45","2026-07-10 21:18:45","","175-192","","2","22","","Rev. Peru. Biol.","Caracterización morfológica de seis variedades parentales de yacón (Smallanthus sonchifolius) y trece cruzas obtenidas de un plan de hibridación","","","","","Facultad de Ciencias Biologicas, Universidad Nacional Mayor de San Marcos","","Spanish","","","Scopus","","","","","<p>Export Date: 10 July 2026; Cited By: 1; Correspondence Address: D.P.V. Albino; Laboratorio de Citogenética, Facultad de Ciencias Biológicas, Universidad Nacional Mayor de San Marcos, Lima, Casilla 11-058, Peru; email: diana_vegas_albino@hotmail.com</p>","","","Descriptor; Genetic diversity; Germplasm; Hybrid; Morphological characterization","","","","","","","","","","","","","","","","","","","","","","","","","","","","","","","","","","","","","","","","","","","","","","",""