archivo,Authors,Author full names,Author(s) ID,Title,Year,Source title,Volume,Issue,Art. No.,Page start,Page end,Cited by,DOI,Link,Affiliations,Authors with affiliations,Abstract,Author Keywords,Index Keywords,Correspondence Address,Editors,Publisher,ISSN,ISBN,CODEN,PubMed ID,Language of Original Document,Abbreviated Source Title,Document Type,Publication Stage,Open Access,Source,EID
1,Orozco-Orozco L.F.; López-Hoyos J.H.; Espitia-Negrete L.B.; Velásquez-Arroyo C.E.; Rodríguez-Rodríguez O.J.; Garnica-Montaña J.P.,"Orozco-Orozco, Luz Fanny (57200122051); López-Hoyos, Jaime Horacio (57213172624); Espitia-Negrete, Laura Beatriz (57888846000); Velásquez-Arroyo, Carlos Enrique (57221700952); Rodríguez-Rodríguez, Oscar Jair (57888846100); Garnica-Montaña, Johanna Paola (57355769700)",57200122051; 57213172624; 57888846000; 57221700952; 57888846100; 57355769700,Floral biology of Arracacia xanthorrhiza Bancr. accessions from Colombia’s germplasm bank; [Biología floral de accesiones de Arracacia xanthorrhiza Bancr. del banco de germoplasma de Colombia],2022,Agronomia Mesoamericana,33,3,49469,NA,NA,1,10.15517/am.v33i3.49469,https://www.scopus.com/pages/publications/85137931123?origin=resultslist,"Corporación Colombiana de Investigación Agropecuaria (AGROSAVIA), Centro de Investigación La Selva, Antioquia, Rionegro, 054040, Colombia; North Dakota State University, Dakota del Norte, EE, United States; Corporación Colombiana de Investigación Agropecuaria (AGROSAVIA), Centro de Investigación Nataima, Tolima, Espinal, 733529, Colombia","Orozco-Orozco L.F., Corporación Colombiana de Investigación Agropecuaria (AGROSAVIA), Centro de Investigación La Selva, Antioquia, Rionegro, 054040, Colombia; López-Hoyos J.H., Corporación Colombiana de Investigación Agropecuaria (AGROSAVIA), Centro de Investigación La Selva, Antioquia, Rionegro, 054040, Colombia; Espitia-Negrete L.B., Corporación Colombiana de Investigación Agropecuaria (AGROSAVIA), Centro de Investigación La Selva, Antioquia, Rionegro, 054040, Colombia; Velásquez-Arroyo C.E., Corporación Colombiana de Investigación Agropecuaria (AGROSAVIA), Centro de Investigación La Selva, Antioquia, Rionegro, 054040, Colombia; Rodríguez-Rodríguez O.J., North Dakota State University, Dakota del Norte, EE, United States; Garnica-Montaña J.P., Corporación Colombiana de Investigación Agropecuaria (AGROSAVIA), Centro de Investigación Nataima, Tolima, Espinal, 733529, Colombia","Introduction. The arracacha is a native Andean tuberous root, with higher productions in Brazil and Colombia. Among the limitations of the crop is the lack of information about reproductive biology (flowering and sexual seed production) stands out, which hinders the breeding of new varieties. The National Germplasm Bank System for Food and Agriculture (SBNAA) of Colombia, under the custody of the Corporacion Colombiana de Investigacion Agropecuaria (AGROSAVIA), conserves 71 accessions of Arracacia xanthorrhiza Bancr., where flowering is frequent in up to 10 % of them. Objective. To characterize the floral structure and describe the reproductive cycle of nine arracacha accessions that flowered between 2019 and 2020. Materials and methods. The study was conducted at La Selva Research Center, Rionegro, Antioquia, Colombia, where the germplasm back is kept. The morphological characterization of the accessions was carried out by recording sixteen variables at the level of floral structure, in addition to monitoring the reproductive cycle. Results. Four groupings were obtained where the variables pollen color, anther color, petal color, plant height, number of staminate flowers, and number of seeds had the greatest contribution to the variability found. The floral reproductive cycle lasted 73 days on average, in which four phenophases were found: 1. umbel emergence, 2. style separation, 3. pollen shedding, and 4. fruit filling, with an average duration of 11, 3, 4, and 55 days, respectively. Among the factors that induced flowering in arracacha were: age, plant genetics, and climate. Conclusion. The floral structures and reproductive cycle of the nine accessions of arracacha that flowered between 2019 and 2020 were characterized. © 2022 Agronomía Mesoamericana es desarrollada en la Universidad de Costa Rica bajo una licencia Creative Commons.",Arracacha; characterization; flowering; morphology; notypic variability,NA,"L.F. Orozco-Orozco; Corporación Colombiana de Investigación Agropecuaria (AGROSAVIA), Centro de Investigación La Selva, Rionegro, Antioquia, 054040, Colombia; email: lforozcoo@gmail.com",NA,Universidad de Costa Rica,22153608,NA,NA,NA,Spanish,Agron. Mesoam.,Article,Final,All Open Access; Gold Open Access; Green Open Access,Scopus,2-s2.0-85137931123
1,Cerón-Souza I.; Galeano C.H.; Tehelen K.; Jiménez H.R.; González C.,"Cerón-Souza, Ivania (8509702700); Galeano, Carlos H. (24824434300); Tehelen, Katherine (36599245800); Jiménez, Hugo R. (25643284500); González, Carolina (56392078300)",8509702700; 24824434300; 36599245800; 25643284500; 56392078300,Opportunities and challenges to improve a public research program in plant breeding and enhance underutilized plant genetic resources in the tropics,2021,Genes,12,10,1584,NA,NA,7,10.3390/genes12101584,https://www.scopus.com/pages/publications/85117416629?origin=resultslist,"Corporación Colombiana de Investigación Agropecuaria—AGROSAVIA, C.I. Tibaitatá, Mosquera, 250047, Colombia; Corporación Colombiana de Investigación Agropecuaria—AGROSAVIA, C.I. Palmira, Palmira, 763533, Colombia; Consultant in Environmental Economy, Davis, 95695, CA, United States","Cerón-Souza I., Corporación Colombiana de Investigación Agropecuaria—AGROSAVIA, C.I. Tibaitatá, Mosquera, 250047, Colombia; Galeano C.H., Corporación Colombiana de Investigación Agropecuaria—AGROSAVIA, C.I. Palmira, Palmira, 763533, Colombia; Tehelen K., Consultant in Environmental Economy, Davis, 95695, CA, United States; Jiménez H.R., Corporación Colombiana de Investigación Agropecuaria—AGROSAVIA, C.I. Tibaitatá, Mosquera, 250047, Colombia; González C., Corporación Colombiana de Investigación Agropecuaria—AGROSAVIA, C.I. Tibaitatá, Mosquera, 250047, Colombia","The American tropics are hotspots of wild and domesticated plant biodiversity, which is still underutilized by breeding programs despite being conserved at regional gene banks. The improvement of those programs depends on long-term public funds and the maintenance of specialized staff. Unfortunately, financial ups and downs complicate staff connectivity and their research impact. Between 2000 and 2010, Agrosavia (Corporación Colombiana de Investigación Agropecuaria) dramatically decreased its public financial support. In 2017, we surveyed all 52 researchers from Agrosavia involved in plant breeding and plant genetic resource programs to examine the effect of decimating funds in the last ten years. We hypothesized that the staff dedicated to plant breeding still suffer a strong fragmentation and low connectivity. As we expected, the social network among researchers is weak. The top ten central leaders are predominantly males with an M.Sc. degree but have significant experience in the area. The staff has experience in 31 tropical crops, and 17 are on the list of underutilized species. Moreover, although 26 of these crops are in the national germplasm bank, this has not been the primary source for their breeding programs. We proposed five principles to improve connectivity among teams and research impact: (1) The promotion of internal discussion about gender gaps and generation shifts to design indicators to monitor and decrease this disparity over time. (2) The construction of long-term initiatives and synergies with the Colombian government to support the local production of food security crops independent of market trends. (3) Better collaboration between the National Plant Germplasm Bank and plant breeding researchers. (4) A concerted priority list of species (especially those neglected or underutilized) and external institutions to better focus the collaborative efforts in research using public funds. (5) Better spaces for the design of projects among researchers and training programs in new technologies. These principles could also apply in other tropical countries with public plant breeding research programs facing similar challenges. © 2021 by the authors. Licensee MDPI, Basel, Switzerland.",Agrobiodiversity; Food security; Gender gap; Germplasm banks; Social networks,"Adult; Biodiversity; Colombia; Crops, Agricultural; Female; Genes, Plant; Humans; Male; Plant Breeding; Plants; Research Personnel; Tropical Climate; adult; Andes; Annona muricata; Arachis; Arachis pintoi; Arracacia xanthorrhiza; Article; Brachiaria; Brachiaria brizantha; cacao; Capsicum chinense; cashew nut; cassava; controlled study; crop; Elaeis; Elaeis guineensis; Elaeis oleifera; female; gender inequality; Gossypium hirsutum; government; guava; human; maize; male; medical research; nonhuman; oat; Panicum maximum; Phaseolus vulgaris; Physalis peruviana; plant breeding; plant genetics; potato; rice; Saccharum officinarum; scoring system; social network; sorghum; soybean; sweet potato; trend study; Welsh onion; biodiversity; Colombia; genetics; personnel; plant; plant gene; tropic climate","I. Cerón-Souza; Corporación Colombiana de Investigación Agropecuaria—AGROSAVIA, C.I. Tibaitatá, Mosquera, 250047, Colombia; email: iceron@agrosavia.co",NA,MDPI,20734425,NA,NA,34680981,English,Genes,Article,Final,All Open Access; Gold Open Access; Green Open Access,Scopus,2-s2.0-85117416629
1,Rosero-Alpala M.G.; Lozano-Fernández J.; Velásquez-Arroyo C.E.; Garnica Montaña J.P.,"Rosero-Alpala, Maria Gladis (57220923307); Lozano-Fernández, Jaime (59980554800); Velásquez-Arroyo, Carlos Enrique (57221700952); Garnica Montaña, Johanna Paola (57355769700)",57220923307; 59980554800; 57221700952; 57355769700,Effect of indole-3-butyric acid and gibberellic acid on rooting and growth of arracacha propagules; [Efecto del ácido indol-3-butírico y ácido giberélico en el enraizamiento y crecimiento de propágulos de arracacha],2025,Agronomia Colombiana,43,1,e118601,NA,NA,0,10.15446/agron.colomb.v43n1.118601,https://www.scopus.com/pages/publications/105010112626?origin=resultslist,"Corporación Colombiana de Investigación Agropecuaria (Agrosavia), Centro de investigación La Selva, Antioquia, Rionegro, Colombia; Corporación Colombiana de Investigación Agropecuaria (Agrosavia), Centro de investigación Nataima, Espinal, Tolima, Colombia","Rosero-Alpala M.G., Corporación Colombiana de Investigación Agropecuaria (Agrosavia), Centro de investigación La Selva, Antioquia, Rionegro, Colombia; Lozano-Fernández J., Corporación Colombiana de Investigación Agropecuaria (Agrosavia), Centro de investigación La Selva, Antioquia, Rionegro, Colombia; Velásquez-Arroyo C.E., Corporación Colombiana de Investigación Agropecuaria (Agrosavia), Centro de investigación La Selva, Antioquia, Rionegro, Colombia; Garnica Montaña J.P., Corporación Colombiana de Investigación Agropecuaria (Agrosavia), Centro de investigación Nataima, Espinal, Tolima, Colombia","Ex situ conservation of Andean roots requires asexual propa gation to maintain germplasm genetic integrity. This study evaluated the effects of phytohormones on adventitious root formation and growth in low-rooting arracacha (Arracacia xan thorrhiza) propagules (accession CUI15010083) from Colombia Germplasm Banks for Food and Agriculture. Indole-3-butyric acid (IBA; 7.5, 15.0, 1000 or 3000 mg L-1) and gibberellic acid (GA; 50 or 100 mg L-1) were applied at varying immersion times (1, 30 min for IBA; 5 min for GA), with a water-only control. Propagation was assessed across three phases: 1) water-based rooting, 2) acclimatization in soil, and 3) field transplant, mea suring vigor, plant height, leaf length, and fresh/dry biomass. High IBA concentrations (1000-3000 mg L-1; 1 min immersion) induced propagule mortality. Lower IBA doses (≤15 mg L-1; 30 min immersion) enhanced root quality, producing propagules with intermediate root category scores, though statistically comparable to controls. GA treatments (≤100 mg L-1; 5 min immersion) showed no biomass differences relative to controls. Low-concentration IBA stimulated early rooting, improving ad ventitious root development, survival, and subsequent growth. GA primarily promoted cell elongation, confirming its role as a vegetative growth enhancer. © 2025, Author. All rights reserved.",adventitious roots; Arracacia xanthorrhiza Bancr; auxins; gibberellins; growth promoters,NA,"M.G. Rosero-Alpala; Corporación Colombiana de Investigación Agropecuaria (Agrosavia), Centro de investigación La Selva, Rionegro, Antioquia, Colombia; email: mroseroa@agrosavia.co",NA,Universidad Nacional de Colombia,01209965,NA,NA,NA,English,Agron. Colomb.,Article,Final,All Open Access; Gold Open Access,Scopus,2-s2.0-105010112626
1,Morillo E.; Second G.; Pham J.L.; Risterucci A.M.,"Morillo, E. (7003945402); Second, G. (6603416802); Pham, J.L. (8549917300); Risterucci, A.M. (6701547793)",7003945402; 6603416802; 8549917300; 6701547793,Development of DNA microsatellite markers in the Andean root crop arracacha: Arracacia xanthorrhiza Banc. (Apiaceae),2004,Molecular Ecology Notes,4,4,NA,680,682,8,10.1111/j.1471-8286.2004.00783.x,https://www.scopus.com/pages/publications/9644303030?origin=resultslist,"Depto. Nac. Recurs. F., Inst. Nac. Autonomo Invest. A., Quito, Ecuador; IRD, UMR 1097 DGPC/DYNADIV, 34394 Montpellier Cedex 5, BP 64501, France; CIRAD-AMIS/BIOTROP UMR 1096, 34398 Montpellier, France; IRD, UMR DGPC/DYNADIV, 34394 Montpellier, Cedex 5, 911 Av. Agropolis, France","Morillo E., Depto. Nac. Recurs. F., Inst. Nac. Autonomo Invest. A., Quito, Ecuador, IRD, UMR 1097 DGPC/DYNADIV, 34394 Montpellier Cedex 5, BP 64501, France, IRD, UMR DGPC/DYNADIV, 34394 Montpellier, Cedex 5, 911 Av. Agropolis, France; Second G., IRD, UMR 1097 DGPC/DYNADIV, 34394 Montpellier Cedex 5, BP 64501, France; Pham J.L., IRD, UMR 1097 DGPC/DYNADIV, 34394 Montpellier Cedex 5, BP 64501, France; Risterucci A.M., CIRAD-AMIS/BIOTROP UMR 1096, 34398 Montpellier, France","A microsatellite-enriched library was constructed in the Andean root crop arracacha (Arracacia xanthorriza B). Of 18 loci tested, 14 were found to be polymorphic after screening for diversity in different cultivars and related wild forms. Allelic diversity in the crop was low but the transferability of the primers to closely related wild forms was good. The loci reported here are the first genetic markers to be published for this species and will be useful for future germplasm characterization and studies of genetic diversity.",Andean crop; Arracacha; Arracacia xanthorrhiza; Microsatellites; Zanahoria blanca,Apiaceae; Apiales; Arracacia; Arracacia xanthorrhiza; Embryophyta; transposons; Xanthorhiza,"E. Morillo; IRD, UMR DGPC/DYNADIV, 34394 Montpellier, Cedex 5, 911 Av. Agropolis, France; email: morillo@mpl.ird.fr",NA,NA,14718278,NA,MENOC,NA,English,Mol. Ecol. Notes,Article,Final,NA,Scopus,2-s2.0-9644303030
1,Blas R.; Hermann M.; Baudoin J.-P.,"Blas, R. (24398243900); Hermann, M. (59578964100); Baudoin, J.-P. (7003617108)",24398243900; 59578964100; 7003617108,Analysis of the geographic distribution and relationships among Peruvian wild species of Arracacia,2008,Genetic Resources and Crop Evolution,55,5,NA,643,655,10,10.1007/s10722-007-9267-9,https://www.scopus.com/pages/publications/45749119124?origin=resultslist,"Universidad Nacional Agraria, La Molina, Lima 12, Ap. 456, Peru; International Plant Genetic Resources Institute (IPGRI), Regional Office for the Americas, Cali, Ap. 6713, Colombia; Faculté Universitaire des Sciences Agronomiques de Gembloux, 5030 Gembloux, Passage des Déportés, 2, Belgium","Blas R., Universidad Nacional Agraria, La Molina, Lima 12, Ap. 456, Peru; Hermann M., International Plant Genetic Resources Institute (IPGRI), Regional Office for the Americas, Cali, Ap. 6713, Colombia; Baudoin J.-P., Faculté Universitaire des Sciences Agronomiques de Gembloux, 5030 Gembloux, Passage des Déportés, 2, Belgium","Relationships between Arracacia species were studied according to 28 morphological discriminant characters, in 90 accessions: 83 Arracacia (Arracacia elata, A. incisa and A. xanthorrhiza), and seven accessions of Neonelsonia acuminata, which has been confused with A. elata. The geographic distribution of the Arracacia species was determined from the passport data of the 90 accessions. A. elata was clearly differentiated from N. acuminata according to morphological characteristics. The species A. incisa was more closely related to A. xanthorrhiza. Within A. xanthorrhiza two forms, monocarpic, and polycarpic, were identified. The distribution of wild Arracacia species in Peru is characterized by two main ecological zones: (1) a dry zone, like the western Yunga and western and inter-Andean valleys of the Quechua region (with seasonal rain from November to March), where the species A. incisa and A. xanthorrhiza are present, and (2) a humid zone, like the Eastern Quechua where A. elata is adapted. These informations could be useful to establish strategies for in situ and ex situ conservation and management of germplasm. © 2007 Springer Science+Business Media B.V.",Arracacia; Ecology; Geographic distribution; Neonelsonia acuminata; Peru; Plant genetic resources; Taxonomy,Peru; South America; Arracacia; Arracacia xanthorrhiza; Xanthorhiza; dicotyledon; ecological approach; genetic resource; geographical distribution; germplasm; humid environment; morphology; population distribution; taxonomy; wild population,"R. Blas; Universidad Nacional Agraria, La Molina, Lima 12, Ap. 456, Peru; email: rblas@lamolina.edu.pe",NA,NA,09259864,NA,GRCEE,NA,English,Genet. Resour. Crop. Evol.,Article,Final,All Open Access; Green Open Access,Scopus,2-s2.0-45749119124
1,Alpala M.G.R.; Arroyo C.E.V.; Montaña J.P.G.; Tapie W.A.; De Jesús Macias Vivares A.,"Alpala, Maria Gladis Rosero (57220923307); Arroyo, Carlos Enrique Velásquez (57221700952); Montaña, Johanna Paola Garnica (57355769700); Tapie, William Armando (57190978090); De Jesús Macias Vivares, Albeiro (58812263300)",57220923307; 57221700952; 57355769700; 57190978090; 58812263300,Rooting of propagules of Arracacia xanthorrhiza Bancroft at the Colombian germplasm bank; [Enraizamiento de propágulos de Arracacia xanthorrhiza Bancroft. en el Banco de Germoplasma de Colombia],2023,Agronomia Mesoamericana,34,3,52472,NA,NA,1,10.15517/am.2023.52472,https://www.scopus.com/pages/publications/85182348282?origin=resultslist,"Corporación Colombiana de Investigación Agropecuaria (AGROSAVIA), Centro de Investigación La Selva, Antioquia, Rionegro, Colombia; Corporación Colombiana de Investigación Agropecuaria (AGROSAVIA), Centro de Investigación Nataima, Tolima, Espinal, Colombia; Universidad de Antioquia, Facultad de Ciencias Agrarias, Grupo de Investigación en Ciencias Agrarias GRICA, AA 1226, Calle 67 No. 53 - 108, Medellín, Colombia","Alpala M.G.R., Corporación Colombiana de Investigación Agropecuaria (AGROSAVIA), Centro de Investigación La Selva, Antioquia, Rionegro, Colombia; Arroyo C.E.V., Corporación Colombiana de Investigación Agropecuaria (AGROSAVIA), Centro de Investigación La Selva, Antioquia, Rionegro, Colombia; Montaña J.P.G., Corporación Colombiana de Investigación Agropecuaria (AGROSAVIA), Centro de Investigación Nataima, Tolima, Espinal, Colombia; Tapie W.A., Universidad de Antioquia, Facultad de Ciencias Agrarias, Grupo de Investigación en Ciencias Agrarias GRICA, AA 1226, Calle 67 No. 53 - 108, Medellín, Colombia; De Jesús Macias Vivares A., Corporación Colombiana de Investigación Agropecuaria (AGROSAVIA), Centro de Investigación La Selva, Antioquia, Rionegro, Colombia","Introduction. The System of Germplasm Banks for Food and Agriculture of the Colombian Nation preserves roots and tubers of interest, such as Arracacia xanthorrhiza Bancroft. The renewal of the accessions allows to recognize the heterogeneity of the germplasm in rooting and development, shows differential groups, some with risk of survival and consequently risk of loss of genetic material. Objective. Determine the rooting potential of twenty-six accessions, belonging to the Arracacha Germplasm Bank. Materials and methods. The experiment was conducted at La Selva Research Center, Rionegro, Antioquia, Colombia, in 2019 - 2020. Twenty-six accessions were evaluated and the experiment was established with a completely randomized design under controlled conditions using water as propagation medium. A qualitative scale was defined and utilized to assess callus formation, while a quantitative scale was employed to evaluate the abundance of callus roots on exposed meristematic tissue. Results. Rhizogenesis began after twelve days with the formation of root meristematic tissue. Thirteen accessions had a high scale, two medium scale, and nine low scale. For the abundance and number of roots, nineteen accessions were located on a low scale, three on a medium scale, three in high scale including the control, and one accession was null. Using the logistic model, a growth rate (TC) of 0.74 and 0.51 mm/day was estimated for the accessions 15010099 and 15010097, while with the Gompertz model a TC of 0.39 mm/day for the accession 15010007. Conclusion. The rooting potential of A. xanthorrhiza was determined by attributes of precocity, abundance, and size of the roots in 26 accessions of the Germplasm Bank as a tool to generate actions in the conservation of accessions in the field. © 2023 Universidad de Costa Rica. All rights reserved.",biological preservation; mother plants; propagules; vegetative propagation; water,NA,"M.G.R. Alpala; Corporación Colombiana de Investigación Agropecuaria (AGROSAVIA), Centro de Investigación La Selva, Rionegro, Antioquia, Colombia; email: mroseroa@agrosavia.co",NA,Universidad de Costa Rica,22153608,NA,NA,NA,Spanish,Agron. Mesoam.,Article,Final,All Open Access; Gold Open Access; Green Open Access,Scopus,2-s2.0-85182348282
2,Bravo-Portocarrero R.Y.; Leon-Tacca B.; Llanos-Nina J.M.; Leon-Tacca A.; Medina W.T.,"Bravo-Portocarrero, Rosario Y. (57216391393); Leon-Tacca, Betsabe (57211984361); Llanos-Nina, Joven Marino (57686335900); Leon-Tacca, Alicia (57196168580); Medina, Wenceslao T. (35185253500)",57216391393; 57211984361; 57686335900; 57196168580; 35185253500,"Morphologic and agronomic characterization of 3 varieties and 27 accessions of cañihua (Chenopodium pallidicaule Aellen) from the Camacani germplasm bank, Puno, Peru; [CARACTERIZACIÓN MORFOLÓGICA Y EVALUACIÓN AGRONÓMICA DE 3 VARIEDADES Y 27 ACCESIONES DE CAÑIHUA (Chenopodium pallidicaule Aellen) PROCEDENTES DEL BANCO DE GERMOPLASMA CAMACANI, PUNO, PERÚ]",2022,Bioagro,34,2,NA,111,124,3,10.51372/bioagro342.2,https://www.scopus.com/pages/publications/85130013378?origin=resultslist,"Facultad de Ciencias Agrarias, Universidad Nacional del Altiplano de Puno, Ciudad Universitaria, Puno, Peru; Facultad de Ciencias Agrarias, Universidad Nacional de Cañete, San Vicente de Cañete Lima, Peru","Bravo-Portocarrero R.Y., Facultad de Ciencias Agrarias, Universidad Nacional del Altiplano de Puno, Ciudad Universitaria, Puno, Peru; Leon-Tacca B., Facultad de Ciencias Agrarias, Universidad Nacional de Cañete, San Vicente de Cañete Lima, Peru; Llanos-Nina J.M., Facultad de Ciencias Agrarias, Universidad Nacional del Altiplano de Puno, Ciudad Universitaria, Puno, Peru; Leon-Tacca A., Facultad de Ciencias Agrarias, Universidad Nacional del Altiplano de Puno, Ciudad Universitaria, Puno, Peru; Medina W.T., Facultad de Ciencias Agrarias, Universidad Nacional del Altiplano de Puno, Ciudad Universitaria, Puno, Peru","Cañihua is a very important crop in the diet of the Peruvian and Bolivian Andean highlands’ population due to the high protein quality of its grains. The Germplasm Bank of Andean Crops of Universidad Nacional del Altiplano, located in Puno, Peru, has around 400 accessions of this species, many of which do not have a standardized description that could serve as a basis for research aiming crop production improvement. The objective of this work was to characterize morphologically and agronomically 27 accessions of cañihua compared with 3 commercial varieties. The evaluated traits were plant height, number of branches, vegetative cover, length, width and number of teeth of the leaf blade, diameter and test weight of the grain, yield and harvest index, along with the number of days to branching, flowering, milky and pasty grain, and physiological maturity. The results indicate that among the varieties, the highest yield was shown by INIA-406, while Cupi and Ramis were the earliest ones. Cupi has higher yield than Ramis, although its grains are smaller. The accessions showed high variability among them and the accession 03-21-23 stood out for its high yield and the 03-21-315 for having the largest grain size, although low yield. Accession 03-21-7 showed the highest plant height and 03-21-246 the largest canopy, both with acceptable yields. It is concluded on the convenience of undertaking the improvement of the genetic stability of these four accessions. © 2022, Universidad Centroccidental Lisandro Alvarado (UCLA). All rights reserved.",Agronomic traits; descriptors; germplasm; morphology,NA,"R.Y. Bravo-Portocarrero; Facultad de Ciencias Agrarias, Universidad Nacional del Altiplano de Puno, Puno, Ciudad Universitaria, Peru; email: rosariobravo@unap.edu.pe",NA,Universidad Centroccidental Lisandro Alvarado (UCLA),13163361,NA,NA,NA,Spanish,Bioagro,Article,Final,All Open Access; Gold Open Access,Scopus,2-s2.0-85130013378
2,Ttacca B.L.; Portocarrero R.B.; Nina J.M.L.; Tacca A.L.; Medina Espinoza W.T.,"Ttacca, Betsabe Leon (57211984361); Portocarrero, Rosario Bravo (57216391393); Nina, Joven Marino Llanos (57562483900); Tacca, Alicia Leon (58037235000); Medina Espinoza, Wenceslao T. (35185253500)",57211984361; 57216391393; 57562483900; 58037235000; 35185253500,Fluctuation of main insect pests and diseases in cañihua (Chenopodium pallidicaule Aellen) of the Peruvian Andean Altiplano; [Flutuação das principais pragas e doenças de insetos em cañihua (Chenopodium pallidicaule Aellen) do Altiplano Andino peruano]; [Fluctuación de principales insectos-plaga y enfermedades en cañihua (Chenopodium pallidicaule Aellen) del Altiplano andino peruano],2022,Revista de la Facultad de Agronomia,39,2,e223923,NA,NA,2,10.47280/RevFacAgron(LUZ).v39.n2.01,https://www.scopus.com/pages/publications/85127536783?origin=resultslist,"Universidad Nacional de Cañete, Escuela Profesional de Agronomía, Peru; Universidad Nacional del Altiplano de Puno (UNA-PUNO), Departamento Académico de Ingeniería Agronómica, Peru; Bachiller en Ciencias Agrarias, Escuela Profesional de Ingeniería Agronómica, UNA-Puno, Peru; Departamento Académico de Agroindustrias, Facultad de Ciencias Agrarias, Universidad Nacional del Altiplano de Puno, Peru","Ttacca B.L., Universidad Nacional de Cañete, Escuela Profesional de Agronomía, Peru, Universidad Nacional del Altiplano de Puno (UNA-PUNO), Departamento Académico de Ingeniería Agronómica, Peru; Portocarrero R.B., Universidad Nacional del Altiplano de Puno (UNA-PUNO), Departamento Académico de Ingeniería Agronómica, Peru; Nina J.M.L., Bachiller en Ciencias Agrarias, Escuela Profesional de Ingeniería Agronómica, UNA-Puno, Peru; Tacca A.L., Departamento Académico de Agroindustrias, Facultad de Ciencias Agrarias, Universidad Nacional del Altiplano de Puno, Peru; Medina Espinoza W.T., Departamento Académico de Agroindustrias, Facultad de Ciencias Agrarias, Universidad Nacional del Altiplano de Puno, Peru","The Andean crop germplasm bank, of the Camacani Experimental Center of the Universidad Nacional del Altiplano de Puno, has around 400 accessions of cañahua (Chenopodium pallidicaule Aellen), and 27 of them have been agronomically characterized. Given the importance of this crop for the inhabitants of highlands of the Peruvian Andes, the objective of this research was to assess the population fluctuation of insect pests and the severity of diseases in the mentioned accessions, along with three commercial varieties. The evaluations were carried out in three phases of the crop development, including the grain yield. It was found that the accessions and varieties of cañahua were tolerant to the attack of most pests and diseases. The most important pest was Eurysacca quinoae Povolny, especially in the accession 03-21-26 and the Ramis variety, in which up to 5.5 and 4.5 larvae were found per plant, respectively; however, the pest did not exceed the economic threshold of 6 larvae per plant during the phenological phases. In regards to diseases, it was confirmed that Peronospora sp. (mildew) is the main pathology that occurred during the agricultural season. Accessions 03-21-03 and 03-21-24 were not affected by the disease, while accessions 03-21-267, 03-21-218, 03-21-124, 03-21-26 and 03-21-64 were the most affected, showing the highest severity and area under the disease progress curve. When evaluating one season, the accessions and varieties of cañihua showed resistance to insect-pests and diseases, without appreciably decrease of their grain yields. © The Authors, 2021, Published by the Universidad del Zulia.",Germplasm bank; Population fluctuation; Severity,NA,"B.L. Ttacca; Universidad Nacional de Cañete, Escuela Profesional de Agronomía, Peru; email: bleon@undc.edu.pe",NA,Universidad del Zulia,03787818,NA,NA,NA,English,Rev. Facul. Agron.,Article,Final,All Open Access; Gold Open Access,Scopus,2-s2.0-85127536783
2,Vargas A.; Elzinga D.B.; Rojas-Beltran J.A.; Bonifacio A.; Geary B.; Stevens M.R.; Jellen E.N.; Maughan P.J.,"Vargas, A. (57196954734); Elzinga, D.B. (12774756200); Rojas-Beltran, J.A. (7801488186); Bonifacio, A. (7004508682); Geary, B. (6701568858); Stevens, M.R. (7402243451); Jellen, E.N. (6701925700); Maughan, P.J. (7003959730)",57196954734; 12774756200; 7801488186; 7004508682; 6701568858; 7402243451; 6701925700; 7003959730,Development and use of microsatellite markers for genetic diversity analysis of cañahua (Chenopodium pallidicaule Aellen),2011,Genetic Resources and Crop Evolution,58,5,NA,727,739,13,10.1007/s10722-010-9615-z,https://www.scopus.com/pages/publications/79959791928?origin=resultslist,"Department of Plant and Wildlife Sciences, Brigham Young University, Provo, UT 84602, United States; Fundacion PROINPA, Cochabamba, Casilla Postal 4285, Bolivia; Department of Plant and Wildlife Sciences, Brigham Young University, Provo, UT 84602, 285 WIDB, United States","Vargas A., Department of Plant and Wildlife Sciences, Brigham Young University, Provo, UT 84602, United States, Fundacion PROINPA, Cochabamba, Casilla Postal 4285, Bolivia; Elzinga D.B., Department of Plant and Wildlife Sciences, Brigham Young University, Provo, UT 84602, United States; Rojas-Beltran J.A., Fundacion PROINPA, Cochabamba, Casilla Postal 4285, Bolivia; Bonifacio A., Fundacion PROINPA, Cochabamba, Casilla Postal 4285, Bolivia; Geary B., Department of Plant and Wildlife Sciences, Brigham Young University, Provo, UT 84602, United States; Stevens M.R., Department of Plant and Wildlife Sciences, Brigham Young University, Provo, UT 84602, United States; Jellen E.N., Department of Plant and Wildlife Sciences, Brigham Young University, Provo, UT 84602, United States; Maughan P.J., Department of Plant and Wildlife Sciences, Brigham Young University, Provo, UT 84602, United States, Department of Plant and Wildlife Sciences, Brigham Young University, Provo, UT 84602, 285 WIDB, United States","Cañahua (Chenopodium pallidicaule Aellen) is a poorly studied, annual subsistence crop of the high Andes of South America. Its nutritional value (high in protein and mineral content) and ability to thrive in harsh climates make it an important regional food crop throughout the Andean region. The objectives of this study were to develop genetic markers and to quantify genetic diversity within cañahua. A set of 43 wild and cultivated cañahua genotypes and two related species (Chenopodium quinoa Willd. and Chenopodium petiolare Kunth) were evaluated for polymorphism using 192 microsatellite markers derived from random genomic cañahua sequences produced by 454 pyrosequencing of cañahua genomic DNA. Another 424 microsatellite markers from C. quinoa were also evaluated for cross-species amplification and polymorphism in cañahua. A total of 34 polymorphic microsatellite marker loci were identified which detected a total of 154 alleles with an average of 4. 5 alleles per marker locus and an average heterozygosity value of 0. 49. A cluster analysis, based on Nei genetic distance, clearly separated from wild cañahua genotypes from the cultivated genotypes. Within the cultivated genotypes, subclades were partitioned by AMOVA analysis into six model-based clusters, including a subclade consisting sole of erect morphotypes. The isolation by distance test displayed no significant correlation between geographic collection origin and genotypic data, suggesting that cañahua populations have moved extensively, presumably via ancient food exchange strategies among native peoples of the Andean region. The molecular markers reported here are a significant resource for ongoing efforts to characterize the extensive Bolivian and Peruvian cañahua germplasm banks, including the development of core germplasm collections needed to support emerging breeding programs. © 2010 Springer Science+Business Media B.V.",Cañahuaf; Genetic diversity; Microsatellite markers; Population structure,Andes; Acer pensylvanicum; Chenopodium pallidicaule; Chenopodium petiolare; Chenopodium quinoa; cluster analysis; crop plant; cultivar; genetic marker; genetic resource; genetic variation; germplasm; herb; heterozygosity; indigenous population; molecular analysis; morphotype; nutritive value; plant breeding; variance analysis; wild population,"P. J. Maughan; Department of Plant and Wildlife Sciences, Brigham Young University, Provo, UT 84602, 285 WIDB, United States; email: Jeff_Maughan@byu.edu",NA,NA,09259864,NA,GRCEE,NA,English,Genet. Resour. Crop. Evol.,Article,Final,NA,Scopus,2-s2.0-79959791928
2,Mangelson H.; Jarvis D.E.; Mollinedo P.; Rollano-Penaloza O.M.; Palma-Encinas V.D.; Gomez-Pando L.R.; Jellen E.N.; Maughan P.J.,"Mangelson, Hayley (57211852286); Jarvis, David E. (7102858018); Mollinedo, Patricia (6508362895); Rollano-Penaloza, Oscar M. (56320141500); Palma-Encinas, Valeria D. (57211857853); Gomez-Pando, Luz Rayda (15047884000); Jellen, Eric N. (6701925700); Maughan, Peter J. (7003959730)",57211852286; 7102858018; 6508362895; 56320141500; 57211857853; 15047884000; 6701925700; 7003959730,The genome of Chenopodium pallidicaule: An emerging Andean super grain,2019,Applications in Plant Sciences,7,11,e11300,NA,NA,30,10.1002/aps3.11300,https://www.scopus.com/pages/publications/85075184886?origin=resultslist,"Department of Plant and Wildlife Sciences, Brigham Young University, 5144 LSB, Provo, 84602, UT, United States; Institute of Natural Product Research, Universidad Mayor de San Andrés, La Paz, Bolivia; Departamento de Fitotecnia, Facultad de Agronomía, Universidad Nacional Agraria de La Molina, La Molina, Peru","Mangelson H., Department of Plant and Wildlife Sciences, Brigham Young University, 5144 LSB, Provo, 84602, UT, United States; Jarvis D.E., Department of Plant and Wildlife Sciences, Brigham Young University, 5144 LSB, Provo, 84602, UT, United States; Mollinedo P., Institute of Natural Product Research, Universidad Mayor de San Andrés, La Paz, Bolivia; Rollano-Penaloza O.M., Institute of Natural Product Research, Universidad Mayor de San Andrés, La Paz, Bolivia; Palma-Encinas V.D., Institute of Natural Product Research, Universidad Mayor de San Andrés, La Paz, Bolivia; Gomez-Pando L.R., Departamento de Fitotecnia, Facultad de Agronomía, Universidad Nacional Agraria de La Molina, La Molina, Peru; Jellen E.N., Department of Plant and Wildlife Sciences, Brigham Young University, 5144 LSB, Provo, 84602, UT, United States; Maughan P.J., Department of Plant and Wildlife Sciences, Brigham Young University, 5144 LSB, Provo, 84602, UT, United States","Premise: Cañahua is a semi-domesticated crop grown in high-altitude regions of the Andes. It is an A-genome diploid (2n = 2x = 18) relative of the allotetraploid (AABB) Chenopodium quinoa and shares many of its nutritional benefits. Cañahua seed contains a complete protein, a low glycemic index, and offers a wide variety of nutritionally important vitamins and minerals. Methods: The reference assembly was developed using a combination of short- and long-read sequencing techniques, including multiple rounds of Hi-C–based proximity-guided assembly. Results: The final assembly of the ~363-Mbp genome consists of 4633 scaffolds, with 96.6% of the assembly contained in nine scaffolds representing the nine haploid chromosomes of the species. Repetitive element analysis classified 52.3% of the assembly as repetitive, with the most common repeat identified as long terminal repeat retrotransposons. MAKER annotation of the final assembly yielded 22,832 putative gene models. Discussion: When compared with quinoa, strong patterns of synteny support the hypothesis that cañahua is a close A-genome diploid relative, and thus potentially a simplified model diploid species for genetic analysis and improvement of quinoa. Resequencing and phylogenetic analysis of a diversity panel of cañahua accessions suggests that coordinated efforts are needed to enhance genetic diversity conservation within ex situ germplasm collections. © 2019 Mangelson et al. Applications in Plant Sciences is published by Wiley Periodicals, Inc. on behalf of the Botanical Society of America",Amaranthaceae; Andean crops; Chenopodium pallidicaule; Hi-C; proximity-guided assembly,NA,"P.J. Maughan; Department of Plant and Wildlife Sciences, Brigham Young University, Provo, 5144 LSB, 84602, United States; email: Jeff_Maughan@byu.edu",NA,John Wiley and Sons Inc.,21680450,NA,NA,NA,English,Appl. Plant Sci.,Article,Final,All Open Access; Gold Open Access; Green Open Access,Scopus,2-s2.0-85075184886
3,Taha M.A.; Mohamed M.F.; Mahmoud A.M.; Tawfik A.A.,"Taha, Mona A. (57218914108); Mohamed, Mohamed F. (55740620200); Mahmoud, Adel M. (37093317200); Tawfik, Azza A. (7005084043)",57218914108; 55740620200; 37093317200; 7005084043,Variability Assessment of New Developed Lines of Chia (Salvia hispanica L.),2026,International Journal of Horticultural Science and Technology,13,4,NA,803,820,0,10.22059/ijhst.2025.390454.1030,https://www.scopus.com/pages/publications/105029807727?origin=resultslist,"Floriculture Department, Faculty of Agriculture, Assiut University, Assiut, Egypt; Department of Vegetables, Faculty of Agriculture, Assiut University, Assiut, Egypt; Agronomy Department, Faculty of Agriculture, Assiut University, Assiut, Egypt","Taha M.A., Floriculture Department, Faculty of Agriculture, Assiut University, Assiut, Egypt; Mohamed M.F., Department of Vegetables, Faculty of Agriculture, Assiut University, Assiut, Egypt; Mahmoud A.M., Agronomy Department, Faculty of Agriculture, Assiut University, Assiut, Egypt; Tawfik A.A., Floriculture Department, Faculty of Agriculture, Assiut University, Assiut, Egypt","Three populations of chia (Salvia hispanica) were obtained from different sources. No meaningful differences were detected among them; therefore, a single population was selected for the present breeding assessment. Given the wide variation observed in plant height, this trait was used as a classification factor for the germplasm. Plant height is easily distinguished visually and is commonly used as an indicator of seed yield. The populations were classified into three categories based on height: tall (90– 110 cm), medium (70–89 cm), and short (50–69 cm). Because chia is a self-pollinated and self-fertilized crop, it was assumed to consist of a composite of pure lines. Progeny test results confirmed the genetic purity (homozygosity) of the selected plants within the different plant height categories. Narrow-sense heritability, estimated through parent–offspring regression, ranged from 0.26 for spike length to 0.97 for plant height. Accordingly, the expected selection response values were high for most of the traits studied. All traits exhibited strong genotypic associations, with some reaching unity (1.00) in their correlation with seed weight per plant. This was clearly reflected in the parameters of correlated response and the relative efficiency of indirect selection. Selection for seed weight influenced all other traits to varying degrees through correlated responses. Following tandem multi-trait selection, twelve true-breeding chia lines were developed. Among these, two lines (1 and 7) showed particular promise for genetic improvement of chia. These lines may be directly utilized in chia production, pending stability testing, or employed as parental genetic material in cross-breeding programs. © 2026 The author(s).",Chia; Directional selection; Indirect selection; Negative selection-derived bulk-line; Progeny test,NA,"M.A. Taha; Floriculture Department, Faculty of Agriculture, Assiut University, Assiut, Egypt; email: Mona.Ahmed@aun.edu.eg",NA,"University of Tehran, College of Aburaihan",23221461,NA,NA,NA,English,Int. J. Hortic. Sci. Technol.,Article,Final,NA,Scopus,2-s2.0-105029807727
3,Lara-Cabrera S.; Rivas-Jaimes G.; Prieto-Torres D.A.; Sáenz-Romero C.; Núñez-Landa L.; Orozco-de Rosas G.; Montero-Castro J.-C.,"Lara-Cabrera, Sabina (7801634168); Rivas-Jaimes, Gleisery (60649266300); Prieto-Torres, David A. (55212168400); Sáenz-Romero, Cuauhtémoc (6507328026); Núñez-Landa, Lourdes (60649088000); Orozco-de Rosas, Guillermo (60649116000); Montero-Castro, Juan-Carlos (16031747100)",7801634168; 60649266300; 55212168400; 6507328026; 60649088000; 60649116000; 16031747100,"Wild chia (Salvia hispanica) populations, endangered under global warming scenarios; [Peligro de extinción de poblaciones silvestres de chía (Salvia hispanica) bajo escenarios de calentamiento global]",2026,Revista Mexicana de Biodiversidad,97,NA,e975730,NA,NA,0,10.22201/ib.20078706e.2026.97.5730,https://www.scopus.com/pages/publications/105039962509?origin=resultslist,"Universidad Michoacana de San Nicolás de Hidalgo, Facultad de Biología, Laboratorio de Biodiversidad y Biogeografía de Plantas, Gral. Francisco J. Múgica s/n, Ciudad Universitaria, Edificio B2, 3er piso, Felicitas de Río, Michoacán, Morelia, 58030, Mexico; Universidad Nacional Autónoma de México, Facultad de Estudios Superiores Iztacala, Laboratorio de Biodiversidad y Cambio Climático, Av. de los Barrios 1, Los Reyes Iztacala, Estado de México, Tlalnepantla, 54090, Mexico; Laboratorio Nacional de Biología del Cambio Climático, SECIHTI, Mexico; Universidad Michoacana de San Nicolás de Hidalgo, Instituto de Investigaciones sobre los Recursos Naturales, Av. Juanito Itzícuaro s/n, Col. Nueva Esperanza, Michoacán, Morelia, 58337, Mexico; Chia Blanca, S.C. de R.L., La Paz No. 54, Jalisco, Acatic, 45470, Mexico","Lara-Cabrera S., Universidad Michoacana de San Nicolás de Hidalgo, Facultad de Biología, Laboratorio de Biodiversidad y Biogeografía de Plantas, Gral. Francisco J. Múgica s/n, Ciudad Universitaria, Edificio B2, 3er piso, Felicitas de Río, Michoacán, Morelia, 58030, Mexico; Rivas-Jaimes G., Universidad Michoacana de San Nicolás de Hidalgo, Facultad de Biología, Laboratorio de Biodiversidad y Biogeografía de Plantas, Gral. Francisco J. Múgica s/n, Ciudad Universitaria, Edificio B2, 3er piso, Felicitas de Río, Michoacán, Morelia, 58030, Mexico; Prieto-Torres D.A., Universidad Nacional Autónoma de México, Facultad de Estudios Superiores Iztacala, Laboratorio de Biodiversidad y Cambio Climático, Av. de los Barrios 1, Los Reyes Iztacala, Estado de México, Tlalnepantla, 54090, Mexico, Laboratorio Nacional de Biología del Cambio Climático, SECIHTI, Mexico; Sáenz-Romero C., Laboratorio Nacional de Biología del Cambio Climático, SECIHTI, Mexico, Universidad Michoacana de San Nicolás de Hidalgo, Instituto de Investigaciones sobre los Recursos Naturales, Av. Juanito Itzícuaro s/n, Col. Nueva Esperanza, Michoacán, Morelia, 58337, Mexico; Núñez-Landa L., Universidad Michoacana de San Nicolás de Hidalgo, Facultad de Biología, Laboratorio de Biodiversidad y Biogeografía de Plantas, Gral. Francisco J. Múgica s/n, Ciudad Universitaria, Edificio B2, 3er piso, Felicitas de Río, Michoacán, Morelia, 58030, Mexico; Orozco-de Rosas G., Chia Blanca, S.C. de R.L., La Paz No. 54, Jalisco, Acatic, 45470, Mexico; Montero-Castro J.-C., Universidad Michoacana de San Nicolás de Hidalgo, Facultad de Biología, Laboratorio de Biodiversidad y Biogeografía de Plantas, Gral. Francisco J. Múgica s/n, Ciudad Universitaria, Edificio B2, 3er piso, Felicitas de Río, Michoacán, Morelia, 58030, Mexico","The conservation of crop wild relatives is particularly worrisome under global warming scenarios given their potential as sources of diversity for cultivars. Here we evaluate the potential effect of climate change through ecological niche modeling for wild chia (Salvia hispanica) populations as the closest crop wild relative. Current and future (2040, 2060, 2080) climatic conditions were modeled using 4 global climate models (ACCESS-CM2, BCC-CSM2-MR, MIROC6, and CanESM5) and 2 shared socioeconomic pathways (SSP2-4.5 and SSP5-8.5), accounting for both limited and long-distance dispersal scenarios. Current potential wild S. hispanica distribution is 192,789 km², 16.72% in climatically stable areas and coinciding with 184 Nature Conservancy Areas in Mexico and Guatemala. Unfortunately, by 2040, 2060, and 2080 wild chia's potential distribution would reduce by 60.81 to 83.07%, respectively under optimistic scenarios with potential of dispersion as well as pessimistic and non-dispersal scenarios. Furthermore, the most sensitive areas are in the Trans-Mexican Volcanic Belt, Pacific Coast, and Guatemala, which also are reportedly the most genetically diverse populations. We urge conservation efforts to increase wild germplasm collections and embark on in situ conservation with local communities to preserve the genetic reservoir of the species for future crop breeding. © 2026 Universidad Nacional Autónoma de México, Instituto de Biología. Open Access bajo la licencia CC BY-NC-ND (4.0)",Climate change; Environmental suitability; Species distribution; Vulnerability risk,NA,"S. Lara-Cabrera; Universidad Michoacana de San Nicolás de Hidalgo, Facultad de Biología, Laboratorio de Biodiversidad y Biogeografía de Plantas, Morelia, Gral. Francisco J. Múgica s/n, Ciudad Universitaria, Edificio B2, 3er piso, Felicitas de Río, Michoacán, 58030, Mexico; email: sabina.lara@umich.mx",NA,Universidad Nacional Autonoma de Mexico,18703453,NA,NA,NA,English,Rev. Mex. Biodiversidad,Article,Final,All Open Access; Gold Open Access; Green Open Access,Scopus,2-s2.0-105039962509
3,Thada A.; Choudhary B.R.; Bhardwaj R.,"Thada, Antra (57224447393); Choudhary, B.R. (59871825400); Bhardwaj, Rahul (57224451640)",57224447393; 59871825400; 57224451640,Association analysis in chia (Salvia hispanica L.),2022,Electronic Journal of Plant Breeding,12,4,NA,1254,1260,1,10.37992/2021.1204.172,https://www.scopus.com/pages/publications/85123245691?origin=resultslist,"Agriculture Research Station, Mandor, Agriculture University, Rajasthan, Jodhpur, India","Thada A., Agriculture Research Station, Mandor, Agriculture University, Rajasthan, Jodhpur, India; Choudhary B.R., Agriculture Research Station, Mandor, Agriculture University, Rajasthan, Jodhpur, India; Bhardwaj R., Agriculture Research Station, Mandor, Agriculture University, Rajasthan, Jodhpur, India","The present study was carried out in a set of germplasm accessions for yield related traits in Chia. Results of the correlation coefficient revealed a highly significant and positive effect of the number of primary branches, harvest index and oil content on seed yield per plant on both genotypic and phenotypic levels, while plant height had a positive significant correlation with seed yield only at the genotypic level. Through analysis of path coefficients, the positive and significant direct effect of harvest index on genotypic as well as phenotypic levels was inferred, whilst days to 50% flowering and plant height illustrated positive direct effects on seed yield per plant only at the genotypic level. Moderate direct and positive effects of days to maturity at the genotypic level along with the number of primary branches at the phenotypic level were observed on seed yield per plant. The study revealed that harvesting index, days to 50% flowering and fruiting branches could be used as selection criteria traits, which will be very useful in future breeding programmes to enhance yield in Chia. © 2022. Electronic Journal of Plant Breeding. All Rights Reserved.",Chia; Correlation coefficient; Path analysis; Selection criteria; Yield improvement,NA,"A. Thada; Agriculture Research Station, Mandor, Agriculture University, Jodhpur, Rajasthan, India; email: thadaantra@gmail.com",NA,Indian Society of Plant Breeders,0975928X,NA,NA,NA,English,Electron. J. Plant Breed.,Article,Final,All Open Access; Gold Open Access,Scopus,2-s2.0-85123245691
3,Palma-Rojas C.; Gonzalez C.; Carrasco B.; Silva H.; Silva-Robledo H.,"Palma-Rojas, Claudio (6506633662); Gonzalez, Carla (57194447006); Carrasco, Basilio (26662149900); Silva, Herman (7102206047); Silva-Robledo, Herman (15760933600)",6506633662; 57194447006; 26662149900; 7102206047; 15760933600,"Genetic, cytological and molecular characterization of chia (Salvia hispanica L.) provenances",2017,Biochemical Systematics and Ecology,73,NA,NA,16,21,8,10.1016/j.bse.2017.05.003,https://www.scopus.com/pages/publications/85020198503?origin=resultslist,"Departamento de Biología, Facultad de Ciencias, Universidad de La Serena, Casilla 599, La Serena, Chile; Facultad de Agronomía e Ingeniería Forestal, Pontificia Universidad Católica de Chile, Av. Vicuña Mackenna, Macul, 4860, Santiago, Chile; Universidad de Chile, Facultad de Ciencias Agronómicas, Departamento de Producción Agrícola, Laboratorio de Genómica Funcional & Bioinformática, Av. Santa Rosa 11315, La Pintana, 8820808, Santiago, Chile; Universidad de Chile, Facultad de Ciencias Agronómicas, Departamento de Producción Agrícola, Laboratorio Relación Suelo Agua Planta, Av. Santa Rosa 11315, La Pintana, 8820808, Santiago, Chile","Palma-Rojas C., Departamento de Biología, Facultad de Ciencias, Universidad de La Serena, Casilla 599, La Serena, Chile; Gonzalez C., Universidad de Chile, Facultad de Ciencias Agronómicas, Departamento de Producción Agrícola, Laboratorio de Genómica Funcional & Bioinformática, Av. Santa Rosa 11315, La Pintana, 8820808, Santiago, Chile; Carrasco B., Facultad de Agronomía e Ingeniería Forestal, Pontificia Universidad Católica de Chile, Av. Vicuña Mackenna, Macul, 4860, Santiago, Chile; Silva H., Universidad de Chile, Facultad de Ciencias Agronómicas, Departamento de Producción Agrícola, Laboratorio de Genómica Funcional & Bioinformática, Av. Santa Rosa 11315, La Pintana, 8820808, Santiago, Chile; Silva-Robledo H., Universidad de Chile, Facultad de Ciencias Agronómicas, Departamento de Producción Agrícola, Laboratorio Relación Suelo Agua Planta, Av. Santa Rosa 11315, La Pintana, 8820808, Santiago, Chile","Chia (Salvia hispanica L.) is a native plant to southern Mexico and northern Guatemala although in these days also is cultivated in others South American countries such as Bolivia and Argentina. This study describes a genetic, cytological and molecular characterization of nine provenances of Salvia hispanica. The genome size was estimated to be C = 0.84 pg of DNA. Also a quantitative description of the karyotype is presented. The karyo-idiogram analysis shows that pairs 5 and 6 of the chromosomes are in the limit between submetacentric and subtelocentric types. When the nine provenances were studied using ISSR markers we were able to observe a very low genetic variability for the ISSR loci analysed (h = 0.08–0.15; I = 0.10–0.23; P = 9.3–23.5%). Selfing and reduced genetic background produced by genetic drift and human selection, might explain in part the scarce genetic differentiation found among provenances. These genetic characterizations are part of the basic genetic information, which should be considered for improvement and germplasm conservation programs. © 2017 Elsevier Ltd",Chromosome characterization; DNA content; Genetic variability; ISSR markers; Karyo-idiogram,Argentina; Bolivia; Guatemala [Central America]; Guatemala [Guatemala (NTN)]; Mexico [North America]; Salvia hispanica; chromosome; cytology; dicotyledon; genetic analysis; genetic differentiation; genetic drift; genetic marker; genome; karyotype; molecular analysis; native species; provenance,"H. Silva; Universidad de Chile, Facultad de Ciencias Agronómicas, Departamento de Producción Agrícola, Laboratorio de Genómica Funcional & Bioinformática, La Pintana, Av. Santa Rosa 11315, 8820808, Chile; email: hesilva@uchile.cl",NA,Elsevier Ltd,03051978,NA,BSECB,NA,English,Biochem. Syst. Ecol.,Article,Final,All Open Access; Green Open Access,Scopus,2-s2.0-85020198503
3,Xingú-López A.; González-Huerta A.; de la Cruz-Torres E.; Sangerman-Jarquín D.M.; Montes-Hernandez S.; Rubí-Arriaga M.,"Xingú-López, Andrés (58482018300); González-Huerta, Andrés (56002772800); de la Cruz-Torres, Eulogio (24376262800); Sangerman-Jarquín, Dora Ma. (57201720216); Montes-Hernandez, Salvador (9238005900); Rubí-Arriaga, Martín (55989710200)",58482018300; 56002772800; 24376262800; 57201720216; 9238005900; 55989710200,Agronomic characterization of Salvia hispanica L. germplasm; [Caracterización agronómica de germoplasma de Salvia hispanica L.],2022,Revista Mexicana de Ciencias Agricolas,13,8,NA,1361,1371,2,10.29312/remexca.v13i8.2647,https://www.scopus.com/pages/publications/85199287136?origin=resultslist,"Facultad de Ciencias Agrícolas, Universidad Autónoma del Estado de México, El Cerrillo, Piedras Blancas, Toluca, CP. 50200, Mexico; Facultad de Ciencias Agrícolas, Universidad Autónoma del Estado de México, El Cerrillo, Piedras Blancas, Toluca, CP. 50200, Mexico; Departamento de Biología, Instituto Nacional de Investigaciones Nucleares, Carretera México-Toluca s/n, Ocoyoacac, La Marquesa, CP. 52750, Mexico; Campo Experimental Valle de México-INIFAP, Carretera Los Reyes-Texcoco km 13.5, Estado de México, Coatlinchán, Texcoco, CP. 56250, Mexico; Campo Experimental Bajío-INIFAP, Carretera Celaya-San Miguel de Allende km 6.5, Guanajuato, Celaya, CP. 38110, Mexico","Xingú-López A., Facultad de Ciencias Agrícolas, Universidad Autónoma del Estado de México, El Cerrillo, Piedras Blancas, Toluca, CP. 50200, Mexico; González-Huerta A., Facultad de Ciencias Agrícolas, Universidad Autónoma del Estado de México, El Cerrillo, Piedras Blancas, Toluca, CP. 50200, Mexico; de la Cruz-Torres E., Departamento de Biología, Instituto Nacional de Investigaciones Nucleares, Carretera México-Toluca s/n, Ocoyoacac, La Marquesa, CP. 52750, Mexico; Sangerman-Jarquín D.M., Campo Experimental Valle de México-INIFAP, Carretera Los Reyes-Texcoco km 13.5, Estado de México, Coatlinchán, Texcoco, CP. 56250, Mexico; Montes-Hernandez S., Campo Experimental Bajío-INIFAP, Carretera Celaya-San Miguel de Allende km 6.5, Guanajuato, Celaya, CP. 38110, Mexico; Rubí-Arriaga M., Facultad de Ciencias Agrícolas, Universidad Autónoma del Estado de México, El Cerrillo, Piedras Blancas, Toluca, CP. 50200, Mexico","Salvia hispanica L. (chia) is an herbaceous plant native to Mexico, belongs to the Lamiaceae family. The crop was banned and replaced by other cereals during the Conquest. Due to the nutritional content and nutraceutical properties it possesses, it has been reintroduced and is currently considered a highly nutritious potential food. The area sown is increased annually, the cultivated materials are usually local or introduced genotypes, because there are few improved varieties. With the aim of identifying outstanding accessions, oriented to greater efficiency of the crop, during the 2017 spring-summer agricultural cycle, 32 accessions of S. hispanica were agronomically characterized, in seven environments, under a design of randomized complete blocks with three repetitions. The following variables were evaluated: plant height, stem diameter, plant weight, number of spikes, grain weight per plant and yield per hectare. Accessions 1, 2, 12 and 22 had higher seed yield per ha, plant height, number of flower spikes, fruits per spike and dry plant weight. The average seed production was 924 kg ha-1. The best environment for chia production was Rancho San Lorenzo, Metepec. The cluster analysis grouped the accessions into five clusters, grouping them by their yield and related variables. © 2022, National Institute of Forestry, Agricultural and Livestock Research. All rights reserved.",agronomic variables; chia; genetic variability,NA,"M. Rubí-Arriaga; Facultad de Ciencias Agrícolas, Universidad Autónoma del Estado de México, Toluca, El Cerrillo, Piedras Blancas, CP. 50200, Mexico; email: m-rubi65@yahoo.com.mx",NA,"National Institute of Forestry, Agricultural and Livestock Research",20070934,NA,NA,NA,Spanish,Rev.  Mex. Cienc. Agricolas.,Article,Final,All Open Access; Gold Open Access,Scopus,2-s2.0-85199287136
3,Gómez J.A.H.; Colín S.M.,"Gómez, José Alfonso Hernández (56302083800); Colín, Salvador Miranda (52863301800)",56302083800; 52863301800,Morphological characterization of chía (Salvia hispanica); [Caracterización morfológica de chía (Salvia hispanica)],2008,Revista Fitotecnia Mexicana,31,2,NA,105,113,18,NA,https://www.scopus.com/pages/publications/54049085388?origin=resultslist,"Departamento de Fitotecnia, Universidad Autónoma Chapingo, 56230, Chapingo, Estado de México, Km. 38.5 Carretera México-Texcoco, Mexico; Postgrado en Recursos Genéticos Y Productividad, Colegio de Postgraduados, 56230, Montecillo, Texcoco, Estado de México, Km. 36.5 Carretera México-Texcoco, Mexico","Gómez J.A.H., Departamento de Fitotecnia, Universidad Autónoma Chapingo, 56230, Chapingo, Estado de México, Km. 38.5 Carretera México-Texcoco, Mexico; Colín S.M., Postgrado en Recursos Genéticos Y Productividad, Colegio de Postgraduados, 56230, Montecillo, Texcoco, Estado de México, Km. 36.5 Carretera México-Texcoco, Mexico","The genetic variability of chia (Salvia hispanica L.) has been decreasing. Thus, it is important to valorize the present diversity of Mesoamerican native chia species for a better conservation and use planning. In this study, the morphological variation of 22 cultivated and wild S. hispanica accessions was evaluated in 1999. Two plants of each chia accession were transplanted in randomized blocks design with four replications, under greenhouse conditions at Chapingo, México. Twenty three morphological characters of leaf, stem, inflorescence, flower and seed were recorded. Principal components and cluster analyses indicated six groups of chia accessions which were associated considering the similarity to width and length of corolla, width of calyx, seed scatter habit, stem thickness, time of flowering and branching. The cultivated chia groups from Jalisco, Puebla and Central America developed bigger, wider and more exposed corollas, longer, wider and compact inflorescences, indehiscent seeds and heavier seeds than wild chia group. On the other hand, the size of corolla, weight of seed and shatter habit of the cultivated group from Guerrero were similar to the wild chia group.",Germplasm; Mesoamerica; Salvia hispanica,Salvia; Salvia hispanica,"J. A. H. Gómez; Departamento de Fitotecnia, Universidad Autónoma Chapingo, 56230, Chapingo, Estado de México, Km. 38.5 Carretera México-Texcoco, Mexico; email: alhdezg2@hotmail.com",NA,NA,01877380,NA,NA,NA,Spanish,Rev. Fitotec. Mex.,Article,Final,NA,Scopus,2-s2.0-54049085388
3,Jamboonsri W.; Phillips T.D.; Geneve R.L.; Cahill J.P.; Hildebrand D.F.,"Jamboonsri, Watchareewan (37039385300); Phillips, Timothy D. (36768843400); Geneve, Robert L. (6701647476); Cahill, Joseph P. (7103370097); Hildebrand, David F. (7004874207)",37039385300; 36768843400; 6701647476; 7103370097; 7004874207,"Extending the range of an ancient crop, Salvia hispanica L.-a new ω3 source",2012,Genetic Resources and Crop Evolution,59,2,NA,171,178,114,10.1007/s10722-011-9673-x,https://www.scopus.com/pages/publications/84856722173?origin=resultslist,"Department of Plant and Soil Sciences, University of Kentucky, Lexington, KY 40546, United States; Department of Horticulture, University of Kentucky, Lexington, KY 40546, United States; Ventura Botanical Gardens, Inc., Ventura, CA 93006, United States; National Center for Genetic Engineering and Biotechnology, Thailand Science Park, Pathumthani 12120, Thailand","Jamboonsri W., Department of Plant and Soil Sciences, University of Kentucky, Lexington, KY 40546, United States, National Center for Genetic Engineering and Biotechnology, Thailand Science Park, Pathumthani 12120, Thailand; Phillips T.D., Department of Plant and Soil Sciences, University of Kentucky, Lexington, KY 40546, United States; Geneve R.L., Department of Horticulture, University of Kentucky, Lexington, KY 40546, United States; Cahill J.P., Ventura Botanical Gardens, Inc., Ventura, CA 93006, United States; Hildebrand D.F., Department of Plant and Soil Sciences, University of Kentucky, Lexington, KY 40546, United States","Chia, Salvia hispanica L., was well developed into a cultivated crop and an important component of Mesoamerican cultures and nutrition. Early Mesoamerican breeders produced lines with well developed agronomic characteristics including good, uniform seed yield and retention. Seed retention in particular is disadvantageous for survival in the wild. Maize, beans and squash were developed into important crops concomitant with chia in Mesoamerica but unlike these other crops lack of photoperiodic variability in floral induction limited the spread of chia cultivation into North America. There has been renewed interest in chia as an excellent source of ω3 fatty acids and dietary fiber for healthy diets. Such highly unsaturated oils also are useful starting materials for many renewable chemicals. Further we find chia grows very well in Midwestern and Eastern USA but flowers too late in the season for seeds to mature before killing frosts. We set out to develop the genetic diversity in floral induction to provide germplasm for production in the US and other temperate areas of the world. We demonstrate that new early flowering lines are able to flower under a photoperiod of 15 h under greenhouse conditions. In field conditions, some selected new lines flowered at a photoperiod of 14 h and 41 min during the 2009 growing season in Kentucky and can produce seeds in a range of environments in temperate areas. © 2011 Springer Science+Business Media B.V.",Chia; Fiber; Flowering; Mutagenesis; Omega-3 fatty acids; Photoperiod; Renewable resources; Salba; Salvia hispanica L,North America; Salvia; Salvia hispanica; Zea mays; agronomy; climbing plant; crop yield; cultivar; cultivation; fatty acid; fieldwork; flower; fruit; genetic resource; genetic variation; greenhouse ecosystem; growing season; legume; maize; photoperiod; plant breeding; seed production; survival; temperate environment,"W. Jamboonsri; Department of Plant and Soil Sciences, University of Kentucky, Lexington, KY 40546, United States; email: dhild@uky.edu",NA,NA,09259864,NA,GRCEE,NA,English,Genet. Resour. Crop. Evol.,Article,Final,NA,Scopus,2-s2.0-84856722173
3,Azzam C.R.; Rizk M.S.; Mostafa S.S.M.; Arafa R.A.; Al-Nabawi M.S.; Morsi N.A.A.; Nasr El-Din M.M.; Taher E.H.; Khaled K.A.,"Azzam, Clara R. (54791884700); Rizk, Mokhtar Said (57735030400); Mostafa, Soha Sayed Mohammad (36118068400); Arafa, Ramadan A. (57200041690); Al-Nabawi, Mohamed Samy (60054753800); Morsi, Nahid Abdelaty Ali (57687447000); Nasr El-Din, Marwa Mahmoud (58952486900); Taher, Enass Hassan (60054116700); Khaled, Khaled Adly (57204533434)",54791884700; 57735030400; 36118068400; 57200041690; 60054753800; 57687447000; 58952486900; 60054116700; 57204533434,"Characterization of two novel chia (Salvia hispanica L.) white and black genotypes via DNA barcoding, physiological, and agronomic traits",2025,Journal of Genetic Engineering and Biotechnology,23,3,100545,NA,NA,2,10.1016/j.jgeb.2025.100545,https://www.scopus.com/pages/publications/105013637636?origin=resultslist,"Cell Research Department, FCRI, Agricultural Research Center (ARC), Giza, 12619, Egypt; Genetic Resources Department, Desert Research Center (DRC), P.O.B. 11753, Cairo, Egypt; Soil, Water and Environment Research Institute (SWERI), Agricultural Research Center (ARC), Giza, 12619, Egypt; Plant Pathology Research Institute, Agricultural Research Center (ARC), Giza, 12619, Egypt; Genetic Department, Faculty of Agriculture, Beni-Suef University, Beni Suef, 62513, Egypt","Azzam C.R., Cell Research Department, FCRI, Agricultural Research Center (ARC), Giza, 12619, Egypt; Rizk M.S., Genetic Resources Department, Desert Research Center (DRC), P.O.B. 11753, Cairo, Egypt; Mostafa S.S.M., Soil, Water and Environment Research Institute (SWERI), Agricultural Research Center (ARC), Giza, 12619, Egypt; Arafa R.A., Plant Pathology Research Institute, Agricultural Research Center (ARC), Giza, 12619, Egypt; Al-Nabawi M.S., Cell Research Department, FCRI, Agricultural Research Center (ARC), Giza, 12619, Egypt; Morsi N.A.A., Cell Research Department, FCRI, Agricultural Research Center (ARC), Giza, 12619, Egypt; Nasr El-Din M.M., Cell Research Department, FCRI, Agricultural Research Center (ARC), Giza, 12619, Egypt; Taher E.H., Cell Research Department, FCRI, Agricultural Research Center (ARC), Giza, 12619, Egypt; Khaled K.A., Genetic Department, Faculty of Agriculture, Beni-Suef University, Beni Suef, 62513, Egypt","Background: Chia (Salvia hispanica L.) is recognized for its nutritional value and health-promoting compounds, including flavonoids. Aim: This study utilized DNA barcoding to identify and differentiate two novel chia genotypes, CACH-W and CACH-B, providing insights for breeding programs and genetic resource conservation (CA refers to the developer and CH refer to Chia). Methods: DNA was extracted from controlled samples and analyzed using five barcode markers: trnH-psbA, matK, rpoC1, rbcL, and ITS. Genetic diversity was evaluated through phylogenetic analysis with appropriate bioinformatics tools. Results: DNA barcoding using five markers (trnH-psbA, matK, rpoC1, rbcL, and ITS) successfully amplified sequences of 930 bp, 1520 bp, 2295 bp, 1910 bp, and 1630 bp, respectively. Among them, rbcL, rpoC1, and ITS effectively differentiated the two genotypes, and phylogenetic analysis confirmed their genetic identity and relationship with existing (Salvia hispanica L.) sequences. Functional analyses highlighted the conserved roles of key genes, including rbcL (carbon fixation), rpoC1 (chloroplast transcription), and matK (RNA splicing). The white genotype (CACH-W) outperformed the black genotype (CACH-B) in germination, physiological, and agronomic traits, achieving a higher seedling vigor index (11.68 vs. 8.51), longer radicle (6.94 cm vs. 5.02 cm), and greater total phenolic content (31.92 mg/g vs. 28.95 mg/g). Agronomically, CACH-W showed superior plant height, spike weight, and seed yield (1003.83 kg/feddan vs. 606.46 kg/feddan), making it a promising candidate for cultivation and breeding. Conclusion: This study demonstrates the effectiveness of certain plastome gene sequences in identifying and distinguishing chia varieties, offering a reliable tool for breeding, quality control, and germplasm conservation. The white genotype (CACH-W) outperformed the black genotype (CACH-B) in germination, physiological, and agronomic traits, achieving a higher seedling vigor index, longer radicle, and greater total phenolic content. Agronomically, CACH-W showed superior plant height, spike weight, and seed yield, making it a promising candidate for cultivation and breeding. The results also support the integration of marker-assisted selection for developing chia varieties with improved traits, enhancing their commercial and agricultural value. © 2025 The Author(s)",Chia (Salvia hispanica); Crop improvement; DNA markers; Genetic identification; Molecular barcoding,NA,"C.R. Azzam; Cell Research Department, FCRI, Agricultural Research Center (ARC), Giza, 12619, Egypt; email: clara.azzam@arc.sci.eg",NA,Elsevier B.V.,1687157X,NA,NA,NA,English,J. Genet. Eng. Biotechnol.,Article,Final,All Open Access; Gold Open Access; Green Open Access,Scopus,2-s2.0-105013637636
4,Blair M.W.; Londoño J.M.; Buitrago-Bitar M.A.; Wu X.; Brenner D.M.,"Blair, Matthew W. (7102440302); Londoño, Jorge M. (57204185001); Buitrago-Bitar, María A. (57219053046); Wu, Xingbo (57157468200); Brenner, David M. (7201995759)",7102440302; 57204185001; 57219053046; 57157468200; 7201995759,Differentiation of Andean and Mesoamerican accessions in a proposed core collection of grain amaranths,2023,Frontiers in Plant Science,14,NA,1144681,NA,NA,5,10.3389/fpls.2023.1144681,https://www.scopus.com/pages/publications/85152554014?origin=resultslist,"Department of Agricultural and Environmental Sciences, College of Agriculture, Tennessee State University, Nashville, TN, United States; Grupo de Investigación en Biodiversidad y Biotecnología (GIBUQ), Universidad del Quindío, Armenia, Colombia; Facultad de Ciencias Agropecuarias, Universidad Nacional de Colombia, Palmira, Colombia; Tropical Research Education Center, University of Florida, Homestead, FL, United States; Department of Agronomy/North Central Regional Plant Introduction Station, Iowa State University, Ames, IA, United States","Blair M.W., Department of Agricultural and Environmental Sciences, College of Agriculture, Tennessee State University, Nashville, TN, United States; Londoño J.M., Grupo de Investigación en Biodiversidad y Biotecnología (GIBUQ), Universidad del Quindío, Armenia, Colombia; Buitrago-Bitar M.A., Facultad de Ciencias Agropecuarias, Universidad Nacional de Colombia, Palmira, Colombia; Wu X., Department of Agricultural and Environmental Sciences, College of Agriculture, Tennessee State University, Nashville, TN, United States, Tropical Research Education Center, University of Florida, Homestead, FL, United States; Brenner D.M., Department of Agronomy/North Central Regional Plant Introduction Station, Iowa State University, Ames, IA, United States","Grain amaranths are made up of three New World species of pseudo-cereals with C4 photosynthesis from the dicotyledonous family Amaranthaceae and the genus Amaranthus. They originate in two ecoregions of the Americas, namely, the inter-Andean valleys of South America and the volcanic axis and lowlands of Mexico and Central America. These correspond to two centers of domestications for Andean and Mesoamerican crops, with one cultivated species found in the first region and two found in the latter region. To date, no core collection has been made for the grain amaranths in the United States Department of Agriculture (USDA) germplasm system. In this study, our objective was to create a core for the 2,899 gene bank accessions with collection site data by town or farm site of which 1,090 have current geo-referencing of latitude and longitude coordinates. We constituted the core with 260 genotypes of Amaranthus, which we evaluated with 90 single-nucleotide polymorphism markers. Our goal was to distinguish between Andean and Mesoamerican gene pools of amaranths, including the cultivated species and three possible progenitor or wild relative ancestors along with two more species in an outgroup. Population structure, clustering, and discriminant analysis for principal components showed that Andean species Amaranthus caudatus and Amaranthus quitensis shared fewer alleles with Mesoamerican species Amaranthus cruentus and Amaranthus hypochondriacus, compared to each group individually. Amaranthus hybridus was a bridge species that shared alleles with both regions. Molecular markers have the advantage over morphological traits at quickly distinguishing the Andean and Mesoamerican cultivars and have the added benefit of being useful for following inter-species crosses and introgression. Copyright © 2023 Blair, Londoño, Buitrago-Bitar, Wu and Brenner.",Andean grain amaranth; centers of domestication; competitive allele specific PCR; cultivated and wild accessions; genetic diversity; Mesoamerican grain amaranth,NA,"M.W. Blair; Department of Agricultural and Environmental Sciences, College of Agriculture, Tennessee State University, Nashville, United States; email: mblair@tnstate.edu",NA,Frontiers Media S.A.,1664462X,NA,NA,NA,English,Front. Plant Sci.,Article,Final,All Open Access; Gold Open Access; Green Open Access,Scopus,2-s2.0-85152554014
4,Štefúnová V.; Bežo M.,"Štefúnová, Veronika (15073470400); Bežo, Milan (15072690100)",15073470400; 15072690100,Genetic diversity analysis of amaranth (Amaranthus cruentus) germplasm collection by RAPD,2003,Biologia - Section Botany,58,SUPPL. 12,NA,53,57,8,NA,https://www.scopus.com/pages/publications/22644446645?origin=resultslist,"Department of Genetics and Plant Breeding, Faculty of Agronomy, Slovak University of Agriculture in Nitra, SK-94976 Nitra, Trieda Andreja Hlinku 2, Slovakia","Štefúnová V., Department of Genetics and Plant Breeding, Faculty of Agronomy, Slovak University of Agriculture in Nitra, SK-94976 Nitra, Trieda Andreja Hlinku 2, Slovakia; Bežo M., Department of Genetics and Plant Breeding, Faculty of Agronomy, Slovak University of Agriculture in Nitra, SK-94976 Nitra, Trieda Andreja Hlinku 2, Slovakia","Genetic diversity analysis of seven amaranth (Amaranthus cruentus L.) genotypes (Ames 1959 RRC 1, PI 566896 Komo, PI 511719 Niqua alegria chang, PI 511876 Huatle, PI 527567 IZ 32, PI 604558 Mapes 821, PI 612169 Tibet Yellow) was performed using random amplified polymorphic DNA (RAPD) method with twelve random primers under optimized conditions. A total of 86 fragments was generated by the twelve primers, with an average of 5.5 fragments per primer. Out of 86 amplified fragments, 66 fragments showed polymorphism among seven genotypes of amaranth (Amaranthus cruentus L.), which represents 76.7% polymorphism). The genetic similarities ranged from 52.0% (PI 511876 Huatle and PI 604558 Mapes 821) to 93.5% (Ames 1959 RRC 1 and PI 527567 IZ 32). According to the genetic distance data and UPGMA dendrogram, PI 511876 Huatle is the most diverse genotype and distinguishable with all primers used in the study.",Amaranth; Amaranthus cruentus L.; Genetic diversity; Germplasm; RAPD,Amaranthus; Amaranthus caudatus; Amaranthus cruentus,"V. Štefúnová; Department of Genetics and Plant Breeding, Faculty of Agronomy, Slovak University of Agriculture in Nitra, SK-94976 Nitra, Trieda Andreja Hlinku 2, Slovakia; email: Veronika.Stefunova@uniag.sk",NA,NA,13356372,NA,NA,NA,English,Biol. Sect. Bot.,Article,Final,NA,Scopus,2-s2.0-22644446645
4,Thapa R.; Edwards M.; Blair M.W.,"Thapa, Ranjita (57204781156); Edwards, Matthew (57356061900); Blair, Matthew W. (7102440302)",57204781156; 57356061900; 7102440302,Relationship of cultivated grain amaranth species and wild relative accessions,2021,Genes,12,12,1849,NA,NA,28,10.3390/genes12121849,https://www.scopus.com/pages/publications/85120038008?origin=resultslist,"Department of Agricultural and Environmental Sciences, Tennessee State University, Nashville, 37209, TN, United States; Plant Pathology and Plant-Microbe Biology Section, Cornell University, Geneva, 14456, NY, United States","Thapa R., Department of Agricultural and Environmental Sciences, Tennessee State University, Nashville, 37209, TN, United States, Plant Pathology and Plant-Microbe Biology Section, Cornell University, Geneva, 14456, NY, United States; Edwards M., Department of Agricultural and Environmental Sciences, Tennessee State University, Nashville, 37209, TN, United States; Blair M.W., Department of Agricultural and Environmental Sciences, Tennessee State University, Nashville, 37209, TN, United States","Amaranthus is a genus of C4 dicotyledonous herbaceous plants, and three New World species have been domesticated to produce grain crops with light colored seed which are classified as pseudo-cereals rich in protein and minerals. A core collection of grain amaranths and immediate precursor species has been established, representing the closest related species. The goal of this study was to evaluate the genetic diversity in that collection of cultivated and wild species, using competitive allele single nucleotide polymorphism markers. A secondary objective was to determine the relationships among the three cultivated species and non-domesticated Amaranthus, while a third objective was to evaluate the utility of the markers in detecting diversity in the 276 genotypes. The markers were found to be highly variable with an average polymorphism information content of 0.365. All markers were bi-allelic; and the major allele frequency ranged from 0.388 to 0.871. Population structure analysis of the cultigens revealed the presence of two sub populations. Phylogeny confirmed that the two Mesoamerican species, Amaranthus cruentus and Amaranthus hypochondriacus, were related and distant from the South American species Amaranthus caudatus, which in turn was very closely clustered with Amaranthus quitensis, even though this is considered a weedy relative. The first pair of species were likely to have inter-crossed, while the latter two likely exist in a wild-cultivated hybrid state. In conclusion, the results of this SNP study provided insights on amaranth cultivars and their relationship to wild species, the probable domestication events leading to the cultivars, and possible crop breeding or germplasm conservation strategies. © 2021 by the authors. Licensee MDPI, Basel, Switzerland.",Competitive allele specific PCR; Cultivated and wild Amaranthus; Domestication processes; Genetic diversity; Weed-crop complexes and relatives,"Amaranthus; Crops, Agricultural; Domestication; Edible Grain; Genome, Plant; Genotype; Phylogeny; Plant Breeding; Polymorphism, Single Nucleotide; Seeds; allele specific polymerase chain reaction; Amaranthus caudatus; article; breeding; crop; cultivar; cultivated species; domestication; gene frequency; genetic association; genetic marker; genetic variability; germplasm; grain; human cell; nonhuman; phylogeny; population structure; single nucleotide polymorphism; wild species; wild type; Amaranthus; crop; domestication; food grain; genetics; genotype; plant breeding; plant genome; plant seed; procedures","M.W. Blair; Department of Agricultural and Environmental Sciences, Tennessee State University, Nashville, 37209, United States; email: mblair@tnstate.edu",NA,MDPI,20734425,NA,NA,34946796,English,Genes,Article,Final,All Open Access; Gold Open Access; Green Open Access,Scopus,2-s2.0-85120038008
4,Kanbar A.; Beisel J.; Wetters S.; Gutierrez M.T.; Graeff-Hönninger S.; Nick P.,"Kanbar, Adnan (12760447300); Beisel, Julia (57823154600); Wetters, Sascha (57205149690); Gutierrez, Meylin Terrel (57737399000); Graeff-Hönninger, Simone (6507422325); Nick, Peter (7006276475)",12760447300; 57823154600; 57205149690; 57737399000; 6507422325; 7006276475,"A rapid, simple, and reliable assay to authenticate Peruvian kiwicha (A. caudatus) for food applications",2022,European Food Research and Technology,248,11,NA,2779,2797,6,10.1007/s00217-022-04089-6,https://www.scopus.com/pages/publications/85135110724?origin=resultslist,"Molecular Cell Biology, Botanical Institute, Karlsruhe Institute of Technology, Fritz-Haber-Weg 4, Karlsruhe, 76131, Germany; Institute of Crop Science, University of Hohenheim, Stuttgart, 70599, Germany","Kanbar A., Molecular Cell Biology, Botanical Institute, Karlsruhe Institute of Technology, Fritz-Haber-Weg 4, Karlsruhe, 76131, Germany; Beisel J., Molecular Cell Biology, Botanical Institute, Karlsruhe Institute of Technology, Fritz-Haber-Weg 4, Karlsruhe, 76131, Germany; Wetters S., Molecular Cell Biology, Botanical Institute, Karlsruhe Institute of Technology, Fritz-Haber-Weg 4, Karlsruhe, 76131, Germany; Gutierrez M.T., Institute of Crop Science, University of Hohenheim, Stuttgart, 70599, Germany; Graeff-Hönninger S., Institute of Crop Science, University of Hohenheim, Stuttgart, 70599, Germany; Nick P., Molecular Cell Biology, Botanical Institute, Karlsruhe Institute of Technology, Fritz-Haber-Weg 4, Karlsruhe, 76131, Germany","Amaranth has acquired great economic impact as functional food, with species originating from Mexico dominating global trade. In contrast, the Peruvian A. caudatus (kiwicha) has been vastly neglected, although it is endowed with very promising nutritive traits. Morphological plasticity and taxonomic ambiguities render authentication of Amaranth difficult, such that the identity of commercial samples is often unclear. To safeguard the authenticity of kiwicha and, thus, consumer safety, we characterised a germplasm collection of 84 Amaranth accessions on both, the morphological and the genetic level. We show that kiwicha can be delineated phenotypically from other species by its late flowering, taller posture, and lower grain yields. Instead, flower and seed color, often used as proxy for identity, do not qualify as taxonomic markers. Using the plastidic barcoding marker psbA-trnH igs we were able to identify a specific Single Nucleotide Polymorphism (SNP) that separated kiwicha from all other species of Amaranth. This allowed us to develop a sequencing-free authentication assay using an Amplified Refractory Mutation System (ARMS) strategy. As a result kiwicha in commercial samples can be authenticated by a single duplex-PCR yielding a diagnostic side band reporting A. caudatus against all other species of Amaranthus. This fingerprinting assay will help to develop the nutritive potential of kiwicha and to safeguard seed material for A. caudatus against adulteration by the far more prevalent species from Mexico. © 2022, The Author(s).",Amaranth; Amaranthus caudatus; Amplified Refractory Mutation System (ARMS); Kiwicha; Molecular authentication; psbA-trnH,Refractory materials; Amaranth; Amaranthus caudatus; Amplified refractory mutation system; Economic impacts; Food applications; Kiwicha; Me-xico; Molecular authentication; Psba-trnh; Simple++; Authentication,"A. Kanbar; Molecular Cell Biology, Botanical Institute, Karlsruhe Institute of Technology, Karlsruhe, Fritz-Haber-Weg 4, 76131, Germany; email: adnan.kanbar@kit.edu",NA,Springer Science and Business Media Deutschland GmbH,14382377,NA,NA,NA,English,Eur. Food Res. Technol.,Article,Final,All Open Access; Hybrid Gold Open Access,Scopus,2-s2.0-85135110724
4,Deb S.; Jayaprasad S.; Ravi S.; Rao K.R.; Whadgar S.; Hariharan N.; Dixit S.; Sunil M.; Choudhary B.; Stevanato P.; Ramireddy E.; Srinivasan S.,"Deb, Saptarathi (57220728651); Jayaprasad, Suvratha (57215278812); Ravi, Samathmika (57203483078); Rao, K. Raksha (58337531600); Whadgar, Saurabh (57220051373); Hariharan, Nivedita (57195304577); Dixit, Shubham (57195303724); Sunil, Meeta (56103497200); Choudhary, Bibha (7004608943); Stevanato, Piergiorgio (56962755700); Ramireddy, Eswarayya (55795382000); Srinivasan, Subhashini (57198821177)",57220728651; 57215278812; 57203483078; 58337531600; 57220051373; 57195304577; 57195303724; 56103497200; 7004608943; 56962755700; 55795382000; 57198821177,"Classification of Grain Amaranths Using Chromosome-Level Genome Assembly of Ramdana, A. hypochondriacus",2020,Frontiers in Plant Science,11,NA,579529,NA,NA,11,10.3389/fpls.2020.579529,https://www.scopus.com/pages/publications/85096634786?origin=resultslist,"Institute of Bioinformatics and Applied Biotechnology, Bengaluru, India; Department of Agronomy, Natural Resources, Animals and Environment, University of Padova, viale dell’Università, Legnaro, Italy; Institute for Stem Cell Science and Regenerative Medicine (InStem), Bengaluru, India; Indian Institute of Science Education and Research, Tirupati, Tirupati, India","Deb S., Institute of Bioinformatics and Applied Biotechnology, Bengaluru, India; Jayaprasad S., Institute of Bioinformatics and Applied Biotechnology, Bengaluru, India; Ravi S., Department of Agronomy, Natural Resources, Animals and Environment, University of Padova, viale dell’Università, Legnaro, Italy; Rao K.R., Institute of Bioinformatics and Applied Biotechnology, Bengaluru, India; Whadgar S., Institute of Bioinformatics and Applied Biotechnology, Bengaluru, India; Hariharan N., Institute for Stem Cell Science and Regenerative Medicine (InStem), Bengaluru, India; Dixit S., Institute of Bioinformatics and Applied Biotechnology, Bengaluru, India; Sunil M., Institute of Bioinformatics and Applied Biotechnology, Bengaluru, India; Choudhary B., Institute of Bioinformatics and Applied Biotechnology, Bengaluru, India; Stevanato P., Department of Agronomy, Natural Resources, Animals and Environment, University of Padova, viale dell’Università, Legnaro, Italy; Ramireddy E., Indian Institute of Science Education and Research, Tirupati, Tirupati, India; Srinivasan S., Institute of Bioinformatics and Applied Biotechnology, Bengaluru, India","In the age of genomics-based crop improvement, a high-quality genome of a local landrace adapted to the local environmental conditions is critically important. Grain amaranths produce highly nutritional grains with a multitude of desirable properties including C4 photosynthesis highly sought-after in other crops. For improving the agronomic traits of grain amaranth and for the transfer of desirable traits to dicot crops, a reference genome of a local landrace is necessary. Toward this end, our lab had initiated sequencing the genome of Amaranthus (A.) hypochondriacus (A.hyp_K_white) and had reported a draft genome in 2014. We selected this landrace because it is well adapted for cultivation in India during the last century and is currently a candidate for TILLING-based crop improvement. More recently, a high-quality chromosome-level assembly of A. hypochondriacus (PI558499, Plainsman) was reported. Here, we report a chromosome-level assembly of A.hyp_K_white (AhKP) using low-coverage PacBio reads, contigs from the reported draft genome of A.hyp_K_white, raw HiC data and reference genome of Plainsman (A.hyp.V.2.1). The placement of A.hyp_K_white on the phylogenetic tree of grain amaranths of known accessions clearly suggests that A.hyp_K_white is genetically distal from Plainsman and is most closely related to the accession PI619259 from Nepal (Ramdana). Furthermore, the classification of another accession, Suvarna, adapted to the local environment and selected for yield and other desirable traits, is clearly Amaranthus cruentus. A classification based on hundreds of thousands of SNPs validated taxonomy-based classification for a majority of the accessions providing the opportunity for reclassification of a few. © Copyright © 2020 Deb, Jayaprasad, Ravi, Rao, Whadgar, Hariharan, Dixit, Sunil, Choudhary, Stevanato, Ramireddy and Srinivasan.",A. caudatus; A. cruentus; A. hypochondriacus; genotyping by sequencing; global-germplasm resources information network (GRIN); grain amaranths plainsman; whole genome sequencing,NA,"B. Choudhary; Institute of Bioinformatics and Applied Biotechnology, Bengaluru, India; email: ssubha@ibab.ac.in; S. Srinivasan; Institute of Bioinformatics and Applied Biotechnology, Bengaluru, India; email: vibha@ibab.ac.in",NA,Frontiers Media S.A.,1664462X,NA,NA,NA,English,Front. Plant Sci.,Article,Final,All Open Access; Gold Open Access; Green Open Access,Scopus,2-s2.0-85096634786
4,Andini R.; Yoshida S.; Yoshida Y.; Ohsawa R.,"Andini, Rita (55630187100); Yoshida, Shigeki (7406244768); Yoshida, Yasuko (35231834200); Ohsawa, Ryo (6603353504)",55630187100; 7406244768; 35231834200; 6603353504,Amaranthus genetic resources in Indonesia: Morphological and protein content assessment in comparison with worldwide amaranths,2013,Genetic Resources and Crop Evolution,60,7,NA,2115,2128,32,10.1007/s10722-013-9979-y,https://www.scopus.com/pages/publications/84885864946?origin=resultslist,"Graduate School of Life and Environmental Sciences, University of Tsukuba, Tsukuba, Ibaraki, 305-8572, 1-1-1 Tennodai, Japan","Andini R., Graduate School of Life and Environmental Sciences, University of Tsukuba, Tsukuba, Ibaraki, 305-8572, 1-1-1 Tennodai, Japan; Yoshida S., Graduate School of Life and Environmental Sciences, University of Tsukuba, Tsukuba, Ibaraki, 305-8572, 1-1-1 Tennodai, Japan; Yoshida Y., Graduate School of Life and Environmental Sciences, University of Tsukuba, Tsukuba, Ibaraki, 305-8572, 1-1-1 Tennodai, Japan; Ohsawa R., Graduate School of Life and Environmental Sciences, University of Tsukuba, Tsukuba, Ibaraki, 305-8572, 1-1-1 Tennodai, Japan","The morphological variations (growth habit, leaf shape, leaf color, height, stem diameter, number of branches and internodes, leaf area, blade ratio, leaf thickness, number of leaves, and total leaf area) and protein content of 53 Indonesian amaranths (Amaranthus spp.), consisting of weedy-, vegetable-, and ornamental-types, were assessed. The extent of variation in the Indonesian Amaranthus accessions were compared with the worldwide collection (26 accessions from United States Department of Agriculture (USDA) and 5 ornamentals from Nepal) in the experimental field of the University of Tsukuba, Japan. The variation in average values of most morphological traits and protein content in the Indonesian accessions were similar to those of the worldwide germplasm, but the important parameters that influence vegetable yield (e.g., number of leaves and stem diameter) were superior in the Indonesian accessions. Protein content showed a positive correlation with the number of leaves, whereas a negative correlation was observed with leaf thickness. The Indonesian accession of A. viridis and A. dubius showed a great potential to be further selected as parental lines for high protein content and number of leaves. The relatively high protein content of the leaves of Celosia may also potentially serve as an alternative protein source in the tropics. © 2013 The Author(s).",Amaranthus; Celosia; Morphological diversity; Vegetable,Indonesia; Amaranthus; Amaranthus caudatus; Amaranthus dubius; Amaranthus viridis; Celosia; crop yield; genetic differentiation; germplasm; leaf morphology; perennial plant; protein; stem; vegetable,"R. Ohsawa; Graduate School of Life and Environmental Sciences, University of Tsukuba, Tsukuba, Ibaraki, 305-8572, 1-1-1 Tennodai, Japan; email: osawa.ryo.gt@u.tsukuba.ac.jp",NA,NA,09259864,NA,GRCEE,NA,English,Genet. Resour. Crop. Evol.,Article,Final,All Open Access; Green Open Access; Hybrid Gold Open Access,Scopus,2-s2.0-84885864946
4,Kaur S.; Singh N.; Rana J.C.,"Kaur, Shubhpreet (55424445500); Singh, Narpinder (35446545200); Rana, Jai Chand (24173806200)",55424445500; 35446545200; 24173806200,"Amaranthus hypochondriacus and Amaranthus caudatus germplasm: Characteristics of plants, grain and flours",2010,Food Chemistry,123,4,NA,1227,1234,58,10.1016/j.foodchem.2010.05.091,https://www.scopus.com/pages/publications/77954952743?origin=resultslist,"Department of Food Science and Technology, Guru Nanak Dev University, Amritsar 143005, India; National Bureau of Plant Genetic Resources, Phagli, Shimla 171004, HP, Regional Station, India","Kaur S., Department of Food Science and Technology, Guru Nanak Dev University, Amritsar 143005, India; Singh N., Department of Food Science and Technology, Guru Nanak Dev University, Amritsar 143005, India; Rana J.C., National Bureau of Plant Genetic Resources, Phagli, Shimla 171004, HP, Regional Station, India","In the present study, the plant, grain and flour characteristics of 48 Amaranthus hypochondriacus and 11 Amaranthus caudatus lines are reported. A. hypochondriacus grains had a higher thousand kernel weight (0.62-0.88. g), a creamish yellow colour (L*=61.38-68.29, b*=5.26-6.8 and a*=19.71-23.84), whereas A. caudatus grains had a lower thousand kernel weight (0.46-0.70. g) and a reddish-brown colour (L*=47.1-51.2, b*=11.82-14.02 and a*=7.72-13.29). The A. caudatus lines had a higher protein content, fat content and tendency for retrogradation, and lower α-amylase activity as compared to A. hypochondriacus lines. The Amaranthus lines with higher a*-values and lower thousand kernel weight, L*- and b*-values, had a higher fat, crude fibre and protein content. The correlation of fat and crude fibre content with the thousand kernel weight, L*-, a*- and b*-values, was significant. The A. hypochondriacus lines showed higher pasting temperature, and lower peak viscosity, breakdown and setback, as compared to the A. caudatus lines. The result reflected that the lines with higher α-amylase activity showed a lower peak viscosity, breakdown, final viscosity and gel hardness, and a higher pasting temperature. © 2010 Elsevier Ltd.",Amaranthus caudatus; Amaranthus hypochondriacus; Composition; Flour; Grain; Pasting properties,Amaranthus; Amaranthus caudatus; Amaranthus hypochondriacus; amylase; adhesion; Amaranthus; Amaranthus caudatus; Amaranthus hypochondriacus; article; chemical composition; enzyme activity; fat content; flour; germplasm; grain; hardness; protein content; temperature; viscosity,"N. Singh; Department of Food Science and Technology, Guru Nanak Dev University, Amritsar 143005, India; email: narpinders@yahoo.com",NA,NA,03088146,NA,FOCHD,NA,English,Food Chem.,Article,Final,NA,Scopus,2-s2.0-77954952743
4,Slabbert R.; Van Den Heever E.,"Slabbert, R. (16507645600); Van Den Heever, E. (6507103377)",16507645600; 6507103377,Selection of traditional crops for improved drought tolerance in leafy amaranth: Moving towards sustainable food supply,2007,Acta Horticulturae,752,NA,NA,281,286,6,10.17660/ActaHortic.2007.752.46,https://www.scopus.com/pages/publications/70449338397?origin=resultslist,"Department of Crop Sciences, Tshwane University of Technology, Pretoria 0001, P/B X680, South Africa; Vegetable and Ornamental Plant Institute, Pretoria 0001, ARC-Roodeplaat P/B X293, South Africa","Slabbert R., Department of Crop Sciences, Tshwane University of Technology, Pretoria 0001, P/B X680, South Africa; Van Den Heever E., Vegetable and Ornamental Plant Institute, Pretoria 0001, ARC-Roodeplaat P/B X293, South Africa","The germplasm of 33 amaranth collections from different local communities in South Africa, as well as a few promising imported amaranth collections were subjected to various screening methods to determine the levels and traits of drought tolerance. Plants use different mechanisms to cope with changes in the abiotic environment, including cellular, developmental as well as biochemical traits. The different screening techniques for drought tolerance that were selected include turgor maintenance (relative water content (RWC) and leaf area (LA)), osmoprotection (proline production), plant productivity (chlorophyll fluorescence during photosynthesis) and early drought tolerance. The five most drought tolerant species were identified and are currently being introduced to several communities in South Africa. This forms part of a project that will contribute to the development of improved traditional crops for food production and quality for subsistence farmers in areas with low precipitation or variable rainfall patterns.",Amaranthus; Drought tolerance; Subsistence farmers; Traditional crops,Amaranthus; Amaranthus caudatus,NA,NA,International Society for Horticultural Science,05677572,NA,NA,NA,English,Acta Hortic.,Conference paper,Final,NA,Scopus,2-s2.0-70449338397
4,Espitia-Rangel E.; Escobedo-López D.; Núñez-Colín C.A.; Aguilar-Delgado M.J.; Rivas-Valencia P.; Sesma-Hernández L.F.,"Espitia-Rangel, Eduardo (25027203000); Escobedo-López, Diana (55315342900); Núñez-Colín, Carlos A. (13411242200); Aguilar-Delgado, Miriam J. (57215912132); Rivas-Valencia, Patricia (56002730300); Sesma-Hernández, Luisa F. (57284221900)",25027203000; 55315342900; 13411242200; 57215912132; 56002730300; 57284221900,CONFIRMATION OF GRAIN AMARANTH (Amaranthus spp.) LANDRACES BY CANONICAL DISCRIMINANT ANALYSIS; [CONFIRMACIÓN DE RAZAS GEOGRÁFICAS DE AMARANTO (Amaranthus spp.) POR ANÁLISIS DISCRIMINANTE CANÓNICO],2020,Agrociencia,54,7,NA,927,937,3,10.47163/agrociencia.v54i7.2243,https://www.scopus.com/pages/publications/85116387248?origin=resultslist,"Instituto Nacional de Investigaciones Forestales Agrícolas y Pecuarias, Campo Experimental Valle de México, Km.13.5 de la Carretera los Reyes-Texcoco, Coatlinchán, Texcoco, 56250, Estado de México, Mexico; Instituto Nacional de Investigaciones Forestales Agrícolas y Pecuarias, Campo Experimental Bajío, Km 6.5 Carretera Celaya-San Miguel de Allende, Roque, Celaya, 38110, Guanajuato, Mexico; Universidad de Guanajuato, Programa de Ingeniería en Biotecnología, Mutualismo #303 Esquina Prolongación Rio Lerma, Colonia La Suiza, Apartado Postal 91, Celaya, 38060, Guanajuato, Mexico","Espitia-Rangel E., Instituto Nacional de Investigaciones Forestales Agrícolas y Pecuarias, Campo Experimental Valle de México, Km.13.5 de la Carretera los Reyes-Texcoco, Coatlinchán, Texcoco, 56250, Estado de México, Mexico; Escobedo-López D., Instituto Nacional de Investigaciones Forestales Agrícolas y Pecuarias, Campo Experimental Bajío, Km 6.5 Carretera Celaya-San Miguel de Allende, Roque, Celaya, 38110, Guanajuato, Mexico; Núñez-Colín C.A., Universidad de Guanajuato, Programa de Ingeniería en Biotecnología, Mutualismo #303 Esquina Prolongación Rio Lerma, Colonia La Suiza, Apartado Postal 91, Celaya, 38060, Guanajuato, Mexico; Aguilar-Delgado M.J., Instituto Nacional de Investigaciones Forestales Agrícolas y Pecuarias, Campo Experimental Valle de México, Km.13.5 de la Carretera los Reyes-Texcoco, Coatlinchán, Texcoco, 56250, Estado de México, Mexico; Rivas-Valencia P., Instituto Nacional de Investigaciones Forestales Agrícolas y Pecuarias, Campo Experimental Valle de México, Km.13.5 de la Carretera los Reyes-Texcoco, Coatlinchán, Texcoco, 56250, Estado de México, Mexico; Sesma-Hernández L.F., Instituto Nacional de Investigaciones Forestales Agrícolas y Pecuarias, Campo Experimental Valle de México, Km.13.5 de la Carretera los Reyes-Texcoco, Coatlinchán, Texcoco, 56250, Estado de México, Mexico","Grain amaranth refers to three species of genus Amaranthus (Amaranthus cruentus, A. hypochondriacus, and A. caudatus), which show a high morphological diversity, which is why it is treated since the 1990s to differentiate landraces and to contribute to the breeding programs. The aim of this investigation was to evaluate 53 genotypes within the native landraces: Aztec, Mercado, Mixtec, Nepal (A. hypochondriacus), African, Guatemalan, Mexican (A. cruentus), and South American (A. caudatus) using morphological and phenological traits. INIFAP- CEVAMEX accessions were used and planted at Santa Lucía de Prías, México (2013 spring-summer growing cycle) in order to record phenological and morphological data. Seeds were digitalized and analysed on ImageTool. Then, the Mahalanobis distance, a canonical discriminant analysis using landraces as classificatory variable, a MANOVA, and a Tukey mean comparison for canonical roots were performed; all analyses were processed on SAS. The canonical discriminant analysis perfectly distinguished the landraces, which was grouped according to the species. The main traits to distinguish the groups for Canonical Root 1 were traits related to phenology and plant morphology; for Canonical Root 2, traits related to shape of the seed, and for Canonical Root 3, traits related to size of the seed. Classification by landraces of the Mexican species of grain amaranth may be an alternative for systematics, conservation, management, and germplasm ordination for crop improvement. © 2020. All rights reserved.",Amaranthus landraces; canonical discriminant analysis; germplasm characterization; morphology; systematics,NA,"P. Rivas-Valencia; Instituto Nacional de Investigaciones Forestales Agrícolas y Pecuarias, Campo Experimental Valle de México, Texcoco, Km.13.5 de la Carretera los Reyes-Texcoco, Coatlinchán, 56250, Mexico; email: rivas.patricia07@gmail.com",NA,Colegio de Postgraduados,14053195,NA,NA,NA,English,Agrociencia,Article,Final,NA,Scopus,2-s2.0-85116387248
4,Schafleitner R.; Lin Y.-P.; Dinssa F.F.; N'Danikou S.; Finkers R.; Minja R.; Abukutsa-Onyango M.; Nyonje W.A.; Lin C.-Y.; Wu T.-H.; Sigalla J.P.; van Zonneveld M.; Hsiao Y.-Y.; Kumar S.; Wu W.-J.; Wang H.-I.; Lin S.; Yang R.-Y.,"Schafleitner, Roland (16064549900); Lin, Ya-ping (57217331221); Dinssa, Fekadu Fufa (56737073100); N'Danikou, Sognigbé (37077637600); Finkers, Richard (15839717800); Minja, Ruth (56024949100); Abukutsa-Onyango, Mary (35304568500); Nyonje, Winnie Akinyi (57223924357); Lin, Chen-yu (55584790400); Wu, Tien-hor (57194552641); Sigalla, Jeremiah Phanuel (57561987500); van Zonneveld, Maarten (26024021000); Hsiao, Yun-yin (57222276261); Kumar, Sanjeet (57209815598); Wu, Wan-jen (57194385560); Wang, Hsin-I (57204001718); Lin, Shou (57562186000); Yang, Ray-yu (55215681500)",16064549900; 57217331221; 56737073100; 37077637600; 15839717800; 56024949100; 35304568500; 57223924357; 55584790400; 57194552641; 57561987500; 26024021000; 57222276261; 57209815598; 57194385560; 57204001718; 57562186000; 55215681500,The World Vegetable Center Amaranthus germplasm collection: Core collection development and evaluation of agronomic and nutritional traits,2022,Crop Science,62,3,NA,1173,1187,28,10.1002/csc2.20715,https://www.scopus.com/pages/publications/85127544949?origin=resultslist,"World Vegetable Center, P.O. Box 42, Shanhua, 74199, Taiwan; World Vegetable Center, Eastern and Southern Africa, Duluti, PO Box 10, Arusha, Tanzania; Dep. of Plant Breeding, Wageningen Univ. and Research, P.O. Box 16, Wageningen, 6700, Netherlands; Mikocheni Agricultural Research Institute, P.O. Box 6226, Dar es Salaam, Tanzania; Jomo Kenyatta University of Agriculture and Technology, P.O. Box 62 000 – 00200, Nairobi, Kenya; Global Health Program, National Taiwan University, No. 17 Xuzhou Rd., Zhongzheng District, Taipei, 100025, Taiwan","Schafleitner R., World Vegetable Center, P.O. Box 42, Shanhua, 74199, Taiwan; Lin Y.-P., World Vegetable Center, P.O. Box 42, Shanhua, 74199, Taiwan; Dinssa F.F., World Vegetable Center, Eastern and Southern Africa, Duluti, PO Box 10, Arusha, Tanzania; N'Danikou S., World Vegetable Center, Eastern and Southern Africa, Duluti, PO Box 10, Arusha, Tanzania; Finkers R., Dep. of Plant Breeding, Wageningen Univ. and Research, P.O. Box 16, Wageningen, 6700, Netherlands; Minja R., Mikocheni Agricultural Research Institute, P.O. Box 6226, Dar es Salaam, Tanzania; Abukutsa-Onyango M., Jomo Kenyatta University of Agriculture and Technology, P.O. Box 62 000 – 00200, Nairobi, Kenya; Nyonje W.A., Jomo Kenyatta University of Agriculture and Technology, P.O. Box 62 000 – 00200, Nairobi, Kenya; Lin C.-Y., World Vegetable Center, P.O. Box 42, Shanhua, 74199, Taiwan; Wu T.-H., World Vegetable Center, P.O. Box 42, Shanhua, 74199, Taiwan; Sigalla J.P., World Vegetable Center, Eastern and Southern Africa, Duluti, PO Box 10, Arusha, Tanzania; van Zonneveld M., World Vegetable Center, P.O. Box 42, Shanhua, 74199, Taiwan; Hsiao Y.-Y., World Vegetable Center, P.O. Box 42, Shanhua, 74199, Taiwan; Kumar S., World Vegetable Center, P.O. Box 42, Shanhua, 74199, Taiwan; Wu W.-J., World Vegetable Center, P.O. Box 42, Shanhua, 74199, Taiwan; Wang H.-I., World Vegetable Center, P.O. Box 42, Shanhua, 74199, Taiwan; Lin S., World Vegetable Center, P.O. Box 42, Shanhua, 74199, Taiwan; Yang R.-Y., Global Health Program, National Taiwan University, No. 17 Xuzhou Rd., Zhongzheng District, Taipei, 100025, Taiwan","Amaranth (Amaranthus spp.) is an underutilized crop increasing in popularity as a grain and as a leafy vegetable. It is rich in protein, minerals, and vitamins, and adapts well to a range of production systems. Currently, the lack of improved cultivars limits the use of the crop. Breeding-improved cultivars requires access to large collections of amaranth biodiversity stored in genebanks. The task of searching such vast collections for traits of interest can be eased by generating core collections, which display the diversity of large collections in a much smaller germplasm set. The World Vegetable Center amaranth collection contains around 1,000 accessions of 13 species; among them, there are 281 accessions of four species important for use as vegetable amaranth in Africa (A. cruentus, A. hypochondriacus, A. caudatus, and A. dubius). Based on single nucleotide polymorphism (SNP) marker genotype diversity, a core collection (CC) of 76 accessions, cultivars, and selections was assembled. To a large extent, it represents the diversity of the whole collection. The CC was evaluated for yield and nutritional parameters during the cool and warm seasons in Tanzania and Taiwan and a pretest for variation of drought tolerance in the CC has been performed. Cultivar Madiira 2, an improved cultivar developed for vegetable production in Africa, outperformed all other tested cultivars in terms of yield stability, but several CC accessions had higher yield, lower wilting score, and higher nutrient content than Madiira 2. This indicates the core collection can be used for further improvement of amaranth cultivars. © 2022 The Authors. Crop Science published by Wiley Periodicals LLC on behalf of Crop Science Society of America.",NA,NA,"R. Schafleitner; World Vegetable Center, Shanhua, P.O. Box 42, 74199, Taiwan; email: roland.schafleitner@worldveg.org",NA,John Wiley and Sons Inc,0011183X,NA,CRPSA,NA,English,Crop Sci.,Article,Final,All Open Access; Green Open Access; Hybrid Gold Open Access,Scopus,2-s2.0-85127544949
4,Patel K.S.; Parihar A.; Gami R.A.; Chaurasia P.; Patel P.J.; Chauhan R.M.,"Patel, K.S. (58413153000); Parihar, A. (35756270900); Gami, R.A. (49963379000); Chaurasia, Pratibha (59428913600); Patel, P.J. (57206254855); Chauhan, R.M. (35837378800)",58413153000; 35756270900; 49963379000; 59428913600; 57206254855; 35837378800,Molecular Characterization in Grain Amanranthus (Amaranthus spp.) using RAPD marker,2014,Research Journal of Biotechnology,9,2,NA,29,35,2,NA,https://www.scopus.com/pages/publications/84894676400?origin=resultslist,"Department of Genetics and Plant Breeding, C. P. College of Agriculture, S. D. Agricultural University, Sardarkrushinagar-385 506, India; Department of Agricultural Biotechnology, Centre of Excellence in Biotechnology Anand Agricultural University, Anand-388110, India","Patel K.S., Department of Genetics and Plant Breeding, C. P. College of Agriculture, S. D. Agricultural University, Sardarkrushinagar-385 506, India; Parihar A., Department of Agricultural Biotechnology, Centre of Excellence in Biotechnology Anand Agricultural University, Anand-388110, India; Gami R.A., Department of Genetics and Plant Breeding, C. P. College of Agriculture, S. D. Agricultural University, Sardarkrushinagar-385 506, India; Chaurasia P., Department of Genetics and Plant Breeding, C. P. College of Agriculture, S. D. Agricultural University, Sardarkrushinagar-385 506, India; Patel P.J., Department of Genetics and Plant Breeding, C. P. College of Agriculture, S. D. Agricultural University, Sardarkrushinagar-385 506, India; Chauhan R.M., Department of Genetics and Plant Breeding, C. P. College of Agriculture, S. D. Agricultural University, Sardarkrushinagar-385 506, India","RAPD assessment on genetic variation of total 58 accessions comprising 15 parental genotypes and their 43 F1 hybrids of grain Amaranthus were analyzed. Among the 40 tested primers, four primers viz. OPA-06, OPA-10, OPA-14 and OPA-15 were able to discriminate all the genotypes sufficiently. In RAPD analysis, at the intraspecific level, the percentages of RAPD polymorphism were found to be 71.43 (A. hypochondriacus), 100 (A. cruentus), 100 (A. caudatus), 75.76 [IC-1733 (A. edulis)] and 84.85 [SKGPA-144 (A. tricolor)] and hybrids showed varied degree of polymorphism ranging from 42.86 to 71.43 per cent. The population matrix showed that allele at SKGPA-144 (Amaranthus tricolor) and F1 hybrids have maximum genetic distance of 0.742 to 0.962 in all populations while population IC-1733 (Amaranthus edulis) has minimum genetic distance among all the germplasm. The lowest and the maximum genetic distance of IC-1733(Amaranthus edulis) was 0.663 and 0.720 respectively to all populations. It further matches the pattern of allelic frequency distribution where SKGPA-144(Amaranthus tricolor) and F1 have remarkable high polymorphism.",Genomic DNA; Polymorphism and genetic variation; RAPD,NA,NA,NA,NA,22784535,NA,NA,NA,English,Res. J. Biotechnol.,Article,Final,NA,Scopus,2-s2.0-84894676400
4,Rivelli A.R.; Gherbin P.; de Maria S.; Pizza S.,"Rivelli, Anna Rita (9734151700); Gherbin, Piergiorgio (15843024900); de Maria, Susanna (36054465000); Pizza, Salvatore (16556372300)",9734151700; 15843024900; 36054465000; 16556372300,Field evaluation of Amaranthus species for seed and biomass yields in southern Italy,2008,Italian Journal of Agronomy,3,3,NA,225,229,18,10.4081/ija.2008.225,https://www.scopus.com/pages/publications/84857322190?origin=resultslist,"Department of Crop Systems, Forestry and Environmental Sciences, University of Basilicata, 85100 Potenza, Viale dell'Ateneo Lucano, 10, Italy","Rivelli A.R., Department of Crop Systems, Forestry and Environmental Sciences, University of Basilicata, 85100 Potenza, Viale dell'Ateneo Lucano, 10, Italy; Gherbin P., Department of Crop Systems, Forestry and Environmental Sciences, University of Basilicata, 85100 Potenza, Viale dell'Ateneo Lucano, 10, Italy; de Maria S., Department of Crop Systems, Forestry and Environmental Sciences, University of Basilicata, 85100 Potenza, Viale dell'Ateneo Lucano, 10, Italy; Pizza S., Department of Crop Systems, Forestry and Environmental Sciences, University of Basilicata, 85100 Potenza, Viale dell'Ateneo Lucano, 10, Italy","Amaranth is a crop with a potentially increasing cultivation area. Little information is available on amaranth cultivation in Mediterranean environments and in southern Italy. The aim of this study was to evaluate the agronomic traits and assess the grain and biomass yield responses of 11 genotypes belonging to 5 Amaranthus species, provided from the USDA-ARS, National Plant Germplasm System. There was wide diversity in agronomic traits among Amaranthus species and among genotypes within the same species. The accessions belonging to A. cruentus had the shortest growing cycle followed by A. hybridus, A. hypochondriacus, A. caudatus and, finally, A. hybrid that had the longest growing season. The A. cruentus accessions reached maturity more quickly than the other species. The total above-ground dry matter ranged from 15 to 23 t ha-1 with A. cruentus, A. hypochondriacus, and A. hybridus being the most productive. The stem plus branches dry matter was well correlated to the plant height (r2 = 0.75**). The tested amaranth genotypes showed appreciable biomass production that can thus be regarded as an interesting secondary product after seed harvesting. Grain yield and components varied among species and accessions. A. hypochondriacus showed the highest yield per plant (55.4 g) followed by five accessions belonging to A. cruentus and A. hybridus (26.4 g on average). Considering together their shorter growing season and their higher grain production, the five accessions belonging to A. cruentus species appear to be better adapted to Mediterranean environments and southern Italy as compared to the other species.",Agronomic traits; Amaranth species; Growing cycle; Mediterranean environment,Amaranthus; Amaranthus caudatus; Amaranthus cruentus; Amaranthus hybridus; Amaranthus hypochondriacus,"A. R. Rivelli; Department of Crop Systems, Forestry and Environmental Sciences, University of Basilicata, 85100 Potenza, Viale dell'Ateneo Lucano, 10, Italy; email: annarita.rivelli@unibas.it",NA,Page Press Publications,11254718,NA,NA,NA,English,Ital. J. Agron.,Article,Final,All Open Access; Gold Open Access; Green Open Access,Scopus,2-s2.0-84857322190
4,Ray T.; Roy S.C.,"Ray, Tui (8227083900); Roy, Satyesh Chandra (55476505000)",8227083900; 55476505000,Genetic diversity of amaranthus species from the indo-gangetic plains revealed by RAPD analysis leading to the development of ecotype-specific SCAR marker,2009,Journal of Heredity,100,3,NA,338,347,49,10.1093/jhered/esn102,https://www.scopus.com/pages/publications/65349146597?origin=resultslist,"Department of Botany, Centre of Advanced Study, University of Calcutta, Kolkata 700019, Ballygunge Circular Road, India; Plant Biology Division, Samuel Roberts Noble Foundation, Ardmore, OK 73401, 2510 Sam Noble Parkway, United States","Ray T., Department of Botany, Centre of Advanced Study, University of Calcutta, Kolkata 700019, Ballygunge Circular Road, India; Roy S.C., Department of Botany, Centre of Advanced Study, University of Calcutta, Kolkata 700019, Ballygunge Circular Road, India, Plant Biology Division, Samuel Roberts Noble Foundation, Ardmore, OK 73401, 2510 Sam Noble Parkway, United States","Genetic diversity and relationships among 6 Amaranthus species from 8 phytogeographic regions of the Indo-Gangetic plains were analyzed using a random amplified polymorphic DNA (RAPD) marker. RAPD primers yielded a total of 262 amplicons, ranging from ∼250 to ∼3000 bp in size with an average of 13.1 amplicons per primer, of which 254 amplicons (96.94%) were polymorphic. The genetic similarity coefficient among all the Amaranthus species ranged from 0.16 to 0.97 with a mean similarity coefficient of 0.56, indicating that variation existed in the genetic diversity of different populations. In the unweighted pair group method with arithmetic average dendrogram, populations of the same species clustered together. A unique 1371-bp RAPD band specific for Amaranthus gangeticus (syn. tricolor) of a particular phytogeographic region was converted to a sequenced characterized amplified region (SCAR) marker. The translated marker sequence showed homology with hemagglutinin protein. This SCAR marker is potentially useful for germplasm conservation and identification of amaranth ecotype. © 2009 The American Genetic Association. All rights reserved.",Amaranths; Ecotype; RAPD; SCAR,"Amaranthus; Base Sequence; DNA, Plant; Genes, Plant; Genetic Markers; Genetic Variation; India; Molecular Sequence Data; Phylogeny; Random Amplified Polymorphic DNA Technique; Amaranthus; Amaranthus caudatus; Amaranthus tricolor; DNA marker; genomic DNA; hemagglutinin; Amaranthus; amplicon; article; controlled study; ecotype; gene cluster; genetic variability; marker gene; nonhuman; nucleotide sequence; phylogenetic tree; phytogeography; population genetics; priority journal; random amplified polymorphic DNA; sequence characterized amplified region; sequence homology","S. C. Roy; Department of Botany, Centre of Advanced Study, University of Calcutta, Kolkata 700019, Ballygunge Circular Road, India; email: scroy_caluniv@yahoo.com",NA,NA,14657333,NA,JOHEA,19060233,English,J. Hered.,Article,Final,NA,Scopus,2-s2.0-65349146597
4,Gupta V.K.; Gudu S.,"Gupta, V.K. (57225942079); Gudu, S. (6507787406)",57225942079; 6507787406,Interspecific hybrids and possible phylogenetic relations in grain amaranths,1991,Euphytica,52,1,NA,33,38,39,10.1007/BF00037854,https://www.scopus.com/pages/publications/0002374671?origin=resultslist,"Department of Crop Science, University of Nairobi, Nairobi, P.O. Box 30197, Kenya","Gupta V.K., Department of Crop Science, University of Nairobi, Nairobi, P.O. Box 30197, Kenya; Gudu S., Department of Crop Science, University of Nairobi, Nairobi, P.O. Box 30197, Kenya","Phylogenetic relations among the three species in grain amaranth need investigation to provide information for breeding experiments germplasm conservation efforts, and decision on evolutionary patterns in the grain types. Hybrid development from crosses between species was studied to find out genetic relationship between them. Interspecific crosses were made among Amaranthus hypochondriacus, A. caudatus and A. cruentus in the glasshouse. The F1 plants were relatively easy to obtain but had low pollen fertility (10.3-15.1%) and low seed set. A few of these hybrids did not produce seeds. Only a few F1 seeds obtained in crosses between A. cruentus and A. caudatus. All the F1 plants from these crosses died at the seedling stage. Crosses between A. cruentus and A. hypochondriacus produced few seeds. Most of the F1 plants obtained from the seeds died at the seedling stage with only four plants growing to maturity but were sterile. Based on hybrid development, it was suggested that A. hypochondriacus and A. caudatus were genetically closer than the other two combinations of species studied. A. cruentus seemed to be genetically closer to A. hypochondriacus than it was to A. caudatus. © 1991 Kluwer Academic Publishers.",Amaranthus species; grain amaranths; interspecific hybrids; phylogenetic relationships,NA,NA,NA,Kluwer Academic Publishers,15735060,NA,EUPHA,NA,English,Euphytica,Article,Final,NA,Scopus,2-s2.0-0002374671
4,Thapa R.; Blair M.W.,"Thapa, Ranjita (57204781156); Blair, Matthew W. (7102440302)",57204781156; 7102440302,Morphological assessment of cultivated and wild amaranth species diversity,2018,Agronomy,8,11,272,NA,NA,55,10.3390/agronomy8110272,https://www.scopus.com/pages/publications/85057098840?origin=resultslist,"Department of Agriculture and Environmental Sciences, College of Agriculture, Tennessee State University, Nashville, 37209, TN, United States; Department of Soil and Crop Sciences, College of Agriculture and Life Sciences, Texas A and M University, College Station, 77843, TX, United States","Thapa R., Department of Agriculture and Environmental Sciences, College of Agriculture, Tennessee State University, Nashville, 37209, TN, United States, Department of Soil and Crop Sciences, College of Agriculture and Life Sciences, Texas A and M University, College Station, 77843, TX, United States; Blair M.W., Department of Agriculture and Environmental Sciences, College of Agriculture, Tennessee State University, Nashville, 37209, TN, United States","Amaranthus L. is genus of C4 dicotyledonous herbaceous plants comprising approximately 70 species, with three subgenera, which contains both cultivated and wild types, where cultivated ones are used for food grains, leafy vegetables, potential forages and ornamentals. Grain amaranth are pseudocereals from three species domesticated in North and South America and are notable for containing high amount of protein and minerals and balanced amino acid in their small seeds. Genetic diversity analysis of amaranths is important for development of core set of germplasm with widely diverse population and effective utilization of plant genetic resources. In this study, we evaluated a germplasm collection of 260 amaranth accessions from United State Department of Agriculture (USDA) and 33 accessions from Seed Savers’ Exchange (SSE). We evaluated morphological traits like blade pigmentation, blade shape, petiole pigmentation, branching index, flower color, stem color, inflorescence density, inflorescence shape, terminal inflorescence attitude, plant height and yield characteristics across all 293 accessions. We compared clustering within the USDA and SSE collection and across both collections. Data analysis of morphological data showed significant difference of petiole pigmentation, stem color, blade pigmentation, blade shape and flower color across different clusters of accessions of USDA unlike among different clusters of SSE where we found significant difference of only blade pigmentation, blade shape and flower color. The relationship depicted by neighbor-joining dendogram using the morphological markers was consistent with some but not all of the differences observed between species. Some divisions were found between cultivated and weedy amaranths that was substantiated by morphological characteristics but no separation of South and Central American species was observed. Substantial phenotypic plasticity limits the use of morphological analysis for phylogenetic analysis but does show that important morphological traits such as inflorescence type and plant architecture can cross species boundaries. Similarly, color variants for leaves, flowers and seeds are not exclusive to one cluster in our study nor to one species and can be used widely for breeding any of the cultigens, but not to species identification. Our findings will help in germplasm conservation of grain amaranths and facilitate in this crop’s improvement. It will also help on developing effective breeding programs involving different plant characteristics and morphological traits of Amaranths. © 2018 by the authors.",A. cruentus L.; A. hypochondriacus L.; Amaranthus caudatus L.; Ancient grains; Diversity analysis; Domesticates; Pseudocereals,NA,"M.W. Blair; Department of Agriculture and Environmental Sciences, College of Agriculture, Tennessee State University, Nashville, 37209, United States; email: mblair@tnstate.edu",NA,MDPI AG,20734395,NA,NA,NA,English,Agronomy,Article,Final,All Open Access; Gold Open Access; Green Open Access,Scopus,2-s2.0-85057098840
4,Ochieng J.; Schreinemachers P.; Ogada M.; Dinssa F.F.; Barnos W.; Mndiga H.,"Ochieng, Justus (37462018900); Schreinemachers, Pepijn (12039428300); Ogada, Maurice (55990751400); Dinssa, Fekadu Fufa (56737073100); Barnos, William (57205741345); Mndiga, Hassan (11639049700)",37462018900; 12039428300; 55990751400; 56737073100; 57205741345; 11639049700,Adoption of improved amaranth varieties and good agricultural practices in East Africa,2019,Land Use Policy,83,NA,NA,187,194,59,10.1016/j.landusepol.2019.02.002,https://www.scopus.com/pages/publications/85061405437?origin=resultslist,"World Vegetable Center, Eastern and Southern Africa, P.O. Box 10 Duluti, Arusha, Tanzania; World Vegetable Center, East and Southeast Asia, (Kasetsart University), P.O. Box 1010, Bangkok, 10903, Thailand; Taita Taveta University, P.O. Box 635-80300, Voi, Kenya; Moshi Cooperative University (MoCU), P. O. Box 474, Moshi, Tanzania; Horticultural Research and Training Institute (Hort Tengeru), Arusha, Tanzania","Ochieng J., World Vegetable Center, Eastern and Southern Africa, P.O. Box 10 Duluti, Arusha, Tanzania; Schreinemachers P., World Vegetable Center, East and Southeast Asia, (Kasetsart University), P.O. Box 1010, Bangkok, 10903, Thailand; Ogada M., Taita Taveta University, P.O. Box 635-80300, Voi, Kenya; Dinssa F.F., World Vegetable Center, Eastern and Southern Africa, P.O. Box 10 Duluti, Arusha, Tanzania; Barnos W., Moshi Cooperative University (MoCU), P. O. Box 474, Moshi, Tanzania; Mndiga H., World Vegetable Center, Eastern and Southern Africa, P.O. Box 10 Duluti, Arusha, Tanzania, Horticultural Research and Training Institute (Hort Tengeru), Arusha, Tanzania","This study quantifies the adoption of improved amaranth varieties in Kenya and Tanzania, and the extent to which these result from international vegetable breeding research conducted by the World Vegetable Center (WorldVeg) and partners. The study used expert elicitation and a questionnaire survey among vegetable seed producers. Nine expert panels were conducted involving 123 local experts. The results show that improved amaranth varieties were planted on 51% of the planted area in Kenya and 70% in Tanzania. Improved varieties were planted on 17,502 ha and reached 404 thousand smallholder farmers. WorldVeg is the main source of improved varieties, reaching 231 thousand farm households in Kenya and Tanzania. Seed companies sold 2.9 tons of amaranth seed in 2016 and 59% of this was WorldVeg-based germplasm. Opportunities exist to improve amaranth production through the development and promotion of better varieties (particularly resistance to white rust and leaf spot) and good agronomic practices (particularly the use of certified seed, mineral fertilizers, seed treatment and nurseries). Investment in amaranth research and development will contribute to better livelihoods and better nutrition in sub-Saharan Africa. © 2019 The Authors",Expert elicitation; Impact; Kenya; Scaling; Tanzania; Technology adoption; Vegetables,Kenya; Tanzania; Albuginaceae; Amaranthus caudatus; agricultural practice; livelihood; nutrition; research and development; smallholder; technology adoption; vegetable,"J. Ochieng; World Vegetable Center, Eastern and Southern Africa, Arusha, P.O. Box 10 Duluti, Tanzania; email: justus.ochieng@worldveg.org",NA,Elsevier Ltd,02648377,NA,NA,NA,English,Land Use Policy,Article,Final,All Open Access; Hybrid Gold Open Access,Scopus,2-s2.0-85061405437
4,Suresh S.; Chung J.-W.; Cho G.-T.; Sung J.-S.; Park J.-H.; Gwag J.-G.; Baek H.-J.,"Suresh, S. (55359188300); Chung, J.-W. (12645833300); Cho, G.-T. (21733960100); Sung, J.-S. (34168456700); Park, J.-H. (55614618100); Gwag, J.-G. (15072851400); Baek, H.-J. (7006723838)",55359188300; 12645833300; 21733960100; 34168456700; 55614618100; 15072851400; 7006723838,Analysis of molecular genetic diversity and population structure in Amaranthus germplasm using SSR markers,2014,Plant Biosystems,148,4,NA,635,644,37,10.1080/11263504.2013.788095,https://www.scopus.com/pages/publications/84922147713?origin=resultslist,"National Agrobiodiversity Center, National Academy of Agricultural Science, Rural Development Administration, Suwon, South Korea","Suresh S., National Agrobiodiversity Center, National Academy of Agricultural Science, Rural Development Administration, Suwon, South Korea; Chung J.-W., National Agrobiodiversity Center, National Academy of Agricultural Science, Rural Development Administration, Suwon, South Korea; Cho G.-T., National Agrobiodiversity Center, National Academy of Agricultural Science, Rural Development Administration, Suwon, South Korea; Sung J.-S., National Agrobiodiversity Center, National Academy of Agricultural Science, Rural Development Administration, Suwon, South Korea; Park J.-H., National Agrobiodiversity Center, National Academy of Agricultural Science, Rural Development Administration, Suwon, South Korea; Gwag J.-G., National Agrobiodiversity Center, National Academy of Agricultural Science, Rural Development Administration, Suwon, South Korea; Baek H.-J., National Agrobiodiversity Center, National Academy of Agricultural Science, Rural Development Administration, Suwon, South Korea","We assessed the molecular genetic diversity and population structure of Amaranthus species accessions using 11 simple sequence repeat markers. A total of 122 alleles were detected, and the number of alleles per marker (NA) ranged from 6 to 21 with an average of 11.1 alleles. The frequency of major alleles per locus ranged from 0.148 to 0.695, with an average value of 0.496 per marker. The overall polymorphic information content values were 0.436–0.898, with an average value of 0.657. The observed heterozygosity (HO) and expected heterozygosity (HE) ranged from 0.056 to 0.876 and from 0.480 to 0.907, with average values of 0.287 and 0.698, respectively. The average HO (0.240) was lower than the HE and gene flow (Nm), and showed substantial genetic variability among all populations of amaranth accessions. The sample groupings did not strictly follow the geographic affiliations of the accessions. A similar pattern was obtained using model-based structure analysis without grouping by species type. Knowledge of the genetic diversity and population structure of amaranth can be used to select representative genotypes and manage Amaranthus germplasm breeding programs. © 2013, © 2013 Societá Botanica Italiana.",Amaranthus; AMOVA; genetic diversity; population structure; SSR marker,Amaranthus; Amaranthus caudatus,"H.-J. Baek; National Agrobiodiversity Center, National Academy of Agricultural Science, Rural Development Administration, Suwon, 441-853, South Korea; email: hjbaek@korea.kr",NA,Taylor and Francis Ltd.,11263504,NA,GBOIA,NA,English,Plant Biosyst.,Article,Final,NA,Scopus,2-s2.0-84922147713
4,Wu X.; Blair M.W.,"Wu, Xingbo (57157468200); Blair, Matthew W. (7102440302)",57157468200; 7102440302,Diversity in grain amaranths and relatives distinguished by genotyping by sequencing (GBS),2017,Frontiers in Plant Science,8,NA,1960,NA,NA,55,10.3389/fpls.2017.01960,https://www.scopus.com/pages/publications/85035762911?origin=resultslist,"Department of Agricultural and Environmental Sciences, Tennessee State University, Nashville, TN, United States","Wu X., Department of Agricultural and Environmental Sciences, Tennessee State University, Nashville, TN, United States; Blair M.W., Department of Agricultural and Environmental Sciences, Tennessee State University, Nashville, TN, United States","The genotyping by sequencing (GBS) method has become a molecular marker technology of choice for many crop plants because of its simultaneous discovery and evaluation of a large number of single nucleotide polymorphisms (SNPs) and utility for germplasm characterization. Genome representation and complexity reduction are the basis for GBS fingerprinting and can vary by species based on genome size and other sequence characteristics. Grain amaranths are a set of three species that were domesticated in the New World to be high protein, pseudo-cereal grain crops. The goal of this research was to employ the GBS technique for diversity evaluation in grain amaranth accessions and close relatives from six Amaranthus species and determine genetic differences and similarities between groupings. A total of 10,668 SNPs were discovered in 94 amaranth accessions with ApeKI complexity reduction and 10X genome coverage Illumina sequencing. The majority of the SNPs were species specific with 4,568 and 3,082 for the two grain amaranths originating in Central America Amaranthus cruentus and A. hypochondriacus and 3,284 found amongst both A. caudatus, originally domesticated in South America, and its close relative, A. quitensis. The distance matrix based on shared alleles provided information on the close relationships of the two cultivated Central American species with each other and of the wild and cultivated South American species with each other, as distinguished from the outgroup with two wild species, A. powellii and A. retroflexus. The GBS data also distinguished admixture between each pair of species and the geographical origins and seed colors of the accessions. The SNPs we discovered here can be used for marker development for future amaranth study. © 2017 Wu and Blair.",Domestication of amaranthus; Genetic diversity; Genotyping by sequencing (GBS); Population structure; Single nucleotide polymorphism (SNP) discovery,NA,"M.W. Blair; Department of Agricultural and Environmental Sciences, Tennessee State University, Nashville, United States; email: mblair@tnstate.edu",NA,Frontiers Media S.A.,1664462X,NA,NA,NA,English,Front. Plant Sci.,Article,Final,All Open Access; Gold Open Access; Green Open Access,Scopus,2-s2.0-85035762911
4,Vaidya K.R.; Jain S.K.,"Vaidya, K.R. (7003968828); Jain, S.K. (57193135921)",7003968828; 57193135921,Genetic variation in amaranth landraces from India,2002,Journal of Genetics and Breeding,56,3,NA,193,204,1,NA,https://www.scopus.com/pages/publications/0036770541?origin=resultslist,"Department of Life Sciences (Botany), University of the West Indies, Mona, Kingston 7, Jamaica; Dept. of Agronomy and Range Science, University of California, Davis, CA 95616, United States","Vaidya K.R., Department of Life Sciences (Botany), University of the West Indies, Mona, Kingston 7, Jamaica; Jain S.K., Dept. of Agronomy and Range Science, University of California, Davis, CA 95616, United States","Ten landrace populations of grain amaranths (Amaranthus hypochondriacus and A. caudatus) from two geographical regions of India were assessed for genetic variation in quantitative and qualitative characters. The quantitative characters were: leaf length, leaf width, petiole length, leaf number per plant, branch number per plant, plant height, days to flowering, inflorescence length and biomass. Significant differences for the quantitative characters were observed among these landrace populations in contrast to their largely monomorphic pattern of allozyme variation. Between - and within - family genetic variances (s2b and s2w) were estimated; between-family variances were significant for all metric characters. Evidence for heterozygosity within a large proportion of families was obtained from their segregation for qualitative characters including monogenic seedling color and digenic leaf marker traits. In fact, these landrace populations from northern India showed more intra- and inter-population variation than those sampled from the New World centers of origin. A discriminant analysis of quantitative variation further showed that the populations used in this study were genetically differentiated into at least two distinct regional groups. It appeared that an optimal germplasm collecting strategy should be based on both morphological and allozyme data: samples should include populations from many different geographical areas and from adequate numbers of individuals (e.g., 50-100 plants) per population, scored and harvested separately to provide data on heterozygote frequency as well as multigenic associations.",Amaranthus spp.; Genetic variation; Grain amaranth; Landrace populations,Amaranthus; Amaranthus caudatus; Amaranthus hypochondriacus; Embryophyta,NA,NA,NA,03949257,NA,JGBRE,NA,English,J. Genet. Breed.,Article,Final,NA,Scopus,2-s2.0-0036770541
4,Shukla A.; Srivastava N.; Suneja P.; Yadav S.K.; Hussain Z.; Rana J.C.; Yadav S.,"Shukla, Alka (55599090000); Srivastava, Nidhi (57189316141); Suneja, Poonam (6507860315); Yadav, Shiv K. (57200697897); Hussain, Zakir (58825680900); Rana, J.C. (24173806200); Yadav, Sangita (59194083400)",55599090000; 57189316141; 6507860315; 57200697897; 58825680900; 24173806200; 59194083400,Untapped amaranth (Amaranthus spp.) genetic diversity with potential for nutritional enhancement,2018,Genetic Resources and Crop Evolution,65,1,NA,243,253,22,10.1007/s10722-017-0526-0,https://www.scopus.com/pages/publications/85020291728?origin=resultslist,"Department of Bioscience and Biotechnology, Banasthali University, Rajasthan, 304022, India; Division of Seed Science and Technology, ICAR-IARI, New Delhi, 110012, India; Division of Vegetable Science, ICAR-IARI, New Delhi, 110012, India; Germplasm Evaluation Division, ICAR-NBPGR, New Delhi, 110012, India","Shukla A., Department of Bioscience and Biotechnology, Banasthali University, Rajasthan, 304022, India; Srivastava N., Department of Bioscience and Biotechnology, Banasthali University, Rajasthan, 304022, India; Suneja P., Germplasm Evaluation Division, ICAR-NBPGR, New Delhi, 110012, India; Yadav S.K., Division of Seed Science and Technology, ICAR-IARI, New Delhi, 110012, India; Hussain Z., Division of Vegetable Science, ICAR-IARI, New Delhi, 110012, India; Rana J.C., Germplasm Evaluation Division, ICAR-NBPGR, New Delhi, 110012, India; Yadav S., Division of Seed Science and Technology, ICAR-IARI, New Delhi, 110012, India","Significant genetic diversity was observed in 218 out of a total of 1309 accessions of amaranth (Amaranthus hypochondriacus L.) and its seven wild relatives, A. spinosus L., A. dubius Mart. ex Thell., A. hybridus L., A. tricolor L., A. cruentus L., A. caudatus L., A. retroflexus L. for 24 nutritional parameters including total oil content, fatty acid profile, total protein content and amino acid profile. Diversity for total oil content (6.42–12.53%), linoleic acid (25.68–54.34%), oleic acid (21.97–42.01%) of the total fatty acids, total protein content (7.84–18.01%), among important essential amino acids; lysine content (0.66–11.12 g/16 g N), methionine (0.35–4.80 g/16 g N) and half cystine and (0.12–8.32 g/16 g N) was reported. The un-weighted pair-group method using arithmetic average cluster analysis based on pair wise Euclidean genetic distance grouped the accessions into seven major clusters. Histidine, half cystine, tyrosine, essential amino acids, total oil content, linoleic acid and oleic acid content were the major parameters contributing significantly to genetic diversity. Present findings indicate that significant diversity exists for nutritional parameters in amaranth germplasm. The promising accessions with higher multiple nutritive traits; protein content (>16%), oil content (>11%), lysine content (>7.5 g/16 g N) and EAA higher than the FAO reported values, were identified. This is the first report on detailed nutritional analysis of diversity collected worldwide. These could be used as potential breeding material for nutritional enhancement through genetic improvement. This will help in overcoming the “triple burden” of malnourishment, hidden hunger, and obesity. © 2017, Springer Science+Business Media Dordrecht.",Amaranthus spp; Amino acid profiling; Fatty acid profiling; Genetic diversity; Oil; Protein,Amaranthus; Amaranthus caudatus; Amaranthus cruentus; Amaranthus dubius; Amaranthus hybridus; Amaranthus hypochondriacus; Amaranthus retroflexus; Amaranthus spinosus; Amaranthus tricolor; amino acid; angiosperm; biochemical composition; fatty acid; genetic variation; germplasm; nutrient dynamics; oil; phytochemistry; protein; wild population,"S. Yadav; Division of Seed Science and Technology, ICAR-IARI, New Delhi, 110012, India; email: sangitaydv@gmail.com",NA,Springer Netherlands,09259864,NA,GRCEE,NA,English,Genet. Resour. Crop. Evol.,Article,Final,NA,Scopus,2-s2.0-85020291728
4,Costea M.; Brenner D.M.; Tardif F.J.; Tan Y.F.; Sun M.,"Costea, M. (57203030081); Brenner, D.M. (7201995759); Tardif, F.J. (7003938941); Tan, Y.F. (56326597300); Sun, M. (7403181447)",57203030081; 7201995759; 7003938941; 56326597300; 7403181447,Delimitation of Amaranthus cruentus L. and Amaranthus caudatus L. using micromorphology and AFLP analysis: An application in germplasm identification,2006,Genetic Resources and Crop Evolution,53,8,NA,1625,1633,37,10.1007/s10722-005-2288-3,https://www.scopus.com/pages/publications/33845353895?origin=resultslist,"Department of Biology, Wilfrid Laurier University, Waterloo, Ont. N2L3C5, 75 University Avenue West, Canada; Department of Agronomy, Plant Introduction Station, Iowa State University, Ames, IA 50011-1170, United States; Department of Plant Agriculture, University of Guelph, Guelph, Ont. N1G2W1, Canada; Departments of Botany and Zoology, University of Hong Kong, Hong Kong, Hong Kong","Costea M., Department of Biology, Wilfrid Laurier University, Waterloo, Ont. N2L3C5, 75 University Avenue West, Canada; Brenner D.M., Department of Agronomy, Plant Introduction Station, Iowa State University, Ames, IA 50011-1170, United States; Tardif F.J., Department of Plant Agriculture, University of Guelph, Guelph, Ont. N1G2W1, Canada; Tan Y.F., Departments of Botany and Zoology, University of Hong Kong, Hong Kong, Hong Kong; Sun M., Departments of Botany and Zoology, University of Hong Kong, Hong Kong, Hong Kong","The 'Morelos' accessions of Amaranthus from Mexico demonstrate taxonomic ambiguity at the basic morphologic level. The main cause is the enormous morphological and genetic variation exhibited by the species in the genus. Although basic morphological criteria can be applied to herbarium specimens or germplasm collections for quick taxonomic identification, the morphological data alone can be misleading. To ascertain the taxonomic identity of the 'Morelos' accessions and their hypothesized species affiliation to Amaranthus caudatus or Amaranthus cruentus, we conducted a comparative analysis of phylogenetic relationships among these taxa/accessions using amplified fragment length polymorphism (AFLP) and micromorphology methods. Based on AFLP data, all the controversial 'Morelos' accessions can be consistently placed into a single A. cruentus species clade, which is clearly separated from the A. caudatus species clade. The AFLP-based phylogenetic relationship of 'Morelos' and delimitation of A. cruentus and A. caudatus are further supported by micromorphology, showing that the combination of these techniques can provide more reliable data for germplasm identification than each method used alone. © 2006 Springer.",AFLP; Amaranthus caudatus; Amaranthus cruentus; Germplasm identification; Grain amaranths; Micromorphology,Amaranthus; Amaranthus caudatus; Amaranthus cruentus; Amaranthus hypochondriacus; angiosperm; genetic analysis; genetic variation; germplasm; identification key; micromorphology; phylogenetics; taxonomy,"M. Costea; Department of Biology, Wilfrid Laurier University, Waterloo, Ont. N2L3C5, 75 University Avenue West, Canada; email: mcostea@wlu.ca",NA,NA,09259864,NA,GRCEE,NA,English,Genet. Resour. Crop. Evol.,Article,Final,NA,Scopus,2-s2.0-33845353895
4,Sun M.; Chen H.; Leung F.C.,"Sun, M. (7403181447); Chen, H. (57192538499); Leung, F.C. (55440652300)",7403181447; 57192538499; 55440652300,Low-Cot DNA sequences for fingerprinting analysis of germplasm diversity and relationships in Amaranthus,1999,Theoretical and Applied Genetics,99,3-4,NA,464,472,26,10.1007/s001220051258,https://www.scopus.com/pages/publications/0032876224?origin=resultslist,"Department of Zoology, University of Hong Kong, Pokfulam Road, Hong Kong","Sun M., Department of Zoology, University of Hong Kong, Pokfulam Road, Hong Kong; Chen H., Department of Zoology, University of Hong Kong, Pokfulam Road, Hong Kong; Leung F.C., Department of Zoology, University of Hong Kong, Pokfulam Road, Hong Kong","We examined genetic diversity and relationships among 24 cultivated and wild Amaranthus accessions using the total low-Cot DNA and five individual repetitive sequences as probes. These low-Cot DNA probes were obtained by the isolation of various classes of repetitive-DNA sequences, including satellites, minisatellites, microsatellites, rDNA, retrotransposon-like sequences, and other unidentified novel repetitive sequences. DNA fingerprints generated by different types of repetitive-DNA probes revealed different levels of polymorphism in the Amaranthus genomes. A repetitive sequence containing microsatellites was found to be a suitable probe for characterizing intraspecific accessions, whereas more conservative sequences (e.g. rDNA) were informative for resolving phylogenetic relationships among distantly related species. Genetic diversity, measured as restriction fragment length polymorphism (RFLP) and the similarity index at the low-Cot DNA level, was equally high among intraspecific accessions between the two species groups: grain amaranths (A. caudatus, A. cruentus, and A. hypochondriacus) and their putative wild progenitors (A. hybridus, A. powellii, anti A. quitensis). At the interspecific level, however, the grain amaranth species are less divergent from each other than their wild progenitors. With the rare exceptions of certain A. caudatus accessions, grain amaranths were found to be closely related to A. hybridus. The results based on low-Cot DNA were comparable with previous RAPD and isozyme studies of the same set of species/accessions of Amaranthus, indicating that low-Cot DNA sequences are suitable probes for a fingerprinting analysis of plant germplasm diversity and for determining phylogenetic relationships.",Amaranthus; DNA fingerprinting; Genetic diversity; Low-Cot DNA; Phylogenetic relationships,DNA fingerprinting; dna minisatellite; genetic diversity; germplasm; microsatellite DNA; plant breeding; plant genetics; restriction fragment length polymorphism; satellite DNA; Amaranthus; Amaranthus caudatus; Amaranthus cruentus; Amaranthus hybridus; Amaranthus hypochondriacus; Amaranthus powellii; Amaranthus quitensis,"M. Sun; Department of Zoology, University of Hong Kong, Hong Kong, Pokfulam Road, Hong Kong; email: meisun@hkucc.hku.hk",NA,NA,00405752,NA,THAGA,NA,English,Theor. Appl. Genet.,Article,Final,NA,Scopus,2-s2.0-0032876224
4,Chen W.-Q.; Swart W.J.,"Chen, Wei-Qun (56092800200); Swart, Wijnand J. (7006605989)",56092800200; 7006605989,The in vitro phytotoxicity of culture filtrates of Fusarium oxysporum to five genotypes of Amaranthus hybridus,2002,Euphytica,127,1,397856,61,67,13,10.1023/A:1019980600219,https://www.scopus.com/pages/publications/0036390332?origin=resultslist,"Department of Plant Protection, Faculty of Agriculture, The University of the Orange Free State, Bloemfontein, 9300, P.O. Box 339, South Africa","Chen W.-Q., Department of Plant Protection, Faculty of Agriculture, The University of the Orange Free State, Bloemfontein, 9300, P.O. Box 339, South Africa; Swart W.J., Department of Plant Protection, Faculty of Agriculture, The University of the Orange Free State, Bloemfontein, 9300, P.O. Box 339, South Africa","Stem decay and root rot of Amaranthus hybridus, caused by Fusarium oxysporum is a serious threat to the commercial production of this crop in South Africa. Five Amaranthus hybridus varieties were examined in vitro for sensitivity to a culture filtrate of Fusarium oxysporum. The phytotoxicity of the culture filtrate was assessed for its inhibitory effect on callus and seeding root growth, as well as on the viability of callus cells. The five varieties exhibited a significant amount of variation in response to the culture filtrate of the pathogen. Variety 17 was the most sensitive variety in each bioassay, whereas variety 20 displayed least sensitivity to the culture filtrate. Callus of variety 20 grew well in the presence of concentrations of culture filtrate that were toxic to another four varieties and the percentage mortality of callus cells after exposure to the filtrate was also the lowest of the five varieties. Root growth of variety 20 was also least affected by exposure to the culture filtrate for up to 6 days. To our knowledge, the presence of resistance in germplasm of A. hybridus to culture filtrates of F. oxysporum has not been demonstrated before. The present study is therefore of significant value to breeding programs aimed at speedily finding amaranth cultivars that are resistant to this important pathogen.",Callus; Culture filtrate; Fusarium oxysporum; Indirect disease screening,Amaranthus; Amaranthus caudatus; Amaranthus hybridus; Fungi; Fusarium; Fusarium oxysporum,NA,NA,NA,00142336,NA,NA,NA,English,Euphytica,Article,Final,NA,Scopus,2-s2.0-0036390332
4,Jimenez F.R.; Maughan P.J.; Alvarez A.; Kietlinski K.D.; Smith S.M.; Pratt D.B.; Elzinga D.B.; Jellen E.N.,"Jimenez, Felix R. (56222687300); Maughan, P. Jeffrey (7003959730); Alvarez, Aquilino (55585157300); Kietlinski, Kiel D. (55889583000); Smith, Scott M. (57199389292); Pratt, Donald B. (24463774200); Elzinga, David B. (12774756200); Jellen, Eric N. (6701925700)",56222687300; 7003959730; 55585157300; 55889583000; 57199389292; 24463774200; 12774756200; 6701925700,Assessment of genetic diversity in Peruvian Amaranth (Amaranthus caudatus and A. hybridus) germplasm using single nucleotide polymorphism markers,2013,Crop Science,53,2,NA,532,541,24,10.2135/cropsci2012.07.0413,https://www.scopus.com/pages/publications/84873553132?origin=resultslist,"Dep. of Plant and Wildlife Sciences, Brigham Young Univ., Provo, UT, 84602, 275 WIDB, United States; Centro de Investigaciones de Cultivos Andinos, Universidad Nacional San Antonio Abad del Cusco, Cusco, Peru; Dep. of Biology, Stephen F. Austin State Univ., Nacogdoches, TX, 75962, P.O. Box 13003, United States","Jimenez F.R., Dep. of Plant and Wildlife Sciences, Brigham Young Univ., Provo, UT, 84602, 275 WIDB, United States; Maughan P.J., Dep. of Plant and Wildlife Sciences, Brigham Young Univ., Provo, UT, 84602, 275 WIDB, United States; Alvarez A., Centro de Investigaciones de Cultivos Andinos, Universidad Nacional San Antonio Abad del Cusco, Cusco, Peru; Kietlinski K.D., Dep. of Biology, Stephen F. Austin State Univ., Nacogdoches, TX, 75962, P.O. Box 13003, United States; Smith S.M., Dep. of Plant and Wildlife Sciences, Brigham Young Univ., Provo, UT, 84602, 275 WIDB, United States; Pratt D.B., Dep. of Plant and Wildlife Sciences, Brigham Young Univ., Provo, UT, 84602, 275 WIDB, United States; Elzinga D.B., Dep. of Biology, Stephen F. Austin State Univ., Nacogdoches, TX, 75962, P.O. Box 13003, United States; Jellen E.N., Dep. of Plant and Wildlife Sciences, Brigham Young Univ., Provo, UT, 84602, 275 WIDB, United States","Amaranth (Amaranthus caudatus L.) is an important seed crop in the Andes. It has excellent nutritional value and ample capacity for growth under drought, heat, and soil nutrient deficiency. The objective of this study was to characterize and quantify genetic diversity among a series of 178 mostly peruvian amaranth individuals genotyped from among 48 accessions using 96 biallelic single nucleotide polymorphism (SNp) markers in KASpar assays on a 96.96 Fluidigm Ep1 platform. The 178 seed genotypes included the predominant white-opaque (waxy), white-vitreous (nonwaxy), black, and brown types, all from within the Centro de Investigacion de Cultivos Andinos-Universidad Nacional de San Antonio Abad del Cusco collection. The samples separated into two groups based on the seed color parameter (black, brown, and white-vitreous versus whiteopaque) with STrUCTUrE analysis but did not form distinct genotypic groups based on geographic origin. When analyzed as seed-color subgroups-black vs. brown vs. white-vitreous vs. white-opaque-83.46% of the genetic variation was explained by genetic differences within subgroup. The highest average observed heterozygosity (Ho) within color-based subgroups was 0.2612 in the vitreous-seeded subgroup, and within-group expected heterozygosity (He) was highest in the brown-seeded subgroup (0.398). Cluster analysis and principal component analysis partitioned the amaranth accessions into two clusters with four distinct subclusters. Analyses also revealed evidence for selection of nonwaxy, vitreous-seeded amaranth in the Andes. © Crop Science Society of America.",NA,NA,E. N. Jellen; email: jellen@byu.edu,NA,Crop Science Society of America,0011183X,NA,CRPSA,NA,English,Crop Sci.,Article,Final,NA,Scopus,2-s2.0-84873553132
4,Vincent L.; Sivaraj N.; Anushma P.; Ganeshan S.; Rajasekharan P.E.,"Vincent, L. (57210466165); Sivaraj, N. (23490466900); Anushma, P. (56399363900); Ganeshan, S. (6602598575); Rajasekharan, P.E. (57218702021)",57210466165; 23490466900; 56399363900; 6602598575; 57218702021,"Diversity, distribution, collection and conservation of amaranth germplasm from Andhra Pradesh",2019,Acta Horticulturae,1241,NA,NA,99,104,2,10.17660/ActaHortic.2019.1241.16,https://www.scopus.com/pages/publications/85070801771?origin=resultslist,"ICAR-Indian Institute of Horticultural Research, Hessaraghatta lake P.O., Bengaluru, 89, India; ICAR-National Bureau of Plant Genetic Resources, Regional Station, Hyderabad, 500 030, India","Vincent L., ICAR-Indian Institute of Horticultural Research, Hessaraghatta lake P.O., Bengaluru, 89, India; Sivaraj N., ICAR-National Bureau of Plant Genetic Resources, Regional Station, Hyderabad, 500 030, India; Anushma P., ICAR-Indian Institute of Horticultural Research, Hessaraghatta lake P.O., Bengaluru, 89, India; Ganeshan S., ICAR-Indian Institute of Horticultural Research, Hessaraghatta lake P.O., Bengaluru, 89, India; Rajasekharan P.E., ICAR-Indian Institute of Horticultural Research, Hessaraghatta lake P.O., Bengaluru, 89, India","Diversity of amaranths (family Amaranthaceae) can be observed from sea level to high altitudes even in the worse climatic conditions, and they are rich in micro-nutrients and bio-active compounds. In the rural areas of India, amaranths occupy an unparalleled position and are used in a large number of culinary preparations. Considering its importance and available diversity, a collaborative germplasm survey had been conducted in parts of Andhra Pradesh covering Chittoor, Cuddapah and Nellore districts by the National Bureau of Plant Genetic Resources, Regional Station, Hyderabad and Indian Institute of Horticultural Research, Bengaluru in October, 2014, where amaranth species are widely cultivated. The surveyed region falls under the southern agro-climatic zone of Andhra Pradesh having a hot and humid tropical climate with an average rainfall of 600-1000 mm. Depending on the availability of the amaranth germplasm to be collected in the wild and from farmers' fields, random sampling and bulk sampling methods were followed, respectively. A few market samples were also collected. The survey resulted in augmentation of 99 accessions of Amaranth species viz., Amaranthus blitum (8), Amaranthus caudatus (2), Amaranthus graecizans (27), Amaranthus hybridus (10), Amaranthus spinosus (15), Amaranthus tricolor (26) and Amaranthus viridis (11). A great deal of variability with respect to stem colour, leaf colour, inflorescence, were observed in amaranth species and described. Amaranthus spinosus is being used as traditional veterinary medicine for cattle. It was also observed that the practice of traditional cultivation by farmers maintaining their own Amaranth seed material had been reduced in the surveyed region. The collected amaranth germplasm diversity will be characterized and evaluated at IIHR Bengaluru. The seed material is being conserved in the medium term module kept at the NBPGR, Regional Station and long term storage (LTS) at NBPGR. © 2019 International Society for Horticultural Science. All rights reserved.",Andhra Pradesh; Exploration; Storage; Traditional uses; Variation,NA,"L. Vincent; ICAR-Indian Institute of Horticultural Research, Bengaluru, Hessaraghatta lake P.O., 89, India; email: lintav@iihr.ernet.in",NA,International Society for Horticultural Science,05677572,NA,NA,NA,English,Acta Hortic.,Article,Final,NA,Scopus,2-s2.0-85070801771
4,Di Renzo M.; Bonamico N.; Gesumaria J.,"Di Renzo, M. (7005497423); Bonamico, N. (16634685200); Gesumaria, J. (6507192810)",7005497423; 16634685200; 6507192810,Characterisation of amaranth accessions by isozymic patterns,2001,Seed Science and Technology,29,1,NA,227,238,0,NA,https://www.scopus.com/pages/publications/0035037187?origin=resultslist,"Facultad de Agronomia y Veterinaria, Universidad Nacional de Rio Cuarto, 5800 Río Cuarto, Argentina","Di Renzo M., Facultad de Agronomia y Veterinaria, Universidad Nacional de Rio Cuarto, 5800 Río Cuarto, Argentina; Bonamico N., Facultad de Agronomia y Veterinaria, Universidad Nacional de Rio Cuarto, 5800 Río Cuarto, Argentina; Gesumaria J., Facultad de Agronomia y Veterinaria, Universidad Nacional de Rio Cuarto, 5800 Río Cuarto, Argentina","Accurate and rapid methods for identification of germplasm accessions and genotypic comparison have important practical applications in plant breeding. Polymorphic isozyme patterns were analysed in order to characterise eight commercial varieties and 35 experimental strains obtained from the amaranth breeding program developed in our institution. These accessions belong to seven Amaranthus spp.: A. caudatus L., A. cruentus L., A. hypochondriacus L. Rob., A. mantegazzianus Pass., A. dubius Mart. ex Thell., A. tricolor L. and A. hybridus L. Of the 43 cultivars and strains, thirty-one were identified by electrophoresis of esterases, alcohol dehydrogenases, leucine amino-peptidases, malate dehydrogenases, 6-phosphogluconate dehydrogenases, acid phosphatases, and malic enzyme from seed extracts. Some accessions could not be characterised individually indicating that they may have similar genotypes, forming separate groups. A Principal Coordinate Analysis was made based on the presence or absence of 23 polymorphic bands. This provided a general overview of genetic diversity within this germplasm. These multivariate approaches grouped most cultivars and strains according to taxonomical classifications and illustrated interrelationships among accessions. This study suggests that isoenzymatic seed characteristics can be a profitable complement of other morphological and biochemical markers for practical applications in amaranth breeding programs allowing the characterisation of cultivars and new breeding lines.",NA,acid phosphatase; alcohol dehydrogenase; biochemical marker; cultivar identification; cytosol aminopeptidase; enzyme electrophoresis; esterase; genetic strain; germplasm; isoenzyme; malate dehydrogenase (decarboxylating); malate dehydrogenase; phosphogluconate dehydrogenase; plant breeding; polymorphic locus; principal coordinate analysis,"M. Di Renzo; Facultad de Agronomia y Veterinaria, Universidad Nacional de Rio Cuarto, 5800 Río Cuarto, Argentina; email: mdirenzo@ayv.unrc.edu.ar",NA,NA,02510952,NA,SSTCB,NA,English,Seed Sci. Technol.,Article,Final,NA,Scopus,2-s2.0-0035037187
4,Shukla S.; Bhargava A.; Chatterjee A.; Pandey A.C.; Mishra B.K.,"Shukla, Sudhir (57223924084); Bhargava, Atul (11840251000); Chatterjee, Avijeet (12800989900); Pandey, Avinash Chandra (56659542800); Mishra, Brij K (57206242853)",57223924084; 11840251000; 12800989900; 56659542800; 57206242853,"Diversity in phenotypic and nutritional traits in vegetable amaranth (Amaranthus tricolor), a nutritionally underutilised crop",2010,Journal of the Science of Food and Agriculture,90,1,NA,139,144,80,10.1002/jsfa.3797,https://www.scopus.com/pages/publications/70450069988?origin=resultslist,"Genetics and Plants Breeding Department, National Botanical Research Institute, Lucknow, India; Department of Biotechnology, Amity University, Lucknow, India","Shukla S., Genetics and Plants Breeding Department, National Botanical Research Institute, Lucknow, India; Bhargava A., Department of Biotechnology, Amity University, Lucknow, India; Chatterjee A., Genetics and Plants Breeding Department, National Botanical Research Institute, Lucknow, India; Pandey A.C., Genetics and Plants Breeding Department, National Botanical Research Institute, Lucknow, India; Mishra B.K., Genetics and Plants Breeding Department, National Botanical Research Institute, Lucknow, India","BACKGROUND: Assessment of genetic diversity in a crop-breeding programme helps in the identification of diverse parental combinations to create segregating progenies with maximum genetic variability and facilitates introgression of desirable genes from diverse germplasm into the available genetic base. RESULTS: In the present study, 39 strains of vegetable amaranth (Amaranthus tricolor) were evaluated for eight morphological and seven quality traits for two test seasons to study the extent of genetic divergence among the strains. Multivariate analysis showed that the first four principal components contributed 67.55% of the variability. Cluster analysis grouped the strains into six clusters that displayed a wide range of diversity for most of the traits. CONCLUSION: Cluster analysis has proved to be an effective method in grouping strains that may facilitate effective management and utilisation in crop-breeding programmes. The diverse strains falling in different clusters were identified, which can be utilised in different hybridisation programmes to develop high-foliage-yielding varieties rich in nutritional components. © 2009 Society of Chemical Industry.",Amaranthus tricolor; Ascorbic acid; Fibre; Foliage; Genetic diversity; PCA; Protein,"Amaranthus; Biomass; Cluster Analysis; Crops, Agricultural; Genetic Variation; Genotype; Nutritive Value; Phenotype; Plant Leaves; Principal Component Analysis; Vegetables; Amaranthus; Amaranthus caudatus; Amaranthus tricolor; Amaranthus; article; biomass; classification; cluster analysis; crop; genetic variability; genetics; genotype; nutritional value; phenotype; plant leaf; principal component analysis; vegetable; Amaranthus; crop; genetics; vegetable","S. Shukla; Genetics and Plants Breeding Department, National Botanical Research Institute, Lucknow, India; email: s_shukla31@rediffmail.com",NA,NA,10970010,NA,JSFAA,20355024,English,J. Sci. Food Agric.,Article,Final,NA,Scopus,2-s2.0-70450069988
5,Clements J.C.; Dracup M.; Buirchell B.J.; Smith C.G.,"Clements, J.C. (7202537922); Dracup, M. (6701330075); Buirchell, B.J. (6603327088); Smith, C.G. (8251090400)",7202537922; 6701330075; 6603327088; 8251090400,Variation for seed coat and pod wall percentage and other traits in a germplasm collection and historical cultivars of lupins,2005,Australian Journal of Agricultural Research,56,1,NA,75,83,30,10.1071/AR03114,https://www.scopus.com/pages/publications/15044355641?origin=resultslist,"Ctr. Legumes in Mediterranean Agric., University of Western Australia, Crawley, WA 6009, 35 Stirling Hwy, Australia; Agriculture Western Australia, Bentley, WA 6983, Locked Bag 4, Australia","Clements J.C., Ctr. Legumes in Mediterranean Agric., University of Western Australia, Crawley, WA 6009, 35 Stirling Hwy, Australia; Dracup M., Agriculture Western Australia, Bentley, WA 6983, Locked Bag 4, Australia; Buirchell B.J., Agriculture Western Australia, Bentley, WA 6983, Locked Bag 4, Australia; Smith C.G., Agriculture Western Australia, Bentley, WA 6983, Locked Bag 4, Australia","Accessions totalling 1425 from the Australian Lupin Collection representing 9 Old World lupin species and Lupinus mutabilis Sweet, a New World species, were sampled for seed coat and pod wall percentage, seed weight, and number of seeds per pod. These traits are of importance to the breeding objective of lowering seed coat and pod wall proportions in crop lupins. Seed coat percentage mean values among the species ranged from 12.7 in L. mutabilis to 33.7 in L. pilosus L. The 4 species that have been subject to selection (L. mutabilis, L. albus L., L. angustifolius L., and L. luteus L.) had lower mean seed coat percentages than the other species with little domestication. The rough-seeded lupin species had higher seed coat percentages relative to the smooth-seeded species except for L. micranthus Guss., which had 31.5% seed coat and small seeds. Within L. angustifolius there was no difference between the mean seed coat percentage values for wild v. domesticated or hard v. soft-seeded entries, although wild accessions of L. angustifolius tended to have lower seed weight, higher pod wall percentage, and more seeds per pod than domesticated accessions. There was no correlation in L. angustifolius germplasm between seed coat percentage and pod wall percentage, indicating that selection for one will not influence the other character. Accessions with the lowest seed coat percentage were from Turkey, Greece, and Cyprus, and those with the lowest average pod wall percentage were from Spain and Cyprus. Mean pod wall percentages ranged from 30.9 in L. albus to 57.1 in L. micranthus; figures that are high compared with other legumes. Large ranges in seed weight were found particularly in L. albus, L. pilosus, and L. angustifolius. In addition to the germplasm collection, 21 Australian cultivars, released from 1967 to 1999, were evaluated at one site over 2 years for the same traits. There was a negative correlation between seed coat percentage and seed weight for both L. angustifolius historical cultivars and germplasm, indicating that further reductions in seed coat percentage could be achieved by crossing large seeded types with low seed coat types. Pod wall percentage was negatively correlated with both year of release and yield, and positively correlated with days to flowering. These data support other findings that breeding for the reduction of pod wall can lead to yield improvements. The germplasm collection assessed here provides lines with lower seed coat and pod wall compared with what is available in breeding lines or cultivars. © CSIRO 2005.",Fibre; Hull; Narrow-leafed lupin; Pearl lupin; Podwall; White lupin; Yellow lupin,Aves; Lupinus albus; Lupinus angustifolius; Lupinus luteus; Lupinus micranthus; Lupinus mutabilis; Lupinus pilosus; Meleagris gallopavo; Micranthus; cultivar; germplasm,"J.C. Clements; Ctr. Legumes in Mediterranean Agric., University of Western Australia, Crawley, WA 6009, 35 Stirling Hwy, Australia; email: clem@cyllene.uwa.edu.au",NA,NA,00049409,NA,AJAEA,NA,English,Aust. J. Agric. Res.,Article,Final,NA,Scopus,2-s2.0-15044355641
5,Parra-González L.B.; Aravena-Abarzúa G.A.; Navarro-Navarro C.S.; Udall J.; Maughan J.; Peterson L.M.; Salvo-Garrido H.E.; Maureira-Butler I.J.,"Parra-González, Lorena B. (36444988800); Aravena-Abarzúa, Gabriela A. (55415625000); Navarro-Navarro, Cristell S. (55342485600); Udall, Joshua (7007170899); Maughan, Jeff (57213016441); Peterson, Louis M. (55342496500); Salvo-Garrido, Haroldo E. (16556468800); Maureira-Butler, Iván J. (21934522900)",36444988800; 55415625000; 55342485600; 7007170899; 57213016441; 55342496500; 16556468800; 21934522900,Yellow lupin (Lupinus luteus L.) transcriptome sequencing: molecular marker development and comparative studies,2012,BMC Genomics,13,1,425,NA,NA,59,10.1186/1471-2164-13-425,https://www.scopus.com/pages/publications/84867642934?origin=resultslist,"Agriaquaculture Nutritional Genomic Center, CGNA, Genomics and Bioinformatics Unit, INIA, Temuco, Km 10 Camino Cajón-Vilcún, Chile; Plant and Wildlife Science Department, Brigham Young University, Provo, UT, 84602, 150 E 1230 North, United States; Institute of Agricultural Research (INIA), Temuco, P.O. Box 58-D, Chile","Parra-González L.B., Agriaquaculture Nutritional Genomic Center, CGNA, Genomics and Bioinformatics Unit, INIA, Temuco, Km 10 Camino Cajón-Vilcún, Chile; Aravena-Abarzúa G.A., Agriaquaculture Nutritional Genomic Center, CGNA, Genomics and Bioinformatics Unit, INIA, Temuco, Km 10 Camino Cajón-Vilcún, Chile; Navarro-Navarro C.S., Agriaquaculture Nutritional Genomic Center, CGNA, Genomics and Bioinformatics Unit, INIA, Temuco, Km 10 Camino Cajón-Vilcún, Chile; Udall J., Plant and Wildlife Science Department, Brigham Young University, Provo, UT, 84602, 150 E 1230 North, United States; Maughan J., Plant and Wildlife Science Department, Brigham Young University, Provo, UT, 84602, 150 E 1230 North, United States; Peterson L.M., Plant and Wildlife Science Department, Brigham Young University, Provo, UT, 84602, 150 E 1230 North, United States; Salvo-Garrido H.E., Agriaquaculture Nutritional Genomic Center, CGNA, Genomics and Bioinformatics Unit, INIA, Temuco, Km 10 Camino Cajón-Vilcún, Chile, Institute of Agricultural Research (INIA), Temuco, P.O. Box 58-D, Chile; Maureira-Butler I.J., Agriaquaculture Nutritional Genomic Center, CGNA, Genomics and Bioinformatics Unit, INIA, Temuco, Km 10 Camino Cajón-Vilcún, Chile","Background: Yellow lupin (Lupinus luteus L.) is a minor legume crop characterized by its high seed protein content. Although grown in several temperate countries, its orphan condition has limited the generation of genomic tools to aid breeding efforts to improve yield and nutritional quality. In this study, we report the construction of 454-expresed sequence tag (EST) libraries, carried out comparative studies between L. luteus and model legume species, developed a comprehensive set of EST-simple sequence repeat (SSR) markers, and validated their utility on diversity studies and transferability to related species.Results: Two runs of 454 pyrosequencing yielded 205 Mb and 530 Mb of sequence data for L1 (young leaves, buds and flowers) and L2 (immature seeds) EST- libraries. A combined assembly (L1L2) yielded 71,655 contigs with an average contig length of 632 nucleotides. L1L2 contigs were clustered into 55,309 isotigs. 38,200 isotigs translated into proteins and 8,741 of them were full length. Around 57% of L. luteus sequences had significant similarity with at least one sequence of Medicago, Lotus, Arabidopsis, or Glycine, and 40.17% showed positive matches with all of these species. L. luteus isotigs were also screened for the presence of SSR sequences. A total of 2,572 isotigs contained at least one EST-SSR, with a frequency of one SSR per 17.75 kbp. Empirical evaluation of the EST-SSR candidate markers resulted in 222 polymorphic EST-SSRs. Two hundred and fifty four (65.7%) and 113 (30%) SSR primer pairs were able to amplify fragments from L. hispanicus and L. mutabilis DNA, respectively. Fifty polymorphic EST-SSRs were used to genotype a sample of 64 L. luteus accessions. Neighbor-joining distance analysis detected the existence of several clusters among L. luteus accessions, strongly suggesting the existence of population subdivisions. However, no clear clustering patterns followed the accession's origin.Conclusion: L. luteus deep transcriptome sequencing will facilitate the further development of genomic tools and lupin germplasm. Massive sequencing of cDNA libraries will continue to produce raw materials for gene discovery, identification of polymorphisms (SNPs, EST-SSRs, INDELs, etc.) for marker development, anchoring sequences for genome comparisons and putative gene candidates for QTL detection. © 2012 Parra-González et al.; licensee BioMed Central Ltd.",EST-SSR; Lupinus luteus; Microsynteny; Orphan crop,"Expressed Sequence Tags; Gene Library; Lupinus; Polymorphism, Genetic; Synteny; Transcriptome; Arabidopsis; Lupinus luteus; Medicago; complementary DNA; molecular marker; nucleotide; plant DNA; transcriptome; vegetable protein; Arabidopsis; article; bud; comparative study; expressed sequence tag; flower; gene amplification; gene cluster; gene sequence; genetic distance; genetic screening; genetic variability; genotype; germplasm; Glycine (plant); Lotus; lupin; Lupin hispanicus; Lupin luteus; Lupin mutabilis; Medicago; nonhuman; plant leaf; plant seed; population genetics; pyrosequencing; quantitative trait locus; sequence homology; simple sequence repeat; single nucleotide polymorphism; species difference","I.J. Maureira-Butler; Agriaquaculture Nutritional Genomic Center, CGNA, Genomics and Bioinformatics Unit, INIA, Temuco, Km 10 Camino Cajón-Vilcún, Chile; email: ivan.maureira@cgna.cl",NA,NA,14712164,NA,BGMEE,22920992,English,BMC Genomics,Article,Final,All Open Access; Gold Open Access; Green Open Access,Scopus,2-s2.0-84867642934
5,Chalampuente-Flores D.; Mosquera-Losada M.R.; Ron A.M.D.; Tapia Bastidas C.; Sørensen M.,"Chalampuente-Flores, Doris (58498295300); Mosquera-Losada, María Rosa (6506769402); Ron, Antonio M. De (6701420652); Tapia Bastidas, César (56445880600); Sørensen, Marten (7202042895)",58498295300; 6506769402; 6701420652; 56445880600; 7202042895,Morphological and Ecogeographical Diversity of the Andean Lupine (Lupinus mutabilis Sweet) in the High Andean Region of Ecuador,2023,Agronomy,13,8,2064,NA,NA,14,10.3390/agronomy13082064,https://www.scopus.com/pages/publications/85168683840?origin=resultslist,"Universidad Santiago de Compostela, Santiago de Compostela, 15705, Spain; Universidad Técnica del Norte, Ibarra, 100105, Ecuador; Departamento de Producción Vegetal y Proyectos de Ingeniería, Agrupación Estratégica de Bioredes, Universidad de Santiago de Compostela, Campus de Lugo, Lugo, 27002, Spain; Misión Biológica de Galicia, Spanish National Research Council (MBG-CSIC), Pontevedra, 36143, Spain; Instituto Nacional de Investigaciones Agropecuarias (INIAP), Estación Experimental Santa Catalina, Panamericana sur Km 1, Quito, 170201, Ecuador; Department of Plant and Environmental Sciences, Faculty of Science, University of Copenhagen, Sobi/Plen-KU, Thorvaldsensvej 40, 3, Frederiksberg, DK-1871, Denmark","Chalampuente-Flores D., Universidad Santiago de Compostela, Santiago de Compostela, 15705, Spain, Universidad Técnica del Norte, Ibarra, 100105, Ecuador; Mosquera-Losada M.R., Departamento de Producción Vegetal y Proyectos de Ingeniería, Agrupación Estratégica de Bioredes, Universidad de Santiago de Compostela, Campus de Lugo, Lugo, 27002, Spain; Ron A.M.D., Misión Biológica de Galicia, Spanish National Research Council (MBG-CSIC), Pontevedra, 36143, Spain; Tapia Bastidas C., Instituto Nacional de Investigaciones Agropecuarias (INIAP), Estación Experimental Santa Catalina, Panamericana sur Km 1, Quito, 170201, Ecuador; Sørensen M., Department of Plant and Environmental Sciences, Faculty of Science, University of Copenhagen, Sobi/Plen-KU, Thorvaldsensvej 40, 3, Frederiksberg, DK-1871, Denmark","Promoting food security is one of the 17 Sustainable Development Goals (SDGs) proposed by the United Nations General Assembly, with a target date of 2030. Human nutrition based on legume consumption is essential to ensuring food security while reducing greenhouse gas emissions associated with nitrogen fertilizer use. Moreover, preserving legume biodiversity is critical to increasing agricultural resilience against climate change. The Andean lupine or “tarwi” (Lupinus mutabilis Sweet) is a legume native to the Andean region with high nutritional importance. Morphological characterization processes allow the determination of local agro-biodiversity and the identification of promising materials for genetic improvement programs. In the present investigation, 173 accessions of Andean lupine from the Germplasm Bank of INIAP, Ecuador, were evaluated. Thirteen quantitative and fifteen qualitative descriptors were used in the characterization. The results revealed that the genetic variability of the Andean lupine is represented by the conformation of four groups of accessions. Among those groups, two accessions stand out for having small plants and high yields, factors that could be used for genetic improvement processes or be reintroduced into farmers’ fields as they represent an option for the production, consumption, and marketing of the local germplasm of this relevant ancient crop. A phenotypic diversity map of the cultivated tarwi explained that areas with high morphological diversity are not completely identical to areas with high ecogeographic diversity. The distribution of the genetic variability of species appears to be more related to cultural aspects than environmental conditions. © 2023 by the authors.",agrobiodiversity; breeding; germplasm; multivariate analysis; tarwi,NA,"M. Sørensen; Department of Plant and Environmental Sciences, Faculty of Science, University of Copenhagen, Sobi/Plen-KU, Frederiksberg, Thorvaldsensvej 40, 3, DK-1871, Denmark; email: ms@plen.ku.dk",NA,Multidisciplinary Digital Publishing Institute (MDPI),20734395,NA,NA,NA,English,Agronomy,Article,Final,All Open Access; Gold Open Access; Green Open Access,Scopus,2-s2.0-85168683840
5,Khan M.A.; You M.P.; Norton S.L.; Barbetti M.J.,"Khan, Muhammad Azam (57720622600); You, Ming Pei (7102487481); Norton, Sally L. (56519258100); Barbetti, Martin J. (7003973317)",57720622600; 7102487481; 56519258100; 7003973317,Screening of Diverse Lupinus spp. Highlights New Resistances to Sclerotinia sclerotiorum,2024,Plant Disease,108,8,NA,2542,2549,0,10.1094/PDIS-03-24-0506-RE,https://www.scopus.com/pages/publications/85202081396?origin=resultslist,"School of Agriculture and Environment, The UWA Institute of Agriculture, The University of Western Australia, Crawley, 6009, WA, Australia; Department of Plant Breeding and Genetics, University of Agriculture, Faisalabad, 38000, Pakistan; Australian Grains Genebank, Horsham, 3400, VIC, Australia","Khan M.A., School of Agriculture and Environment, The UWA Institute of Agriculture, The University of Western Australia, Crawley, 6009, WA, Australia, Department of Plant Breeding and Genetics, University of Agriculture, Faisalabad, 38000, Pakistan; You M.P., School of Agriculture and Environment, The UWA Institute of Agriculture, The University of Western Australia, Crawley, 6009, WA, Australia; Norton S.L., Australian Grains Genebank, Horsham, 3400, VIC, Australia; Barbetti M.J., School of Agriculture and Environment, The UWA Institute of Agriculture, The University of Western Australia, Crawley, 6009, WA, Australia","Stem rot caused by Sclerotinia sclerotiorum is a serious and sometimes devastating disease of lupin (Lupinus spp.). A total of 236 lupin accessions from across 12 Lupinus species were screened against the prevalent S. sclerotiorum isolate MBRS-1 (pathotype 76). L. angustifolius accession 21655 and L. albus var. albus accession 20589 showed immune and “near-immune” responses, respectively. Thirteen accessions of L. angustifolius, three accessions each of L. albus and L. albus var. albus, and a single accession each of L. albus var. graecus, L. mutabilis, L. palaestinus, and L. pilosus (totaling ~4%) showed a highly resistant (HR) response. A further 19 accessions of L. angustifolius, 2 accessions each of L. albus and L. pilosus, and a single accession of L. mutabilis (totaling ~10%) showed a resistant (R) response. The reactions of 16 (15 L. angustifolius, 1 L. digitatus) of these 236 accessions were also compared with their reactions to a different isolate, Walkaway-3 (WW-3; pathotype 10). Against this isolate, five L. angustifolius accessions showed an HR response and four showed an R response, and the L. digitatus accession showed a moderate resistance response. Overall, isolate WW-3 caused significantly (P < 0.05) smaller lesions than MBRS-1 across tested accessions in common. In addition, 328 plants in a “wild” naturalized field population of L. cosentinii were screened in situ in the field against isolate MBRS-1. Five (~1.5%) of the 328 plants of wild lupin showed an immune response, 63 (~19%) showed an HR response, and 146 (~45%) showed an R response. We believe this is the first examination of diverse Lupinus spp. germplasm responses to a prevalent pathotype of S. sclerotiorum. Lupin genotypes exhibiting high-level resistance to Sclerotinia stem rot identified in this study can be used as parental lines for crosses in lupin breeding programs and/or directly as improved cultivars to reduce the adverse impact of this disease on lupin crops. © 2024 The American Phytopathological Society.",host resistance; lupin; Lupinus; Sclerotinia sclerotiorum; Sclerotinia stem rot,Ascomycota; Disease Resistance; Lupinus; Plant Diseases; Sclerotinia sclerotiorum; Ascomycetes; disease resistance; immunology; lupin; microbiology; physiology; plant disease; Sclerotinia sclerotiorum,"M.J. Barbetti; School of Agriculture and Environment, The UWA Institute of Agriculture, The University of Western Australia, Crawley, 6009, Australia; email: martin.barbetti@uwa.edu.au",NA,American Phytopathological Society,01912917,NA,PLDID,38568787,English,Plant Dis.,Article,Final,All Open Access; Bronze Open Access,Scopus,2-s2.0-85202081396
5,Simioniuc D.P.; Simioniuc V.; Topa D.; Van Den Berg M.; Prins U.; Bebeli P.J.; Gabur I.,"Simioniuc, Danut Petru (39262512100); Simioniuc, Violeta (57206897534); Topa, Denis (55995437900); Van Den Berg, Merlijn (57220703640); Prins, Udo (57197741987); Bebeli, Penelope J. (6603048776); Gabur, Iulian (57197855161)",39262512100; 57206897534; 55995437900; 57220703640; 57197741987; 6603048776; 57197855161,Assessment of andean lupin (lupinus mutabilis) genotypes for improved frost tolerance,2021,Agriculture (Switzerland),11,2,155,1,10,11,10.3390/agriculture11020155,https://www.scopus.com/pages/publications/85101521071?origin=resultslist,"Department of Plant Sciences, “Ion Ionescu de la Brad” University of Agricultural Sciences and Veterinary Medicine, Iasi, 700490, Romania; Department of Pedotechnics, “Ion Ionescu de la Brad” University of Agricultural Sciences and Veterinary Medicine, Iasi, 700490, Romania; Department of Breeding & Innovative Production Chains, Louis Bolk Institute, AJ Bunnik, 3981, Netherlands; Laboratory of Plant Breeding and Biometry, Department of Crop Science, Agricultural University of Athens, Athens, 11855, Greece","Simioniuc D.P., Department of Plant Sciences, “Ion Ionescu de la Brad” University of Agricultural Sciences and Veterinary Medicine, Iasi, 700490, Romania; Simioniuc V., Department of Plant Sciences, “Ion Ionescu de la Brad” University of Agricultural Sciences and Veterinary Medicine, Iasi, 700490, Romania; Topa D., Department of Pedotechnics, “Ion Ionescu de la Brad” University of Agricultural Sciences and Veterinary Medicine, Iasi, 700490, Romania; Van Den Berg M., Department of Breeding & Innovative Production Chains, Louis Bolk Institute, AJ Bunnik, 3981, Netherlands; Prins U., Department of Breeding & Innovative Production Chains, Louis Bolk Institute, AJ Bunnik, 3981, Netherlands; Bebeli P.J., Laboratory of Plant Breeding and Biometry, Department of Crop Science, Agricultural University of Athens, Athens, 11855, Greece; Gabur I., Department of Plant Sciences, “Ion Ionescu de la Brad” University of Agricultural Sciences and Veterinary Medicine, Iasi, 700490, Romania","Spring frost poses a challenge for all major crops and, in the case of Lupinus mutabilis (Andean lupin) can cause severe damage or even total loss of the crop. Within the LIBBIO project consortium, we conducted a series of experiments in order to develop a suitable protocol for screening lupin germplasm under frost-simulation conditions. Four lupin accessions, one Lupinus albus and three Andean lupins were used in the experiments (L. albus Mihai, L. mutabilis LIB 220, LIB 221, LIB 222). Seedlings at four developmental stages were challenged with five different levels of ‘frost’ stress from low (-2°C) to high (-10°C). Notably, young seedling (cotyledons just breaking through the soil surface) showed little evidence of frost damage for temperatures down to -6°C. At -8°C, however, damage was evident, suggesting a cold tolerance threshold occurs at this temperature. Interestingly, for later developmental stages, when the first and second leaves were visible, notable differences were observed starting at -6°C. The results indicate that the plant growth stage is an important parameter when screening for frost tolerance in germplasm. Overall, by identifying Andean lupin genotypes adapted to high abiotic stress factors, farmers will be able to use it as a reference crop with potentially a commercial interest from the food sector, or cosmetics, and biofuel industries. © 2021 by the authors. Licensee MDPI, Basel, Switzerland.",Abiotic stress; Andean lupin; Frost tolerance; L. albus; L. mutabilis,NA,"I. Gabur; Department of Plant Sciences, “Ion Ionescu de la Brad” University of Agricultural Sciences and Veterinary Medicine, Iasi, 700490, Romania; email: gaburi@uaiasi.ro",NA,MDPI AG,20770472,NA,NA,NA,English,Agric.,Article,Final,All Open Access; Gold Open Access; Green Open Access,Scopus,2-s2.0-85101521071
5,Peña-Elme E.; Ortega-Quispe K.; Enriquez-Pinedo L.; Cerrón-Mercado F.; Amaro-Camarena N.; Girón-Aguilar C.; Loayza-Loza H.; Pizarro-Carcausto S.,"Peña-Elme, Eunice (60075410900); Ortega-Quispe, Kevin (57391995800); Enriquez-Pinedo, Lucia (60338774400); Cerrón-Mercado, Francis (57866812800); Amaro-Camarena, Nery (60339150100); Girón-Aguilar, Carolina (58482221400); Loayza-Loza, Hildo (47061731200); Pizarro-Carcausto, Samuel (58728623100)",60075410900; 57391995800; 60338774400; 57866812800; 60339150100; 58482221400; 47061731200; 58728623100,Agro-morphological characterization of tarwi (Lupinus mutabilis Sweet) accessions using descriptors and spectral metrics derived from UAVs,2026,Scientia Agropecuaria,17,1,NA,227,241,0,10.17268/sci.agropecu.2026.016,https://www.scopus.com/pages/publications/105027862153?origin=resultslist,"Estación Experimental Agraria Santa Ana, Dirección de Recursos Genéticos y Biotecnología, Instituto Nacional de Innovación Agraria (INIA), Junín,, Huancayo, 12006, Peru; Escuela Académico Profesional de Ingeniería Ambiental, Universidad Continental, Huancayo, 12001, Peru; International Potato Center (CIP), Headquarters, P.O. Box 1558,, Lima, 15024, Peru; Facultad de Ingeniería, Universidad de Huánuco, Huánuco, 10001, Peru; Centro de Investigación en Geomática Ambiental (CIGA), Instituto de Investigación para el Desarrollo Sustentable de Ceja de Selva (INDES-CES), Universidad Nacional Toribio Rodríguez de Mendoza de Amazonas, Chachapoyas, 01001, Peru","Peña-Elme E., Estación Experimental Agraria Santa Ana, Dirección de Recursos Genéticos y Biotecnología, Instituto Nacional de Innovación Agraria (INIA), Junín,, Huancayo, 12006, Peru; Ortega-Quispe K., Estación Experimental Agraria Santa Ana, Dirección de Recursos Genéticos y Biotecnología, Instituto Nacional de Innovación Agraria (INIA), Junín,, Huancayo, 12006, Peru, Escuela Académico Profesional de Ingeniería Ambiental, Universidad Continental, Huancayo, 12001, Peru; Enriquez-Pinedo L., Estación Experimental Agraria Santa Ana, Dirección de Recursos Genéticos y Biotecnología, Instituto Nacional de Innovación Agraria (INIA), Junín,, Huancayo, 12006, Peru; Cerrón-Mercado F., Estación Experimental Agraria Santa Ana, Dirección de Recursos Genéticos y Biotecnología, Instituto Nacional de Innovación Agraria (INIA), Junín,, Huancayo, 12006, Peru; Amaro-Camarena N., Estación Experimental Agraria Santa Ana, Dirección de Recursos Genéticos y Biotecnología, Instituto Nacional de Innovación Agraria (INIA), Junín,, Huancayo, 12006, Peru; Girón-Aguilar C., Estación Experimental Agraria Santa Ana, Dirección de Recursos Genéticos y Biotecnología, Instituto Nacional de Innovación Agraria (INIA), Junín,, Huancayo, 12006, Peru; Loayza-Loza H., International Potato Center (CIP), Headquarters, P.O. Box 1558,, Lima, 15024, Peru, Facultad de Ingeniería, Universidad de Huánuco, Huánuco, 10001, Peru; Pizarro-Carcausto S., Centro de Investigación en Geomática Ambiental (CIGA), Instituto de Investigación para el Desarrollo Sustentable de Ceja de Selva (INDES-CES), Universidad Nacional Toribio Rodríguez de Mendoza de Amazonas, Chachapoyas, 01001, Peru","Tarwi (Lupinus mutabilis S.) is a legume native to the Andes, recognized for its high nutritional value, which gives it great potential in food security programs. Therefore, understanding and advancing the conservation of its morphological diversity is essential. In this study, 140 accessions from the national germplasm collection of the National Institute of Agrarian Innovation of Peru were evaluated, along with two cultivars (“INIA 445 Masacanchino” and “Andenes 90""). A traditional agro-morphological characterization was conducted using 16 quantitative and 40 qualitative descriptors, complemented by phenological data obtained from time series of reflectance indices generated by Unmanned Aerial Vehicles (UAVs). Additionally, a principal component analysis (PCA) was applied to select the most relevant variables, and a clustering analysis along with a dendrogram was developed to classify the accessions. The results revealed significant differences between groups (p < 0.05) in terms of inflorescence length, number of pods on the main axis, number of primary branches, and yield per plant. Likewise, the morphological groups exhibited variations in phenophases derived from the Normalized Difference Vegetation Index (NDVI). Four morphological groups were identified: group 3 (G3) showed the highest growth rate followed by a decline, while group 4 (G4) stood out for its highest initial growth rate. Furthermore, the observed homogeneous phenological conditions indicated that groups 1 (G1) and 4 (G4) matured earlier, making them promising candidates for selection. These findings demonstrate the wide genetic variability of tarwi, which can be exploited in breeding programs for the development of new cultivars. Thus, the study highlights the importance of morphological characterization in understanding the variability of an understudied crop such as tarwi, contributing to conservation and promoting its protection and sustainability. © Copyright 2025 Scientia Agropecuaria. This work is licensed under a Creative Commons Attribution-NonCommercial 4.0 International License.",conservation; cultivars; germplasm; photogrammetry; UAVs; variability,NA,"K. Ortega-Quispe; Escuela Académico Profesional de Ingeniería Ambiental, Universidad Continental, Huancayo, 12001, Peru; email: kevinorqu@gmail.com",NA,Universidad Nacional de Trujillo,20779917,NA,NA,NA,English,Scientia Agropecu.,Article,Final,All Open Access; Gold Open Access; Green Open Access,Scopus,2-s2.0-105027862153
5,Bellucci E.; Mario Aguilar O.; Alseekh S.; Bett K.; Brezeanu C.; Cook D.; De la Rosa L.; Delledonne M.; Dostatny D.F.; Ferreira J.J.; Geffroy V.; Ghitarrini S.; Kroc M.; Kumar Agrawal S.; Logozzo G.; Marino M.; Mary-Huard T.; McClean P.; Meglič V.; Messer T.; Muel F.; Nanni L.; Neumann K.; Servalli F.; Străjeru S.; Varshney R.K.; Vasconcelos M.W.; Zaccardelli M.; Zavarzin A.; Bitocchi E.; Frontoni E.; Fernie A.R.; Gioia T.; Graner A.; Guasch L.; Prochnow L.; Oppermann M.; Susek K.; Tenaillon M.; Papa R.,"Bellucci, Elisa (22933699500); Mario Aguilar, Orlando (57194134973); Alseekh, Saleh (55346984500); Bett, Kirstin (8909755700); Brezeanu, Creola (55176892400); Cook, Douglas (7403472264); De la Rosa, Lucía (15919007500); Delledonne, Massimo (6602083954); Dostatny, Denise F. (57074187800); Ferreira, Juan J. (7403252516); Geffroy, Valérie (6603468675); Ghitarrini, Sofia (56465984300); Kroc, Magdalena (56063545300); Kumar Agrawal, Shiv (57266964500); Logozzo, Giuseppina (23012553800); Marino, Mario (57193716058); Mary-Huard, Tristan (7801654222); McClean, Phil (7005958110); Meglič, Vladimir (6603175550); Messer, Tamara (59430785400); Muel, Frédéric (57190171220); Nanni, Laura (8840518300); Neumann, Kerstin (24438110500); Servalli, Filippo (57267822700); Străjeru, Silvia (55969583800); Varshney, Rajeev K. (7006648166); Vasconcelos, Marta W. (14627797100); Zaccardelli, Massimo (24330316200); Zavarzin, Aleksei (36798149300); Bitocchi, Elena (23134251800); Frontoni, Emanuele (9737451300); Fernie, Alisdair R. (7004871138); Gioia, Tania (55505370700); Graner, Andreas (7003968754); Guasch, Luis (57212833611); Prochnow, Lena (57267607600); Oppermann, Markus (52664062800); Susek, Karolina (24344167900); Tenaillon, Maud (6602245228); Papa, Roberto (58077469500)",22933699500; 57194134973; 55346984500; 8909755700; 55176892400; 7403472264; 15919007500; 6602083954; 57074187800; 7403252516; 6603468675; 56465984300; 56063545300; 57266964500; 23012553800; 57193716058; 7801654222; 7005958110; 6603175550; 59430785400; 57190171220; 8840518300; 24438110500; 57267822700; 55969583800; 7006648166; 14627797100; 24330316200; 36798149300; 23134251800; 9737451300; 7004871138; 55505370700; 7003968754; 57212833611; 57267607600; 52664062800; 24344167900; 6602245228; 58077469500,The INCREASE project: Intelligent Collections of food-legume genetic resources for European agrofood systems,2021,Plant Journal,108,3,NA,646,660,41,10.1111/tpj.15472,https://www.scopus.com/pages/publications/85115391421?origin=resultslist,"Department of Agricultural, Food and Environmental Sciences, Polytechnic University of Marche, via Brecce Bianche, Ancona, 60131, Italy; Instituto de Biotecnología y Biología Molecular, UNLP-CONICET, CCT La Plata, La Plata, Argentina; Max-Planck-Institute of Molecular Plant Physiology, Am Müe, Potsdam-Golm, 14476, Germany; Centre of Plant Systems Biology and Biotechnology, Plovdiv, 4000, Bulgaria; Department of Plant Sciences, University of Saskatchewan, 51 Campus Drive, Saskatoon, S7N 5A8, SK, Canada; Staţiunea de Cercetare Dezvoltare Pentru Legumicultură, Bacău, 600388, Romania; Department of Plant Pathology, University of California Davis, Davis, 95616-8680, CA, United States; Spanish Plant Genetic Resources National Center (INIA, CRF), National Institute for Agricultural and Food Research and Technology, Alcalá de Henares, Madrid, 28800, Spain; Department of Biotechnology, University of Verona, Strada Le Grazie 15, Verona, 37134, Italy; National Centre for Plant Genetic Resources, Plant Breeding and Acclimatization Institute-NRI, Radzików, Błonie, 05-870, Poland; Regional Service for Agrofood Research and Development (SERIDA), Ctra AS-267, PK 19, Villaviciosa, 33300, Asturias, Spain; CNRS, INRAE, Institute of Plant Sciences Paris-Saclay (IPS2), Univ Evry, Université Paris-Saclay, Orsay, 91405, France; CNRS, INRAE, Institute of Plant Sciences Paris Saclay (IPS2), Université de Paris, Orsay, 91405, France; ISEA Srl, Via dell’Industria n.303, Corridonia, 62014, MC, Italy; Legume Genomics Team, Institute of Plant Genetics, Polish Academy of Sciences, Strzeszynska 34, Poznan, 60-479, Poland; Genetic Resources Section, International Center for Agricultural Research in the Dry Areas, ICARDA, Agdal Rabat, Morocco; School of Agricultural, Forestry, Food and Environmental Sciences, University of Basilicata, Potenza, 85100, Italy; International Treaty on Plant Genetic Resources for Food and Agriculture (ITPGRFA), Food and Agriculture Organization of the United Nations (FAO), Viale delle Terme di Caracalla, Rome, 00153, Italy; INRAE, CNRS, AgroParisTech, Génétique Quantitative et Evolution - Le Moulon, Université Paris-Saclay, Gif-sur-Yvette, France; Department of Plant Sciences, Genomics and Bioinformatics Program, North Dakota State University, Fargo, 58108, ND, United States; Crop Science Department, Agricultural Institute of Slovenia, Hacquetova ulica 17, Ljubljana, 1000, Slovenia; EURICE - European Research and Project Office GmbH, Heinrich-Hertz-Allee 1, St. Ingbert, 66386, Germany; Terres Inovia, Institut Technique des oléagineux, des protéagineux eu du chanvren, 1 Av L. Brétignières, Thiverval-Grignon, 78850, France; Leibniz Institute of Plant Genetics and Crop Plant Research (IPK) Gatersleben, Seeland, 06466, Germany; Comunità del Mais Spinato di Gandino (MASP), Via XX Settembre, 5, Gandino, 24024, Bergamo, Italy; Suceava Genebank (BRGV), Bdul 1 Mai, nr. 17, Suceava, 720224, Romania; Center of Excellence in Genomics and Systems Biology (CEGSB), International Crops Research Institute for the Semi- Arid Tropics (ICRISAT), Patancheru, India; State Agricultural Biotechnology Centre, Centre for Crop and Food Innovation, Food Futures Institute, Murdoch University, Murdoch, WA, Australia; CBQF – Centro de Biotecnologia e Química Fina – Laboratório Associado, Escola Superior de Biotecnologia, Universidade Católica Portuguesa, Rua Diogo Botelho 1327, Porto, 4169-005, Portugal; Council for Agricultural Research and Economics, Research Centre for Vegetable and Ornamental Crops, Via Cavalleggeri 25, Pontecagnano-Faiano, 84098, SA, Italy; Federal Research Center, The N.I. Vavilov All-Russian Institute of Plant Genetic Resources, St. Petersburg, 190031, Russian Federation; Department of Information Engineering, Polytechnic University of Marche, via Brecce Bianche, Ancona, 60131, Italy","Bellucci E., Department of Agricultural, Food and Environmental Sciences, Polytechnic University of Marche, via Brecce Bianche, Ancona, 60131, Italy; Mario Aguilar O., Instituto de Biotecnología y Biología Molecular, UNLP-CONICET, CCT La Plata, La Plata, Argentina; Alseekh S., Max-Planck-Institute of Molecular Plant Physiology, Am Müe, Potsdam-Golm, 14476, Germany, Centre of Plant Systems Biology and Biotechnology, Plovdiv, 4000, Bulgaria; Bett K., Department of Plant Sciences, University of Saskatchewan, 51 Campus Drive, Saskatoon, S7N 5A8, SK, Canada; Brezeanu C., Staţiunea de Cercetare Dezvoltare Pentru Legumicultură, Bacău, 600388, Romania; Cook D., Department of Plant Pathology, University of California Davis, Davis, 95616-8680, CA, United States; De la Rosa L., Spanish Plant Genetic Resources National Center (INIA, CRF), National Institute for Agricultural and Food Research and Technology, Alcalá de Henares, Madrid, 28800, Spain; Delledonne M., Department of Biotechnology, University of Verona, Strada Le Grazie 15, Verona, 37134, Italy; Dostatny D.F., National Centre for Plant Genetic Resources, Plant Breeding and Acclimatization Institute-NRI, Radzików, Błonie, 05-870, Poland; Ferreira J.J., Regional Service for Agrofood Research and Development (SERIDA), Ctra AS-267, PK 19, Villaviciosa, 33300, Asturias, Spain; Geffroy V., CNRS, INRAE, Institute of Plant Sciences Paris-Saclay (IPS2), Univ Evry, Université Paris-Saclay, Orsay, 91405, France, CNRS, INRAE, Institute of Plant Sciences Paris Saclay (IPS2), Université de Paris, Orsay, 91405, France; Ghitarrini S., ISEA Srl, Via dell’Industria n.303, Corridonia, 62014, MC, Italy; Kroc M., Legume Genomics Team, Institute of Plant Genetics, Polish Academy of Sciences, Strzeszynska 34, Poznan, 60-479, Poland; Kumar Agrawal S., Genetic Resources Section, International Center for Agricultural Research in the Dry Areas, ICARDA, Agdal Rabat, Morocco; Logozzo G., School of Agricultural, Forestry, Food and Environmental Sciences, University of Basilicata, Potenza, 85100, Italy; Marino M., International Treaty on Plant Genetic Resources for Food and Agriculture (ITPGRFA), Food and Agriculture Organization of the United Nations (FAO), Viale delle Terme di Caracalla, Rome, 00153, Italy; Mary-Huard T., INRAE, CNRS, AgroParisTech, Génétique Quantitative et Evolution - Le Moulon, Université Paris-Saclay, Gif-sur-Yvette, France; McClean P., Department of Plant Sciences, Genomics and Bioinformatics Program, North Dakota State University, Fargo, 58108, ND, United States; Meglič V., Crop Science Department, Agricultural Institute of Slovenia, Hacquetova ulica 17, Ljubljana, 1000, Slovenia; Messer T., EURICE - European Research and Project Office GmbH, Heinrich-Hertz-Allee 1, St. Ingbert, 66386, Germany; Muel F., Terres Inovia, Institut Technique des oléagineux, des protéagineux eu du chanvren, 1 Av L. Brétignières, Thiverval-Grignon, 78850, France; Nanni L., Department of Agricultural, Food and Environmental Sciences, Polytechnic University of Marche, via Brecce Bianche, Ancona, 60131, Italy; Neumann K., Leibniz Institute of Plant Genetics and Crop Plant Research (IPK) Gatersleben, Seeland, 06466, Germany; Servalli F., Comunità del Mais Spinato di Gandino (MASP), Via XX Settembre, 5, Gandino, 24024, Bergamo, Italy; Străjeru S., Suceava Genebank (BRGV), Bdul 1 Mai, nr. 17, Suceava, 720224, Romania; Varshney R.K., Center of Excellence in Genomics and Systems Biology (CEGSB), International Crops Research Institute for the Semi- Arid Tropics (ICRISAT), Patancheru, India, State Agricultural Biotechnology Centre, Centre for Crop and Food Innovation, Food Futures Institute, Murdoch University, Murdoch, WA, Australia; Vasconcelos M.W., CBQF – Centro de Biotecnologia e Química Fina – Laboratório Associado, Escola Superior de Biotecnologia, Universidade Católica Portuguesa, Rua Diogo Botelho 1327, Porto, 4169-005, Portugal; Zaccardelli M., Council for Agricultural Research and Economics, Research Centre for Vegetable and Ornamental Crops, Via Cavalleggeri 25, Pontecagnano-Faiano, 84098, SA, Italy; Zavarzin A., Federal Research Center, The N.I. Vavilov All-Russian Institute of Plant Genetic Resources, St. Petersburg, 190031, Russian Federation; Bitocchi E., Department of Agricultural, Food and Environmental Sciences, Polytechnic University of Marche, via Brecce Bianche, Ancona, 60131, Italy; Frontoni E., Department of Information Engineering, Polytechnic University of Marche, via Brecce Bianche, Ancona, 60131, Italy; Fernie A.R., Max-Planck-Institute of Molecular Plant Physiology, Am Müe, Potsdam-Golm, 14476, Germany, Centre of Plant Systems Biology and Biotechnology, Plovdiv, 4000, Bulgaria; Gioia T., School of Agricultural, Forestry, Food and Environmental Sciences, University of Basilicata, Potenza, 85100, Italy; Graner A., Leibniz Institute of Plant Genetics and Crop Plant Research (IPK) Gatersleben, Seeland, 06466, Germany; Guasch L., Spanish Plant Genetic Resources National Center (INIA, CRF), National Institute for Agricultural and Food Research and Technology, Alcalá de Henares, Madrid, 28800, Spain; Prochnow L., EURICE - European Research and Project Office GmbH, Heinrich-Hertz-Allee 1, St. Ingbert, 66386, Germany; Oppermann M., Leibniz Institute of Plant Genetics and Crop Plant Research (IPK) Gatersleben, Seeland, 06466, Germany; Susek K., Legume Genomics Team, Institute of Plant Genetics, Polish Academy of Sciences, Strzeszynska 34, Poznan, 60-479, Poland; Tenaillon M., INRAE, CNRS, AgroParisTech, Génétique Quantitative et Evolution - Le Moulon, Université Paris-Saclay, Gif-sur-Yvette, France; Papa R., Department of Agricultural, Food and Environmental Sciences, Polytechnic University of Marche, via Brecce Bianche, Ancona, 60131, Italy","Food legumes are crucial for all agriculture-related societal challenges, including climate change mitigation, agrobiodiversity conservation, sustainable agriculture, food security and human health. The transition to plant-based diets, largely based on food legumes, could present major opportunities for adaptation and mitigation, generating significant co-benefits for human health. The characterization, maintenance and exploitation of food-legume genetic resources, to date largely unexploited, form the core development of both sustainable agriculture and a healthy food system. INCREASE will implement, on chickpea (Cicer arietinum), common bean (Phaseolus vulgaris), lentil (Lens culinaris) and lupin (Lupinus albus and L. mutabilis), a new approach to conserve, manage and characterize genetic resources. Intelligent Collections, consisting of nested core collections composed of single-seed descent-purified accessions (i.e., inbred lines), will be developed, exploiting germplasm available both from genebanks and on-farm and subjected to different levels of genotypic and phenotypic characterization. Phenotyping and gene discovery activities will meet, via a participatory approach, the needs of various actors, including breeders, scientists, farmers and agri-food and non-food industries, exploiting also the power of massive metabolomics and transcriptomics and of artificial intelligence and smart tools. Moreover, INCREASE will test, with a citizen science experiment, an innovative system of conservation and use of genetic resources based on a decentralized approach for data management and dynamic conservation. By promoting the use of food legumes, improving their quality, adaptation and yield and boosting the competitiveness of the agriculture and food sector, the INCREASE strategy will have a major impact on economy and society and represents a case study of integrative and participatory approaches towards conservation and exploitation of crop genetic resources. © 2021 The Authors. The Plant Journal published by Society for Experimental Biology and John Wiley & Sons Ltd.",artificial intelligence; high-throughput phenotyping; metabolomics; plant genetic resources; symbiosis,"Agriculture; Artificial Intelligence; Competition; Conservation; Food; Increments; Resources; Symbiosis; Crops, Agricultural; Databases, Genetic; Europe; Fabaceae; Genotype; International Cooperation; Seed Bank; Seeds; Agricultural robots; Agriculture; Climate change; Competition; Food supply; Information management; Agro foods; Genetic resources; High-throughput phenotyping; Human health; Legume genetics; Metabolomics; Participatory approach; Plant genetic resource; Sustainable agriculture; Symbiosis; conservational seed bank; crop; Europe; Fabaceae; genetic database; genetics; genotype; international cooperation; plant seed; Artificial intelligence","R. Papa; Department of Agricultural, Food and Environmental Sciences, Polytechnic University of Marche, Ancona, via Brecce Bianche, 60131, Italy; email: r.papa@univpm.it",NA,John Wiley and Sons Inc,09607412,NA,PLJUE,34427014,English,Plant J.,Article,Final,All Open Access; Green Open Access; Hybrid Gold Open Access,Scopus,2-s2.0-85115391421
5,Kroc M.; Tomaszewska M.; Czepiel K.; Bitocchi E.; Oppermann M.; Neumann K.; Guasch L.; Bellucci E.; Alseekh S.; Graner A.; Fernie A.R.; Papa R.; Susek K.,"Kroc, Magdalena (56063545300); Tomaszewska, Magdalena (57196477663); Czepiel, Katarzyna (57206662276); Bitocchi, Elena (23134251800); Oppermann, Markus (52664062800); Neumann, Kerstin (24438110500); Guasch, Luis (57212833611); Bellucci, Elisa (22933699500); Alseekh, Saleh (55346984500); Graner, Andreas (7003968754); Fernie, Alisdair R. (7004871138); Papa, Roberto (58077469500); Susek, Karolina (24344167900)",56063545300; 57196477663; 57206662276; 23134251800; 52664062800; 24438110500; 57212833611; 22933699500; 55346984500; 7003968754; 7004871138; 58077469500; 24344167900,"Towards Development, Maintenance, and Standardized Phenotypic Characterization of Single-Seed-Descent Genetic Resources for Lupins",2021,Current Protocols,1,7,e191,NA,NA,16,10.1002/cpz1.191,https://www.scopus.com/pages/publications/85111703348?origin=resultslist,"Legume Genomics Team, Institute of Plant Genetics, Polish Academy of Sciences, Poznan, Poland; Department of Agricultural, Food and Environmental Sciences, Università Politecnica delle Marche, Ancona, Italy; Leibniz Institute of Plant Genetics and Crop Plant Research, Gatersleben, Seeland, Germany; Spanish Plant Genetic Resources National Center, Alcalá de Henares, Spain; Max-Planck-Institute of Molecular Plant Physiology, Potsdam-Golm, Germany; Center of Plant Systems Biology and Biotechnology, Plovdiv, Bulgaria","Kroc M., Legume Genomics Team, Institute of Plant Genetics, Polish Academy of Sciences, Poznan, Poland; Tomaszewska M., Legume Genomics Team, Institute of Plant Genetics, Polish Academy of Sciences, Poznan, Poland; Czepiel K., Legume Genomics Team, Institute of Plant Genetics, Polish Academy of Sciences, Poznan, Poland; Bitocchi E., Department of Agricultural, Food and Environmental Sciences, Università Politecnica delle Marche, Ancona, Italy; Oppermann M., Leibniz Institute of Plant Genetics and Crop Plant Research, Gatersleben, Seeland, Germany; Neumann K., Leibniz Institute of Plant Genetics and Crop Plant Research, Gatersleben, Seeland, Germany; Guasch L., Spanish Plant Genetic Resources National Center, Alcalá de Henares, Spain; Bellucci E., Department of Agricultural, Food and Environmental Sciences, Università Politecnica delle Marche, Ancona, Italy; Alseekh S., Max-Planck-Institute of Molecular Plant Physiology, Potsdam-Golm, Germany, Center of Plant Systems Biology and Biotechnology, Plovdiv, Bulgaria; Graner A., Leibniz Institute of Plant Genetics and Crop Plant Research, Gatersleben, Seeland, Germany; Fernie A.R., Max-Planck-Institute of Molecular Plant Physiology, Potsdam-Golm, Germany, Center of Plant Systems Biology and Biotechnology, Plovdiv, Bulgaria; Papa R., Department of Agricultural, Food and Environmental Sciences, Università Politecnica delle Marche, Ancona, Italy; Susek K., Legume Genomics Team, Institute of Plant Genetics, Polish Academy of Sciences, Poznan, Poland","Well-characterized genetic resources are fundamental to maintain and provide the various genotypes for pre-breeding programs for the production of new cultivars (e.g., wild relatives, unimproved material, landraces). The aim of the current article is to provide protocols for the characterization of the genetic resources of two lupin crop species: the European Lupinus albus and the American Lupinus mutabilis. Intelligent nested collections of lupins derived from homozygous lines (single-seed descent) are being developed, established, and exploited using cutting-edge approaches for genotyping, phenotyping, data management, and data analysis within the INCREASE project (EU Horizon 2020). This will allow us to predict the phenotypic performance of genotyped lines, and will further boost research and development in lupins. Lupins stand out due to their high-quality seed protein (∼40% of seed dry weight) and other primary components in the seeds, which include fatty acids, dietary fiber, and minerals. The potential of lupins as a crop is highlighted by the multiple benefits of plant-based food in terms of food security, nutrition, human health, and sustainable production. The use of lupins in foods, along with other well-studied and widely used food legumes, will also provide a greatly diversified plant-based food palette to meet the Global Goals for Sustainable Development to improve people's lives by 2030. © 2021 The Authors. Current Protocols published by Wiley Periodicals LLC. Basic Protocol 1: Lupin seed phenotypic descriptors. Basic Protocol 2: Lupin seed imaging. Basic Protocol 3: Standardized phenotypic characterization of lupin genetic resources grown towards primary seed increase (development of single-seed descent genetic resources). © 2021 The Authors. Current Protocols published by Wiley Periodicals LLC.",genetic resources; germplasm; INCREASE; intelligent collections; lupin; plant standardized phenotyping; single-seed descent line,Dietary Fiber; Genotype; Humans; Lupinus; Plant Breeding; Seeds; dietary fiber; genetics; genotype; human; lupin; plant breeding; plant seed,"K. Susek; Legume Genomics Team, Institute of Plant Genetics, Polish Academy of Sciences, Poznan, Poland; email: ksus@igr.poznan.pl",NA,John Wiley and Sons Inc,26911299,NA,NA,34242495,English,Curr. Protoc.,Article,Final,All Open Access; Green Open Access; Hybrid Gold Open Access,Scopus,2-s2.0-85111703348
5,Huaringa-Joaquin A.; Saldaña C.L.; Saravia D.; García-Bendezú S.; Rodriguez-Grados P.; Salazar W.; Camarena F.; Injante P.; Arbizu C.I.,"Huaringa-Joaquin, Amelia (32867721900); Saldaña, Carla L. (57220931483); Saravia, David (56431071800); García-Bendezú, Sady (37004396900); Rodriguez-Grados, Pedro (57416182100); Salazar, Wilian (57963919400); Camarena, Felix (6507443788); Injante, Pedro (58181708900); Arbizu, Carlos I. (57189988464)",32867721900; 57220931483; 56431071800; 37004396900; 57416182100; 57963919400; 6507443788; 58181708900; 57189988464,"Assessment of the Genetic Diversity and Population Structure of the Peruvian Andean Legume, Tarwi (Lupinus mutabilis), with High Quality SNPs",2023,Diversity,15,3,437,NA,NA,8,10.3390/d15030437,https://www.scopus.com/pages/publications/85152365165?origin=resultslist,"Departamento de Fitotecnia, Facultad de Agronomía, Universidad Nacional Agraria La Molina, Av. La Molina s/n, Lima, 15024, Peru; Dirección de Desarrollo Tecnológico Agrario, Instituto Nacional de Innovación Agraria (INIA), Av. La Molina 1981, Lima, 15024, Peru; Departamento de Suelos, Facultad de Agronomía, Universidad Nacional Agraria La Molina, Av. La Molina s/n, Lima, 15024, Peru; Facultad de Ciencias, Universidad Nacional José Faustino Sánchez Carrión, Av. Mercedes Indacochea Nro. 609, Huacho, 15136, Peru","Huaringa-Joaquin A., Departamento de Fitotecnia, Facultad de Agronomía, Universidad Nacional Agraria La Molina, Av. La Molina s/n, Lima, 15024, Peru; Saldaña C.L., Dirección de Desarrollo Tecnológico Agrario, Instituto Nacional de Innovación Agraria (INIA), Av. La Molina 1981, Lima, 15024, Peru; Saravia D., Departamento de Fitotecnia, Facultad de Agronomía, Universidad Nacional Agraria La Molina, Av. La Molina s/n, Lima, 15024, Peru, Dirección de Desarrollo Tecnológico Agrario, Instituto Nacional de Innovación Agraria (INIA), Av. La Molina 1981, Lima, 15024, Peru; García-Bendezú S., Departamento de Suelos, Facultad de Agronomía, Universidad Nacional Agraria La Molina, Av. La Molina s/n, Lima, 15024, Peru; Rodriguez-Grados P., Facultad de Ciencias, Universidad Nacional José Faustino Sánchez Carrión, Av. Mercedes Indacochea Nro. 609, Huacho, 15136, Peru; Salazar W., Dirección de Desarrollo Tecnológico Agrario, Instituto Nacional de Innovación Agraria (INIA), Av. La Molina 1981, Lima, 15024, Peru; Camarena F., Departamento de Fitotecnia, Facultad de Agronomía, Universidad Nacional Agraria La Molina, Av. La Molina s/n, Lima, 15024, Peru; Injante P., Dirección de Desarrollo Tecnológico Agrario, Instituto Nacional de Innovación Agraria (INIA), Av. La Molina 1981, Lima, 15024, Peru; Arbizu C.I., Dirección de Desarrollo Tecnológico Agrario, Instituto Nacional de Innovación Agraria (INIA), Av. La Molina 1981, Lima, 15024, Peru","Lupinus mutabilis Sweet (Fabaceae), “tarwi” or “chocho”, is an important grain legume in the Andean region. In Peru, studies on tarwi have mainly focused on morphological features; however, they have not been molecularly characterized. Currently, it is possible to explore the genetic parameters of plants with reliable and modern methods such as genotyping by sequencing (GBS). Here, for the first time, we used single nucleotide polymorphism (SNP) markers to infer the genetic diversity and population structure of 89 accessions of tarwi from nine Andean regions of Peru. A total of 5922 SNPs distributed along all chromosomes of tarwi were identified. STRUCTURE analysis revealed that this crop is grouped into two clusters. A dendrogram was generated using the UPGMA clustering algorithm and, like the principal coordinate analysis (PCoA), it showed two groups that correspond to the geographic origin of the tarwi samples. AMOVA showed a reduced variation between clusters (7.59%) and indicated that variability within populations is 92.41%. Population divergence (Fst) between clusters 1 and 2 revealed low genetic difference (0.019). We also detected a negative Fis for both populations, demonstrating that, like other Lupinus species, tarwi also depends on cross-pollination. SNP markers were powerful and effective for the genotyping process in this germplasm. We hope that this information is the beginning of the path towards a modern genetic improvement and conservation strategies of this important Andean legume. © 2023 by the authors.",bioinformatics; Fabaceae; genomics; molecular markers; neglected crop,Andes; Peru; bioinformatics; genetic variation; genomics; legume; molecular analysis; population structure,"C.I. Arbizu; Dirección de Desarrollo Tecnológico Agrario, Instituto Nacional de Innovación Agraria (INIA), Lima, Av. La Molina 1981, 15024, Peru; email: carbizu@inia.gob.pe",NA,MDPI,14242818,NA,NA,NA,English,Diversity,Article,Final,All Open Access; Gold Open Access; Green Open Access,Scopus,2-s2.0-85152365165
5,Lazaridi E.; Papadopoulos G.K.; Bebeli P.J.,"Lazaridi, Efstathia (57191498254); Papadopoulos, George K. (57214027665); Bebeli, Penelope J. (6603048776)",57191498254; 57214027665; 6603048776,Andean lupin phenology and agronomic performance under different planting dates in a mediterranean climate,2020,Agronomy,10,12,2020,NA,NA,4,10.3390/agronomy10122020,https://www.scopus.com/pages/publications/85101553678?origin=resultslist,"Laboratory of Plant Breeding and Biometry, Department of Crop Science, Agricultural University of Athens, Athens, 11855, Greece","Lazaridi E., Laboratory of Plant Breeding and Biometry, Department of Crop Science, Agricultural University of Athens, Athens, 11855, Greece; Papadopoulos G.K., Laboratory of Plant Breeding and Biometry, Department of Crop Science, Agricultural University of Athens, Athens, 11855, Greece; Bebeli P.J., Laboratory of Plant Breeding and Biometry, Department of Crop Science, Agricultural University of Athens, Athens, 11855, Greece","Andean lupin in Europe has regained interest in recent years due to its high seed protein and oil content and its potential use for food, feed as well as a crop used in biorefineries. A search for suitable germplasm in combination with a determination of appropriate agronomical practices such as planting date are needed for commercial farming in new areas. The current study aims to evaluate the performance of six selected L. mutabilis accessions in a Mediterranean area using two different planting dates for two consecutive experimental years. A split plot design with accessions as subplots and planting dates as main plots was used. Measurements such as days to flowering, plant height, total number of pods and seeds per plant, seed yield and seed crude protein content were taken. All accessions performed better when cultivation started not later than the end of autumn since high temperatures occurred during late spring shortened the growth cycle and reduced yield. Earlier cultivation applied, in the middle of autumn, did not enhance significantly seed yield production. Among the accessions, LIB223 was characterized by the highest seed crude protein content in the early planting treatment, while accessions with prolonged growth cycle (LIB209, LIB214 and LIB223) produced higher seed yield than other accessions and could be further studied as promising breeding material for cultivation under the edaphoclimatic conditions tested. © 2020 by the authors. Licensee MDPI, Basel, Switzerland.",Crude protein; Lupins; Lupinus mutabilis; Nutrient content; Planting date; Seed production; Southern Europe; Tarwi,NA,"P.J. Bebeli; Laboratory of Plant Breeding and Biometry, Department of Crop Science, Agricultural University of Athens, Athens, 11855, Greece; email: bebeli@aua.gr",NA,MDPI AG,20734395,NA,NA,NA,English,Agronomy,Article,Final,All Open Access; Gold Open Access; Green Open Access,Scopus,2-s2.0-85101553678
5,Gulisano A.; Alves S.; Rodriguez D.; Murillo A.; van Dinter B.-J.; Torres A.F.; Gordillo-Romero M.; Torres M.D.L.; Neves-Martins J.; Paulo M.-J.; Trindade L.M.,"Gulisano, Agata (57211003087); Alves, Sofia (55218824400); Rodriguez, Diego (57225792322); Murillo, Angel (15840169700); van Dinter, Bert-Jan (57197867590); Torres, Andres F. (55699229400); Gordillo-Romero, Milton (57219729236); Torres, Maria de Lourdes (55973684200); Neves-Martins, João (7801484626); Paulo, Maria-João (56231378900); Trindade, Luisa M. (6701594169)",57211003087; 55218824400; 57225792322; 15840169700; 57197867590; 55699229400; 57219729236; 55973684200; 7801484626; 56231378900; 6701594169,Diversity and Agronomic Performance of Lupinus mutabilis Germplasm in European and Andean Environments,2022,Frontiers in Plant Science,13,NA,903661,NA,NA,13,10.3389/fpls.2022.903661,https://www.scopus.com/pages/publications/85133448872?origin=resultslist,"Wageningen University and Research Plant Breeding, Wageningen University, Wageningen, Netherlands; DRAT, Instituto Superior de Agronomia, Universidade de Lisboa, Lisbon, Portugal; Instituto Nacional de Investigaciones Agropecuarias (INIAP), Estación Experimental Santa Catalina, Quito, Ecuador; Vandinter Semo, Scheemda, Netherlands; Plant Biotechnology Laboratory, Universidad San Francisco de Quito, Quito, Ecuador; Wageningen University and Research Biometris, Wageningen Research, Wageningen, Netherlands","Gulisano A., Wageningen University and Research Plant Breeding, Wageningen University, Wageningen, Netherlands; Alves S., DRAT, Instituto Superior de Agronomia, Universidade de Lisboa, Lisbon, Portugal; Rodriguez D., Instituto Nacional de Investigaciones Agropecuarias (INIAP), Estación Experimental Santa Catalina, Quito, Ecuador; Murillo A., Instituto Nacional de Investigaciones Agropecuarias (INIAP), Estación Experimental Santa Catalina, Quito, Ecuador; van Dinter B.-J., Vandinter Semo, Scheemda, Netherlands; Torres A.F., Plant Biotechnology Laboratory, Universidad San Francisco de Quito, Quito, Ecuador; Gordillo-Romero M., Plant Biotechnology Laboratory, Universidad San Francisco de Quito, Quito, Ecuador; Torres M.D.L., Plant Biotechnology Laboratory, Universidad San Francisco de Quito, Quito, Ecuador; Neves-Martins J., DRAT, Instituto Superior de Agronomia, Universidade de Lisboa, Lisbon, Portugal; Paulo M.-J., Wageningen University and Research Biometris, Wageningen Research, Wageningen, Netherlands; Trindade L.M., Wageningen University and Research Plant Breeding, Wageningen University, Wageningen, Netherlands","The introduction of Lupinus mutabilis (Andean lupin) in Europe will provide a new source of protein and oil for plant-based diets and biomass for bio-based products, while contributing to the improvement of marginal soils. This study evaluates for the first time the phenotypic variability of a large panel of L. mutabilis accessions both in their native environment and over two cropping conditions in Europe (winter crop in the Mediterranean region and summer crop in North-Central Europe), paving the way for the selection of accessions adapted to specific environments. The panel of 225 accessions included both germplasm pools from the Andean region and breeding lines from Europe. Notably, we reported higher grain yield in Mediterranean winter-cropping conditions (18 g/plant) than in the native region (9 g/plant). Instead, North European summer-cropping conditions appear more suitable for biomass production (up to 2 kg/plant). The phenotypic evaluation of 16 agronomical traits revealed significant variation in the panel. Principal component analyses pointed out flowering time, yield, and architecture-related traits as the main factors explaining variation between accessions. The Peruvian material stands out among the top-yielding accessions in Europe, characterized by early lines with high grain yield (e.g., LIB065, LIB072, and LIB155). Bolivian and Ecuadorian materials appear more valuable for the selection of genotypes for Andean conditions and for biomass production in Europe. We also observed that flowering time in the different environments is influenced by temperature accumulation. Within the panel, it is possible to identify both early and late genotypes, characterized by different thermal thresholds (600°C–700°C and 1,000–1,200°C GDD, respectively). Indications on top-yielding and early/late accessions, heritability of morpho-physiological traits, and their associations with grain yield are reported and remain largely environmental specific, underlining the importance of selecting useful genetic resources for specific environments. Altogether, these results suggest that the studied panel holds the genetic potential for the adaptation of L. mutabilis to Europe and provide the basis for initiating a breeding program based on exploiting the variation described herein. Copyright © 2022 Gulisano, Alves, Rodriguez, Murillo, van Dinter, Torres, Gordillo-Romero, Torres, Neves-Martins, Paulo and Trindade.",Andean lupin; biomass; breeding; germplasm characterization; grain yield; phenotypic diversity; vegetative development,NA,"L.M. Trindade; Wageningen University and Research Plant Breeding, Wageningen University, Wageningen, Netherlands; email: luisa.trindade@wur.nl",NA,Frontiers Media S.A.,1664462X,NA,NA,NA,English,Front. Plant Sci.,Article,Final,All Open Access; Gold Open Access; Green Open Access,Scopus,2-s2.0-85133448872
5,Guilengue N.; Alves S.; Talhinhas P.; Neves-Martins J.,"Guilengue, Norberto (57214233842); Alves, Sofia (55218824400); Talhinhas, Pedro (6506057702); Neves-Martins, João (7801484626)",57214233842; 55218824400; 6506057702; 7801484626,Genetic and genomic diversity in a tarwi (lupinus mutabilis sweet) germplasm collection and adaptability to mediterranean climate conditions,2020,Agronomy,10,1,21,NA,NA,39,10.3390/agronomy10010021,https://www.scopus.com/pages/publications/85078481652?origin=resultslist,"Instituto Superior de Agronomia, Universidade de Lisboa, Lisbon, 1349-017, Portugal; LEAF, Linking Landscape Environment Agriculture and Food, Instituto Superior de Agronomia, Universidade de Lisboa, Lisbon, 1349-017, Portugal","Guilengue N., Instituto Superior de Agronomia, Universidade de Lisboa, Lisbon, 1349-017, Portugal; Alves S., Instituto Superior de Agronomia, Universidade de Lisboa, Lisbon, 1349-017, Portugal; Talhinhas P., Instituto Superior de Agronomia, Universidade de Lisboa, Lisbon, 1349-017, Portugal, LEAF, Linking Landscape Environment Agriculture and Food, Instituto Superior de Agronomia, Universidade de Lisboa, Lisbon, 1349-017, Portugal; Neves-Martins J., Instituto Superior de Agronomia, Universidade de Lisboa, Lisbon, 1349-017, Portugal","Lupinus mutabilis (tarwi) is a species of Andean origin with high protein and oil content and regarded as a potential crop in Europe. The success in the introduction of this crop depends in part on in depth knowledge of the intra-specific genetic variability of the collections, enabling the establishment of breeding and conservation programs. In this study, we used morphological traits, Inter-Simple Sequence Repeat markers and genome size to assess genetic and genomic diversity of 23 tarwi accessions under Mediterranean conditions. Phenotypic analyses and yield component studies point out accession LM268 as that achieving the highest seed production, producing large seeds and efficiently using primary branches as an important component of total yield, similar to the L. albus cultivars used as controls. By contrast, accession JKI-L295 presents high yield concentrated on the main stem, suggesting a semi-determinate development pattern. Genetic and genomic analyses revealed important levels of diversity, however not relatable to phenotypic diversity, reflecting the recent domestication of this crop. This is the first study of genome size diversity within L. mutabilis, revealing an average size of 2.05 pg/2C (2001 Mbp) with 9.2% variation (1897-2003 Mbp), prompting further studies for the exploitation of this diversity. © 2019 by the authors.",Genetic diversity; Genome size; ISSR; Lupinus mutabilis; Mediterranean climate; Morphological traits,NA,"J. Neves-Martins; Instituto Superior de Agronomia, Universidade de Lisboa, Lisbon, 1349-017, Portugal; email: ptalhinhas@isa.ulisboa.pt",NA,MDPI AG,20734395,NA,NA,NA,English,Agronomy,Article,Final,All Open Access; Gold Open Access; Green Open Access,Scopus,2-s2.0-85078481652
5,Ortega-Quispe K.; Peña-Elme E.; Girón-Aguilar C.; Amaro-Camarena N.; Rios-Chavarría C.; Lopez-Pariona B.; Cerrón-Mercado F.; Camargo-Hinostroza S.; Pizarro S.,"Ortega-Quispe, Kevin (57391995800); Peña-Elme, Eunice (60075410900); Girón-Aguilar, Carolina (58482221400); Amaro-Camarena, Nery (60339150100); Rios-Chavarría, Claudia (59493832600); Lopez-Pariona, Bertha (60380506000); Cerrón-Mercado, Francis (57866812800); Camargo-Hinostroza, Steve (59396269400); Pizarro, Samuel (58728623100)",57391995800; 60075410900; 58482221400; 60339150100; 59493832600; 60380506000; 57866812800; 59396269400; 58728623100,Phenotypic variability of tarwi (Lupinus mutabilis S.) in Peruvian germplasm collections,2026,Genetic Resources,7,13,NA,41,56,0,10.46265/genresj.TDIC2170,https://www.scopus.com/pages/publications/105029821683?origin=resultslist,"Estación Experimental Agraria Santa Ana, Dirección de Recursos Genéticos y Biotecnología, Instituto Nacional de Innovación Agraria (INIA), Carretera Saños Grande – Hualahoyo Km 8 Santa Ana, Junín, Huancayo, 12007, Peru; Escuela Académico Profesional de Ingeniería Ambiental, Universidad Continental, Huancayo, 12001, Peru; Faculty of Forestry, University of Sopron, Bajcsy-Zsilinszky u. 4, Sopron, 9400, Hungary; Centro de Investigación en Geomática Ambiental (CIGA), Instituto de Investigación para el Desarrollo Sustentable de Ceja de Selva (INDES-CES), Universidad Nacional Toribio Rodríguez de Mendoza de Amazonas, Chachapoyas, 01001, Peru","Ortega-Quispe K., Estación Experimental Agraria Santa Ana, Dirección de Recursos Genéticos y Biotecnología, Instituto Nacional de Innovación Agraria (INIA), Carretera Saños Grande – Hualahoyo Km 8 Santa Ana, Junín, Huancayo, 12007, Peru, Escuela Académico Profesional de Ingeniería Ambiental, Universidad Continental, Huancayo, 12001, Peru; Peña-Elme E., Estación Experimental Agraria Santa Ana, Dirección de Recursos Genéticos y Biotecnología, Instituto Nacional de Innovación Agraria (INIA), Carretera Saños Grande – Hualahoyo Km 8 Santa Ana, Junín, Huancayo, 12007, Peru; Girón-Aguilar C., Estación Experimental Agraria Santa Ana, Dirección de Recursos Genéticos y Biotecnología, Instituto Nacional de Innovación Agraria (INIA), Carretera Saños Grande – Hualahoyo Km 8 Santa Ana, Junín, Huancayo, 12007, Peru; Amaro-Camarena N., Estación Experimental Agraria Santa Ana, Dirección de Recursos Genéticos y Biotecnología, Instituto Nacional de Innovación Agraria (INIA), Carretera Saños Grande – Hualahoyo Km 8 Santa Ana, Junín, Huancayo, 12007, Peru; Rios-Chavarría C., Faculty of Forestry, University of Sopron, Bajcsy-Zsilinszky u. 4, Sopron, 9400, Hungary; Lopez-Pariona B., Estación Experimental Agraria Santa Ana, Dirección de Recursos Genéticos y Biotecnología, Instituto Nacional de Innovación Agraria (INIA), Carretera Saños Grande – Hualahoyo Km 8 Santa Ana, Junín, Huancayo, 12007, Peru; Cerrón-Mercado F., Estación Experimental Agraria Santa Ana, Dirección de Recursos Genéticos y Biotecnología, Instituto Nacional de Innovación Agraria (INIA), Carretera Saños Grande – Hualahoyo Km 8 Santa Ana, Junín, Huancayo, 12007, Peru; Camargo-Hinostroza S., Escuela Académico Profesional de Ingeniería Ambiental, Universidad Continental, Huancayo, 12001, Peru; Pizarro S., Centro de Investigación en Geomática Ambiental (CIGA), Instituto de Investigación para el Desarrollo Sustentable de Ceja de Selva (INDES-CES), Universidad Nacional Toribio Rodríguez de Mendoza de Amazonas, Chachapoyas, 01001, Peru","The growing global loss of genetic diversity, phenotypic characterization becomes essential for identifying resilient varieties capable of diversifying and strengthening the agricultural production of underutilized crops such as tarwi (Lupinus mutabilis S.). This study aimed to characterize the phenotypic variability of 41 tarwi accessions conserved in the germplasm bank of the National Institute of Agricultural Innovation (INIA) of Peru. The accessions were evaluated over two consecutive agricultural seasons at the Santa Ana Agrarian Experimental Station under local conditions. Thirty morphological descriptors (17 qualitative and 13 quantitative) were used following IBPGR guidelines. Data were analyzed using descriptive statistics, principal component analysis, hierarchical clustering and correlation analysis for quantitative descriptors, as well as frequency tables and the Shannon-Weaver diversity index for qualitative descriptors. The results revealed high phenotypic variability, particularly in traits related to yield, plant architecture and floral attributes. The accessions were grouped into three morphoagronomic types: (1) highly productive accessions, (2) accessions with vigorous vegetative development, and (3) short-cycle plants with moderate yields. Yield per plant was significantly associated with the total pod number, total seed mass in hundred seeds and seed thickness. The study revealed considerable phenotypic diversity, characterized by significant correlations among key agronomic traits, the delineation of three distinct phenotypic clusters, and the identification of valuable qualitative attributes, which reinforces their potential for conservation and breeding programmes. However, expanded germplasm evaluation and multi-environment trials are required to validate genotype stability and refine selection criteria. However, additional accessions and further analyses are needed to validate the observed patterns. © Copyright 2026 the Authors.",accessions; conservation; descriptors; Germplasm; Leguminosae,NA,"K. Ortega-Quispe; Estación Experimental Agraria Santa Ana, Dirección de Recursos Genéticos y Biotecnología, Instituto Nacional de Innovación Agraria (INIA), Huancayo, Carretera Saños Grande – Hualahoyo Km 8 Santa Ana, Junín, 12007, Peru; email: kevinorqu@gmail.com",NA,Bioversity International,27083764,NA,NA,NA,English,Genet. Resour.,Article,Final,All Open Access; Gold Open Access; Green Open Access,Scopus,2-s2.0-105029821683
6,Martín J.C.; Higuera B.L.,"Martín, Jenny Carolina (56137432200); Higuera, Blanca Ligia (6506638178)",56137432200; 6506638178,"Glucosinolate composition of Colombian accessions of mashua (Tropaeolum tuberosum Ruíz & Pavón), structural elucidation of the predominant glucosinolate and assessment of its antifungal activity",2016,Journal of the science of food and agriculture,96,14,NA,4702,4712,24,10.1002/jsfa.7689,https://www.scopus.com/pages/publications/84989235021?origin=resultslist,"Department of Chemistry, Sciences Faculty, Universidad Nacional de Colombia, Bogotá, Colombia; Department of Chemistry, Sciences Faculty, Universidad Nacional de Colombia, Bogotá, Colombia","Martín J.C., Department of Chemistry, Sciences Faculty, Universidad Nacional de Colombia, Bogotá, Colombia; Higuera B.L., Department of Chemistry, Sciences Faculty, Universidad Nacional de Colombia, Bogotá, Colombia","BACKGROUND: The content of individual and total glucosinolates in 65 mashua tuber accessions (Tropaeolum tuberosum) from the germplasm bank at Universidad Nacional de Colombia was determined by reverse phase high-performance liquid chromatography on enzymatically desulfated extracts. The predominant glucosinolate was identified and the possible structure of the glucosinolate present in lower proportion was postulated from evidence obtained by high-performance liquid chromatography/mass spectrometry, 1 H and 13 C nuclear magnetic resonance and bi-dimensional experiments. The biological action of the hydrolysis products generated from the glucosinolates in the accessions that showed a higher content of these compounds was assessed in the presence of Fusarium oxysporum f. sp. dianthi, Rhizoctonia solani and Phytophthora infestans.; RESULTS: The total content of glucosinolates ranged between >3.00 × 10-1 and 25.8 µmol g-1 dry matter. p-Methoxybenzyl glucosinolate was identified as the predominant glucosinolate in Colombian mashua accessions; besides, the possible presence of p-hydroxybenzyl glucosinolate was postulated. In vitro assays established an important fungal growth inhibition of the potato pathogen P. infestans.; CONCLUSION: The biological action from p-methoxybenzyl glucosinolate and p-hydroxybenzyl glucosinolate found in Colombian mashua accessions depends on their concentration, with the Tt30 accession, characterized for showing the highest content of glucosinolates, being the most promising to control the assessed pathogens. © 2016 Society of Chemical Industry. © 2016 Society of Chemical Industry.",glucosinolates; p-hydroxybenzyl glucosinolate; p-methoxybenzyl glucosinolate; Tropaeolum tuberosum,Antifungal Agents; Carbohydrate Conformation; Colombia; Fungi; Glucosinolates; Plant Diseases; Solanum tuberosum; Tropaeolum; antifungal agent; glucosinolate; chemistry; Colombia; conformation; drug effects; fungus; genetics; metabolism; microbiology; plant disease; potato; Tropaeolum,NA,NA,NA,10970010,NA,NA,26919585,English,J. Sci. Food Agric.,Article,Final,NA,Scopus,2-s2.0-84989235021
6,Malice M.; Baudoin J.-P.,"Malice, Marie (35199652300); Baudoin, Jean-Pierre (7003617108)",35199652300; 7003617108,Genetic diversity and germplasm conservation of three minor Andean tuber crop species; [Diversité génétique et conservation du germoplasme de trois tubercules andins mineurs],2009,"Biotechnology, Agronomy, Society and Environment",13,3,NA,441,448,15,NA,https://www.scopus.com/pages/publications/70349873337?origin=resultslist,"Univ. Liege - Gembloux Agro-Bio Tech, Department of Tropical Crop Husbandry and Horticulture, 2. B- 5030 Gembloux, Passage des Déportés, Belgium","Malice M., Univ. Liege - Gembloux Agro-Bio Tech, Department of Tropical Crop Husbandry and Horticulture, 2. B- 5030 Gembloux, Passage des Déportés, Belgium; Baudoin J.-P., Univ. Liege - Gembloux Agro-Bio Tech, Department of Tropical Crop Husbandry and Horticulture, 2. B- 5030 Gembloux, Passage des Déportés, Belgium","In traditional Andean agrosystems, three minor tuber crop species are of regional or local importance: oca (Oxalis tuberosa Molina), ulluco (Ullucus tuberosus Caldas) and mashua (Tropaeolum tuberosum Ruiz & Pav.). Genetic diversity within these species is very large and could result from the high ecological and cultural variability that characterizes the Andean area. Nowadays, many anthropic or ecological factors cause the loss of diversity and contribute to genetic erosion. The development of conservation strategies for genetic resources of Andean tubers, in situ as well as ex situ, includes a better knowledge of diversity in addition to the study of Andean farming strategies linked to this genetic diversity.",Andean tubers; Bolivia; Ex situ conservation; Genetic diversity; In situ conservation; Mashua; Oca; Phytogenetic resources; Ulluco,Oxalis tuberosa; Tropaeolaceae; Tropaeolum tuberosum; Ullucus tuberosus,"M. Malice; Univ. Liege - Gembloux Agro-Bio Tech, Department of Tropical Crop Husbandry and Horticulture, 2. B- 5030 Gembloux, Passage des Déportés, Belgium; email: malice.m@fsagx.ac.be",NA,Les Presses Agronomiques de Gembloux,13706233,NA,NA,NA,French,"""Biotechnologie, Agronomie, Societe et Environnement""",Article,Final,NA,Scopus,2-s2.0-70349873337
6,Ortega O.R.; Duran E.; Arbizu C.; Ortega R.; Roca W.; Potter D.; Quiros C.F.,"Ortega, O.R. (15052349600); Duran, E. (36474817600); Arbizu, C. (58551722300); Ortega, R. (56372669300); Roca, W. (57195757405); Potter, D. (57213242775); Quiros, C.F. (7005117362)",15052349600; 36474817600; 58551722300; 56372669300; 57195757405; 57213242775; 7005117362,"Pattern of genetic diversity of cultivated and non-cultivated mashua, Tropaeolum tuberosum, in the Cusco region of Perú",2007,Genetic Resources and Crop Evolution,54,4,NA,807,821,17,10.1007/s10722-006-9160-y,https://www.scopus.com/pages/publications/34447318379?origin=resultslist,"Department of Plant Sciences, University of California, Davis, CA 95616, United States; International Potato Center, Lima 12, POB 1558, Peru; Centro Regional de Investigación en Biodiversidad Andina (CRIBA), Universidad Nacional San Antonio Abad del Cusco, Cusco, Peru","Ortega O.R., Department of Plant Sciences, University of California, Davis, CA 95616, United States, Centro Regional de Investigación en Biodiversidad Andina (CRIBA), Universidad Nacional San Antonio Abad del Cusco, Cusco, Peru; Duran E., Centro Regional de Investigación en Biodiversidad Andina (CRIBA), Universidad Nacional San Antonio Abad del Cusco, Cusco, Peru; Arbizu C., International Potato Center, Lima 12, POB 1558, Peru; Ortega R., Centro Regional de Investigación en Biodiversidad Andina (CRIBA), Universidad Nacional San Antonio Abad del Cusco, Cusco, Peru; Roca W., International Potato Center, Lima 12, POB 1558, Peru; Potter D., Department of Plant Sciences, University of California, Davis, CA 95616, United States; Quiros C.F., Department of Plant Sciences, University of California, Davis, CA 95616, United States","This paper analyzes the genetic diversity of mashua cultivars grown in six communities in the Cusco region of Perú, of non-cultivated forms collected in the same region, and a sample of cultivars from the germplasm collection at the International Potato Center (CIP). From the DNA fingerprinting generated by SRAP markers, it is clear that mashua is a genetically variable crop with a range of similarity ranging from 65 to 99%. The widest range of variation was found for the most isolated community, Sayllafaya. Another important finding was that most of the non-cultivated accessions are likely feral races resulting from escape to cultivation rather than wild relatives. In general the range of variation of the cultivars from the communities and their feral relatives are not represented in the cultivars sampled of the collection maintained at the International Potato Center, Perú. © 2006 Springer Science+Business Media, Inc.",Andean tuber; Genetic diversity; Mashua; Molecular markers; SRAP; Tropaeolum tuberosum,Cuzco [Peru]; Peru; South America; Solanum tuberosum; Tropaeolaceae; Tropaeolum tuberosum; cultivar; DNA fingerprinting; feral organism; genetic marker; genetic variation; germplasm; tuber,"C.F. Quiros; Department of Plant Sciences, University of California, Davis, CA 95616, United States; email: cfquiros@ucdavis.edu",NA,NA,09259864,NA,GRCEE,NA,English,Genet. Resour. Crop. Evol.,Article,Final,All Open Access; Green Open Access,Scopus,2-s2.0-34447318379
6,Ruiz-Mateus D.; Scheffler I.; Márquez-Cardona M.D.P.; Greb T.; Terán W.; Hunziker P.,"Ruiz-Mateus, Daniela (60148050900); Scheffler, Ina (60599691100); Márquez-Cardona, María del Pilar (35738546700); Greb, Thomas (6507941083); Terán, Wilson (6506440960); Hunziker, Pascal (57200380798)",60148050900; 60599691100; 35738546700; 6507941083; 6506440960; 57200380798,Reference Genome Assembly of a Tetraploid Accession of the Tuber Crop Tropaeolum tuberosum,2026,Genome Biology and Evolution,18,5,NA,NA,NA,0,10.1093/gbe/evag115,https://www.scopus.com/pages/publications/105039491994?origin=resultslist,"Biología de Plantas y Sistemas Productivos, Departamento de Biología, Pontificia Universidad Javeriana, Bogotá, Colombia; Centre for Organismal Studies (COS), Heidelberg University, Im Neuenheimer Feld 360, Heidelberg, 69120, Germany; Biología de Plantas y Sistemas Productivos, Departamento de Biología, Pontificia Universidad Javeriana, Bogotá, Colombia; Centre for Organismal Studies (COS), Heidelberg University, Im Neuenheimer Feld 360, Heidelberg, 69120, Germany; Cluster of Excellence GreenRobust, Heidelberg University, Heidelberg, Germany; Biología de Plantas y Sistemas Productivos, Departamento de Biología, Pontificia Universidad Javeriana, Bogotá, Colombia; Centre for Organismal Studies (COS), Heidelberg University, Im Neuenheimer Feld 360, Heidelberg, 69120, Germany; Cluster of Excellence GreenRobust, Heidelberg University, Heidelberg, Germany","Ruiz-Mateus D., Biología de Plantas y Sistemas Productivos, Departamento de Biología, Pontificia Universidad Javeriana, Bogotá, Colombia; Scheffler I., Centre for Organismal Studies (COS), Heidelberg University, Im Neuenheimer Feld 360, Heidelberg, 69120, Germany; Márquez-Cardona M.D.P., Biología de Plantas y Sistemas Productivos, Departamento de Biología, Pontificia Universidad Javeriana, Bogotá, Colombia; Greb T., Centre for Organismal Studies (COS), Heidelberg University, Im Neuenheimer Feld 360, Heidelberg, 69120, Germany, Cluster of Excellence GreenRobust, Heidelberg University, Heidelberg, Germany; Terán W., Biología de Plantas y Sistemas Productivos, Departamento de Biología, Pontificia Universidad Javeriana, Bogotá, Colombia; Hunziker P., Centre for Organismal Studies (COS), Heidelberg University, Im Neuenheimer Feld 360, Heidelberg, 69120, Germany, Cluster of Excellence GreenRobust, Heidelberg University, Heidelberg, Germany","Tropaeolum tuberosum is a tuber-forming crop native to the Andes, valued for its nutritional content, pest resistance, and adaptation to high-altitude environments. Despite its contribution to food security and sustainable agriculture, it remains an underutilized species with scarce genomic resources, limiting genetic and functional studies. To address this gap, we generated a reference genome assembly for a European ex situ tetraploid accession of T. tuberosum using PacBio HiFi sequencing. The assembly spans 1.3 Gb in 1,805 contigs (contigs N50 = 32.2 Mb, longest contig = 60 Mb) and recovers 87% of the estimated genome size. We assessed assembly completeness and accuracy using Benchmarking Universal Single-Copy Orthologs, which detected 98.5% complete genes (21.7% single-copy, 76.8% duplicated), 0.7% fragmented, and 0.7% missing, demonstrating near-complete gene space recovery consistent with a high-quality tetraploid genome. To evaluate transferability, we resequenced a field-collected Colombian genotype of economic relevance using Oxford Nanopore technology. Read mapping showed 99.7% of primary alignments to the reference (weighted mean coverage = 16.4×, 96.1% at ≥5×), confirming broad sequence conservation between accessions and validating the suitability of the ex situ reference as an anchor for in situ germplasm. Repetitive elements accounted for 71.3% of the genome. Using ANNEVO, we annotated 56,354 high-confidence protein-coding genes, achieving 98.3% complete BUSCOs, a PSAURON score of 97.2, and 90.5% taxonomic consistency with the rosid lineage (OMArk). This high-quality reference genome establishes a foundational resource for comparative genomics, population genomics, and functional analyses on T. tuberosum, supporting future breeding and conservation of this important food resource. © The Author(s) 2026. Published by Oxford University Press on behalf of Society for Molecular Biology and Evolution. This is an Open Access article distributed under the terms of the Creative Commons Attribution License (https://creativecommons.org/licenses/by/4.0/), which permits unrestricted reuse, distribution, and reproduction in any medium, provided the original work is properly cited.",cubio; isaño; mashua; orphan crop; PacBio HiFi; underutilized,"Genome, Plant; Tetraploidy; plant genome; tetraploidy","P. Hunziker; Centre for Organismal Studies (COS), Heidelberg University, Heidelberg, Im Neuenheimer Feld 360, 69120, Germany; email: pascal.hunziker@cos.uni-heidelberg.de",NA,Oxford University Press,17596653,NA,NA,42090564,English,Genome Biolog. Evol.,Article,Final,All Open Access; Gold Open Access; Green Open Access,Scopus,2-s2.0-105039491994
7,Trognitz B.R.; Hermann M.; Carrión S.,"Trognitz, B.R. (6603173742); Hermann, M. (59848037500); Carrión, Susana (15827462500)",6603173742; 59848037500; 15827462500,Germplasm conservation of oca (Oxalis tuberosa Mol.) through botanical seed. Seed formation under a system of polymorphic incompatibility,1998,Euphytica,101,2,NA,133,141,16,10.1023/A:1018336003573,https://www.scopus.com/pages/publications/0031862133?origin=resultslist,"International Potato Center, Lima, P.O. Box 1558, Peru; International Potato Center, Quito, P.O. Box 17-21-1977, Ecuador; Saarland University, 66041 Saarbruecken, Botanical Garden, Germany","Trognitz B.R., International Potato Center, Lima, P.O. Box 1558, Peru; Hermann M.; Carrión S., International Potato Center, Quito, P.O. Box 17-21-1977, Ecuador, Saarland University, 66041 Saarbruecken, Botanical Garden, Germany","Seven clonal accessions representing all three stylar morphs of tristylous oca were intercrossed and selfed in a complete diallelic crossing design. The four traits total capsule production, total number of seeds/capsule, total number of seeds containing an embryo/capsule, and percent seeds containing an embryo of all seeds per capsule were recorded. Both capsule and seed production were highest in the legitimate pollinations (in which styles are pollinated with pollen of the corresponding anther level), but also in illegitimate pollinations of mid-styled seed parents with long-level anther pollen of short-styled accessions. All 18 types of pollination, consisting of 6 legitimate, 6 illegitimate intermorph, and 6 illegitimate intramorph pollinations, expressed gradually different levels of capsule and seed production. Intramorph pollinations and selfs of mid-styled seed parents were less incompatible than intramorph pollinations and selfs of the long- and short-styled morphs. All accessions studied expressed an intact system of heteromorphic stylar incompatibility despite their exclusive clonal propagation for millennia. A maximum of 16,3 seeds/capsule containing an embryo was obtained in an individual legitimate cross of two accessions, although an average of 25 ovules are present in a flower of O. tuberosa. The results are discussed in relation to the establishment of a genebank based on botanical seed of this clonally propagated, valuable Andean tuber crop.",Breeding system; Genetic resources; Oca; Oxalis tuberosa; Reproductive biology; Tristyly,accession; genebank; germplasm; Oxalis tuberosa; plant breeding; pollination; Oxalis tuberosa; Oxalis tuberosa; Tuberosa,NA,NA,Kluwer Academic Publishers,00142336,NA,EUPHA,NA,English,Euphytica,Article,Final,NA,Scopus,2-s2.0-0031862133
7,Sánchez D.F.; Panta A.; Tay D.; Roca W.,"Sánchez, D.F. (35773826200); Panta, A. (23029063800); Tay, D. (36915807200); Roca, W. (6701641492)",35773826200; 23029063800; 36915807200; 6701641492,Cryopreservation of Ulluco (Ullucus tuberosus Cal.) and oca (Oxalis tuberosa Mol.) shoot tips using the PVS2 droplet-vitrification method,2011,Acta Horticulturae,908,NA,NA,339,346,7,10.17660/ActaHortic.2011.908.45,https://www.scopus.com/pages/publications/84855654983?origin=resultslist,"Genetic Resource Conservation and Characterization Division, Internacional Potato Center (CIP), Lima 12, Postal Code 1558, Peru","Sánchez D.F., Genetic Resource Conservation and Characterization Division, Internacional Potato Center (CIP), Lima 12, Postal Code 1558, Peru; Panta A., Genetic Resource Conservation and Characterization Division, Internacional Potato Center (CIP), Lima 12, Postal Code 1558, Peru; Tay D., Genetic Resource Conservation and Characterization Division, Internacional Potato Center (CIP), Lima 12, Postal Code 1558, Peru; Roca W., Genetic Resource Conservation and Characterization Division, Internacional Potato Center (CIP), Lima 12, Postal Code 1558, Peru","Ulluco (Ullucus tuberosus Cal.) and oca (Oxalis tuberosa Mol.) are Andean tuber crops of significant importance for the nutrition and subsistence of the Andean people. The world's largest germplasm collections of these crops, comprised of 544 and 628 accessions of ulluco and oca, respectively, are maintained at the International Potato Center (CIP). For their long-term conservation, CIP is currently developing cryopreservation techniques. Post-thaw survival and recovery resulting from shoot cryopreservation using plants cultured under different temperature regimes were investigated with 4 accessions each of ulluco and oca. Apical shoot tips from 3-week-old in vitro ulluco and oca plantlets were cryopreserved using the droplet-vitrification protocol. Shoot tips of 2 mm size were exposed to a loading solution for 20 min, dehydrated with PVS2 for 0, 15, 30, 45, 60 and 75 min, at 0°C, transferred to aluminium foil strips and plunged into liquid nitrogen. The highest recovery after cryopreservation was 35 and 15% for ulluco and oca, respectively, using 60 min of exposure to PVS2. In a second assay, in vitro donor plants of ulluco and oca were cultured at a constant temperature of 6°C, or alternating temperatures of 18°C in week 1 and 6°C in week 2. Shoot tips were cryopreserved following the protocol described above with 60 min exposition of exposure to PVS2. A constant low temperature did not increase the recovery percentage after cryopreservation. It did increase, however, with 5% in ulluco and 4% in oca plantlets when alternating temperatures were applied. These results showed that cryopreservation could be applied for long-term conservation of ulluco and oca germplasm collections.",Alternating temperature; Andean tubers; Cryopreservation; Droplet-vitrification; PVS2,Oxalis tuberosa; Solanum tuberosum; Ullucus tuberosus,NA,NA,International Society for Horticultural Science,05677572,978-906605470-7,NA,NA,English,Acta Hortic.,Conference paper,Final,NA,Scopus,2-s2.0-84855654983
7,Pissard A.; Arbizu C.; Ghislain M.; Faux A.-M.; Paulet S.; Bertin P.,"Pissard, Audrey (23012442700); Arbizu, Carlos (58551722300); Ghislain, Marc (7003982501); Faux, Anne-Michèle (23011684200); Paulet, Sébastien (23012874700); Bertin, Pierre (26636808100)",23012442700; 58551722300; 7003982501; 23011684200; 23012874700; 26636808100,Congruence between morphological and molecular markers inferred from the analysis of the intra-morphotype genetic diversity and the spatial structure of Oxalis tuberosa Mol.,2008,Genetica,132,1,NA,71,85,24,10.1007/s10709-007-9150-9,https://www.scopus.com/pages/publications/36448972687?origin=resultslist,"Departement de Biologie Appliquee et Productions Agricoles, Ecophysiologie et Amelioration Vegetale, Université Catholique de Louvain, Louvain-La-Neuve 1348, Place Croix du Sud, 2 bte 11, Belgium; International Potato Center (CIP), Lima 12, Apartado 1558, Peru","Pissard A., Departement de Biologie Appliquee et Productions Agricoles, Ecophysiologie et Amelioration Vegetale, Université Catholique de Louvain, Louvain-La-Neuve 1348, Place Croix du Sud, 2 bte 11, Belgium; Arbizu C., International Potato Center (CIP), Lima 12, Apartado 1558, Peru; Ghislain M., International Potato Center (CIP), Lima 12, Apartado 1558, Peru; Faux A.-M., Departement de Biologie Appliquee et Productions Agricoles, Ecophysiologie et Amelioration Vegetale, Université Catholique de Louvain, Louvain-La-Neuve 1348, Place Croix du Sud, 2 bte 11, Belgium; Paulet S., Departement de Biologie Appliquee et Productions Agricoles, Ecophysiologie et Amelioration Vegetale, Université Catholique de Louvain, Louvain-La-Neuve 1348, Place Croix du Sud, 2 bte 11, Belgium; Bertin P., Departement de Biologie Appliquee et Productions Agricoles, Ecophysiologie et Amelioration Vegetale, Université Catholique de Louvain, Louvain-La-Neuve 1348, Place Croix du Sud, 2 bte 11, Belgium","Oxalis tuberosa is an important crop cultivated in the highest Andean zones. A germplasm collection is maintained ex situ by CIP, which has developed a morphological markers system to classify the accessions into morphotypes, i.e. groups of morphologically identical accessions. However, their genetic uniformity is currently unknown. The ISSR technique was used in two experiments to determine the relationships between both morphological and molecular markers systems. The intra-morphotype genetic diversity, the spatial structures of the diversity and the congruence between both markers systems were determined. In the first experience, 44 accessions representing five morphotypes, clearly distinct from each other, were analyzed. At the molecular level, the accessions exactly clustered according to their morphotypes. However, a genetic variability was observed inside each morphotype. In the second experiment, 34 accessions gradually differing from each other on morphological base were analyzed. The morphological clustering showed no geographical structure. On the opposite, the molecular analysis showed that the genetic structure was slightly related to the collection site. The correlation between both markers systems was weak but significant. The lack of perfect congruence between morphological and molecular data suggests that the morphological system may be useful for the morphotypes management but is not appropriate to study the genetic structure of the oca. The spatial structure of the genetic diversity can be related to the evolution of the species and the discordance between the morphological and molecular structures may result from similar selection pressures at different places leading to similar forms with a different genetic background. © 2007 Springer Science+Business Media, Inc.",Genetic diversity; ISSR markers; Morphotype; Oca; Oxalis tuberosa; Spatial structure,"Angiosperms; Genetic Markers; Minisatellite Repeats; Phylogeny; Reproducibility of Results; Sequence Analysis, DNA; Variation (Genetics); Oxalis tuberosa; angiosperm; article; classification; DNA sequence; genetic marker; genetic variability; genetics; histology; methodology; phylogeny; reproducibility; variable number of tandem repeat","A. Pissard; Departement de Biologie Appliquee et Productions Agricoles, Ecophysiologie et Amelioration Vegetale, Université Catholique de Louvain, Louvain-La-Neuve 1348, Place Croix du Sud, 2 bte 11, Belgium; email: pissard@ecav.ucl.ac.be",NA,NA,00166707,NA,GENEA,17443293,English,Genetica,Article,Final,NA,Scopus,2-s2.0-36448972687
7,Lizárraga C.; Querci M.; Santa Cruz M.; Bartolini I.; Salazar L.F.,"Lizárraga, C. (6603084652); Querci, M. (6603619617); Santa Cruz, M. (6701505187); Bartolini, I. (6507492010); Salazar, L.F. (7102692146)",6603084652; 6603619617; 6701505187; 6507492010; 7102692146,Other natural hosts of potato virus T,2000,Plant Disease,84,7,NA,736,738,5,10.1094/PDIS.2000.84.7.736,https://www.scopus.com/pages/publications/0343193136?origin=resultslist,"Crop Protection Department, International Potato Center (CIP), Lima 12, Apartado 1558, Peru","Lizárraga C., Crop Protection Department, International Potato Center (CIP), Lima 12, Apartado 1558, Peru; Querci M., Crop Protection Department, International Potato Center (CIP), Lima 12, Apartado 1558, Peru; Santa Cruz M., Crop Protection Department, International Potato Center (CIP), Lima 12, Apartado 1558, Peru; Bartolini I., Crop Protection Department, International Potato Center (CIP), Lima 12, Apartado 1558, Peru; Salazar L.F., Crop Protection Department, International Potato Center (CIP), Lima 12, Apartado 1558, Peru","Potato virus T (PVT), a member of the genus Trichovirus, was isolated from leaves of naturally infected ulluco (Ullucus tuberosus), oca (Oxalis tuberosa), and mashua (Tropaeolum tuberosum). These Andean tuber crops are often grown in small plots in association with potato (Solanum tuberosum) in the Peruvian highlands. PVT isolates from ulluco, oca, mashua, and potato infected virus-free ulluco, oca, and potato genotypes by mechanical inoculation. The incidence of PVT in mashua, oca, and ulluco accessions from the International Potato Center (CIP) in vitro germplasm bank was less than 10%. A polymerase chain reaction (PCR) product of approximately 330 bp was obtained from each of the four isolates using primers designed from the published PVT sequence. Restriction enzyme digestions of the PCR product did not demonstrate variability.",Seedborne viruses,germplasm; host range; inoculation; Peru; polymerase chain reaction; potato virus T; restriction enzyme analysis; Tuber; virus infection; Oxalis tuberosa; Solanum tuberosum; Trichovirus; Tropaeolum tuberosum; Ullucus tuberosos,"C. Lizarraga; Crop Protection Department, International Potato Center (CIP), Lima 12, Apartado 1558, Peru; email: c.lizarraga@cgiar.org",NA,American Phytopathological Society,01912917,NA,PLDID,NA,English,Plant Dis.,Article,Final,NA,Scopus,2-s2.0-0343193136
7,Malice M.; Baudoin J.-P.,"Malice, Marie (35199652300); Baudoin, Jean-Pierre (7003617108)",35199652300; 7003617108,Genetic diversity and germplasm conservation of three minor Andean tuber crop species; [Diversité génétique et conservation du germoplasme de trois tubercules andins mineurs],2009,"Biotechnology, Agronomy, Society and Environment",13,3,NA,441,448,15,NA,https://www.scopus.com/pages/publications/70349873337?origin=resultslist,"Univ. Liege - Gembloux Agro-Bio Tech, Department of Tropical Crop Husbandry and Horticulture, 2. B- 5030 Gembloux, Passage des Déportés, Belgium","Malice M., Univ. Liege - Gembloux Agro-Bio Tech, Department of Tropical Crop Husbandry and Horticulture, 2. B- 5030 Gembloux, Passage des Déportés, Belgium; Baudoin J.-P., Univ. Liege - Gembloux Agro-Bio Tech, Department of Tropical Crop Husbandry and Horticulture, 2. B- 5030 Gembloux, Passage des Déportés, Belgium","In traditional Andean agrosystems, three minor tuber crop species are of regional or local importance: oca (Oxalis tuberosa Molina), ulluco (Ullucus tuberosus Caldas) and mashua (Tropaeolum tuberosum Ruiz & Pav.). Genetic diversity within these species is very large and could result from the high ecological and cultural variability that characterizes the Andean area. Nowadays, many anthropic or ecological factors cause the loss of diversity and contribute to genetic erosion. The development of conservation strategies for genetic resources of Andean tubers, in situ as well as ex situ, includes a better knowledge of diversity in addition to the study of Andean farming strategies linked to this genetic diversity.",Andean tubers; Bolivia; Ex situ conservation; Genetic diversity; In situ conservation; Mashua; Oca; Phytogenetic resources; Ulluco,Oxalis tuberosa; Tropaeolaceae; Tropaeolum tuberosum; Ullucus tuberosus,"M. Malice; Univ. Liege - Gembloux Agro-Bio Tech, Department of Tropical Crop Husbandry and Horticulture, 2. B- 5030 Gembloux, Passage des Déportés, Belgium; email: malice.m@fsagx.ac.be",NA,Les Presses Agronomiques de Gembloux,13706233,NA,NA,NA,French,"""Biotechnologie, Agronomie, Societe et Environnement""",Article,Final,NA,Scopus,2-s2.0-70349873337
7,Llaja-Zuta E.; Fernández-Poquioma D.M.; Añazco-Urbina B.; Hernández-Amasifuen A.D.; Condori-Apfata J.A.,"Llaja-Zuta, Erika (60320511100); Fernández-Poquioma, Deyli Mailita (60320238300); Añazco-Urbina, Biverly (60319827400); Hernández-Amasifuen, Angel David (57240325300); Condori-Apfata, Jorge Alberto (56524654100)",60320511100; 60320238300; 60319827400; 57240325300; 56524654100,In Vitro Micropropagation of Oca (Oxalis tuberosa Mol.): An Important Plant Genetic Resource from the High Andean Region,2026,Plants,15,1,62,NA,NA,3,10.3390/plants15010062,https://www.scopus.com/pages/publications/105027240969?origin=resultslist,"Instituto de Investigación, Innovación y Desarrollo para el Sector Agrario y Agroindustrial (IIDAA), Facultad de Ingeniería y Ciencias Agrarias, Universidad Nacional Toribio Rodríguez de Mendoza de Amazonas, Calle Higos Urco 342—Ciudad Universitaria, Chachapoyas, 01000, Peru","Llaja-Zuta E., Instituto de Investigación, Innovación y Desarrollo para el Sector Agrario y Agroindustrial (IIDAA), Facultad de Ingeniería y Ciencias Agrarias, Universidad Nacional Toribio Rodríguez de Mendoza de Amazonas, Calle Higos Urco 342—Ciudad Universitaria, Chachapoyas, 01000, Peru; Fernández-Poquioma D.M., Instituto de Investigación, Innovación y Desarrollo para el Sector Agrario y Agroindustrial (IIDAA), Facultad de Ingeniería y Ciencias Agrarias, Universidad Nacional Toribio Rodríguez de Mendoza de Amazonas, Calle Higos Urco 342—Ciudad Universitaria, Chachapoyas, 01000, Peru; Añazco-Urbina B., Instituto de Investigación, Innovación y Desarrollo para el Sector Agrario y Agroindustrial (IIDAA), Facultad de Ingeniería y Ciencias Agrarias, Universidad Nacional Toribio Rodríguez de Mendoza de Amazonas, Calle Higos Urco 342—Ciudad Universitaria, Chachapoyas, 01000, Peru; Hernández-Amasifuen A.D., Instituto de Investigación, Innovación y Desarrollo para el Sector Agrario y Agroindustrial (IIDAA), Facultad de Ingeniería y Ciencias Agrarias, Universidad Nacional Toribio Rodríguez de Mendoza de Amazonas, Calle Higos Urco 342—Ciudad Universitaria, Chachapoyas, 01000, Peru; Condori-Apfata J.A., Instituto de Investigación, Innovación y Desarrollo para el Sector Agrario y Agroindustrial (IIDAA), Facultad de Ingeniería y Ciencias Agrarias, Universidad Nacional Toribio Rodríguez de Mendoza de Amazonas, Calle Higos Urco 342—Ciudad Universitaria, Chachapoyas, 01000, Peru","Oca (Oxalis tuberosa Mol.) is an Andean crop with high nutritional and cultural value; however, its vegetative propagation makes it challenging to ensure a continuous supply of high-quality planting material. In this study, an efficient and reproducible in vitro propagation protocol was established for the oca genotype OT–001 (Amazonas, Peru), integrating shoot multiplication, rooting, and acclimatization. One-centimeter nodal segments were cultured in MS medium supplemented with 6-benzylaminopurine (BAP) or kinetin (KIN) at increasing concentrations ranging from 0.1 to 2.0 mg L−1. For rooting, one-centimeter shoots were transferred to MS medium supplemented with indole-3-butyric acid (IBA) or 1-naphthaleneacetic acid (NAA) at increasing concentrations ranging from 0.1 to 2.0 mg L−1. The variables evaluated four weeks after treatment initiation were regeneration percentage, rooting percentage, number of shoots per explant, number of roots per explant, number of nodes, and shoot length. The regeneration rate reached 100% with both BAP and KIN treatments; however, shoot proliferation was highest with 1.0 mg L−1 BAP, producing an average of 7.4 shoots per explant compared to 2.3 shoots in the control. Meanwhile, KIN concentrations of 0.2–0.5 mg L−1 promoted the development of longer shoots (up to 31.4 mm). In rooting, although the control achieved 93.3%, auxin supplementation improved root architecture. IBA at 0.1 mg L−1 achieved 100% rooting with the longest roots (23.9 mm), while 2.0 mg L−1 IBA maximized the number of roots (14.2 roots per explant). With NAA, the root systems were dense but shorter. The in vitro-regenerated plantlets exhibited 100% survival after 15 and 30 days of acclimatization in sterile agricultural soil, demonstrating the high quality of the plant material obtained. The protocol enables the production of homogeneous and vigorous plantlets throughout the year and provides a practical foundation for the ex situ conservation of oca germplasm and its commercial propagation. It also establishes the basis for advanced applications such as genetic transformation and gene editing. © 2025 by the authors.",6-benzylaminopurine; Andean tuber crop; ex vitro acclimatization; germplasm conservation; indole-3-butyric acid,NA,"J.A. Condori-Apfata; Instituto de Investigación, Innovación y Desarrollo para el Sector Agrario y Agroindustrial (IIDAA), Facultad de Ingeniería y Ciencias Agrarias, Universidad Nacional Toribio Rodríguez de Mendoza de Amazonas, Chachapoyas, Calle Higos Urco 342—Ciudad Universitaria, 01000, Peru; email: jorge.condori@untrm.edu.pe",NA,Multidisciplinary Digital Publishing Institute (MDPI),22237747,NA,NA,NA,English,Plants,Article,Final,All Open Access; Gold Open Access; Green Open Access,Scopus,2-s2.0-105027240969
7,Bonnave M.; Bleeckx T.; Terrazas F.; Bertin P.,"Bonnave, Maxime (55991836600); Bleeckx, Thomas (56815011700); Terrazas, Franz (35213877900); Bertin, Pierre (26636808100)",55991836600; 56815011700; 35213877900; 26636808100,Effect of the management of seed flows and mode of propagation on the genetic diversity in an Andean farming system: the case of oca (Oxalis tuberosa Mol.),2016,Agriculture and Human Values,33,3,NA,673,688,11,10.1007/s10460-015-9646-3,https://www.scopus.com/pages/publications/84940706980?origin=resultslist,"Earth and Life Institute, Université catholique de Louvain, Croix du Sud 2 – 11 (L7.05.11), Louvain-la-Neuve, 1348, Belgium; Fundación PROINPA (Promoción e Investigación de Productos Andinos), Cochabamba, Bolivia","Bonnave M., Earth and Life Institute, Université catholique de Louvain, Croix du Sud 2 – 11 (L7.05.11), Louvain-la-Neuve, 1348, Belgium; Bleeckx T., Earth and Life Institute, Université catholique de Louvain, Croix du Sud 2 – 11 (L7.05.11), Louvain-la-Neuve, 1348, Belgium; Terrazas F., Fundación PROINPA (Promoción e Investigación de Productos Andinos), Cochabamba, Bolivia; Bertin P., Earth and Life Institute, Université catholique de Louvain, Croix du Sud 2 – 11 (L7.05.11), Louvain-la-Neuve, 1348, Belgium","The seed system is a major component of traditional management of crop genetic diversity in developing countries. Seed flows are an important part of this system. They have been poorly studied for minor Andean crops, especially those that are propagated vegetatively. We examine the seed exchanges of Oxalis tuberosa Mol. (oca), a vegetatively propagated crop capable of sexual reproduction. We studied the seed exchanges of four rural communities in Candelaria district (Cochabamba department, Bolivia) at the international and local levels, emphasizing the spread of new sexually-produced genotypes through these exchanges. Interviews with 44 farmers generated socioeconomic, agronomic, crop diversity and seed exchange information, and data on the potential incorporation of new sexually-produced genotypes in the crop germplasm. We interviewed merchants to evaluate the input and output of genetic diversity in the communities studied. Results showed a positive effect of the farmers’ wealth on the diversity cultivated and on seed exchanges. Most seed exchanges occurred at market, creating a distinction between cash and self-consumption landraces. Cash landraces were intensively exchanged; self-consumption landraces were isolated at the farmer level and prone to genetic drift and complete loss. Merchants exported seeds of cash landraces across Bolivia and into Peru and Argentina. New sexually produced genotypes are less incorporated into cash landraces than in self-consumed landraces. However, new genotypes incorporated into cash landraces are diffused faster and better, being more intensively exchanged. We propose conservation strategies that can be applied to other vegetatively propagated and minor Andean crops. © 2015, Springer Science+Business Media Dordrecht.",Andes; Landrace diversity; Minor crop; Propagation mode; Seed exchange; Wealth,NA,"M. Bonnave; Earth and Life Institute, Université catholique de Louvain, Louvain-la-Neuve, Croix du Sud 2 – 11 (L7.05.11), 1348, Belgium; email: maxime.bonnave@gmail.com",NA,Springer Science and Business Media B.V.,0889048X,NA,NA,NA,English,Agric. Hum. Values,Article,Final,All Open Access; Green Open Access,Scopus,2-s2.0-84940706980
7,Bonnave M.; Bleeckx G.; Rojas Beltrán J.; Maughan P.; Flamand M.-C.; Terrazas F.; Bertin P.,"Bonnave, Maxime (55991836600); Bleeckx, Guillaume (55991918800); Rojas Beltrán, Jorge (7801488186); Maughan, Peter (7003959730); Flamand, Marie-Christine (36810186600); Terrazas, Franz (35213877900); Bertin, Pierre (26636808100)",55991836600; 55991918800; 7801488186; 7003959730; 36810186600; 35213877900; 26636808100,Farmers' unconscious incorporation of sexually-produced genotypes into the germplasm of a vegetatively-propagated crop (Oxalis tuberosa Mol.),2014,Genetic Resources and Crop Evolution,61,4,NA,721,740,12,10.1007/s10722-013-0068-z,https://www.scopus.com/pages/publications/84896050109?origin=resultslist,"Earth and Life Institute, Université Catholique de Louvain, 1348 Louvain-la-Neuve, Croix du Sud 2, 11 (L7.05.11), Belgium; Faculdad de Ciencias Agricolas, Pecuarias, Forestales y Veterinarias, Universidad Mayor de San Simon, Cochabamba, Bolivia; Plant and Wildlife Sciences, Provo, UT, 84602, 285 WIDB, United States; Institut des Sciences de la Vie, Université Catholique de Louvain, 1348 Louvain La Neuve, Belgium; Fundación PROINPA (Promoción e Investigación de Productos Andinos), Cochabamba, Bolivia","Bonnave M., Earth and Life Institute, Université Catholique de Louvain, 1348 Louvain-la-Neuve, Croix du Sud 2, 11 (L7.05.11), Belgium; Bleeckx G., Earth and Life Institute, Université Catholique de Louvain, 1348 Louvain-la-Neuve, Croix du Sud 2, 11 (L7.05.11), Belgium; Rojas Beltrán J., Faculdad de Ciencias Agricolas, Pecuarias, Forestales y Veterinarias, Universidad Mayor de San Simon, Cochabamba, Bolivia; Maughan P., Plant and Wildlife Sciences, Provo, UT, 84602, 285 WIDB, United States; Flamand M.-C., Institut des Sciences de la Vie, Université Catholique de Louvain, 1348 Louvain La Neuve, Belgium; Terrazas F., Fundación PROINPA (Promoción e Investigación de Productos Andinos), Cochabamba, Bolivia; Bertin P., Earth and Life Institute, Université Catholique de Louvain, 1348 Louvain-la-Neuve, Croix du Sud 2, 11 (L7.05.11), Belgium","Clonal propagation and sexual reproduction have diametrically opposite effects on the genetic diversity of crops, permitting, respectively, the conservation of existing genotypes or the creation of new diversity. Oxalis tuberosa Mol. (""oca"") exhibits a heteromorphic self-incompatibility system and is traditionally propagated clonally but is capable of sexual reproduction. In this study we investigated the influence of sexual reproduction on the in situ genetic diversity of a vegetatively propagated crop, taking oca as a model plant. The occurrence of sexual reproduction in natural conditions and its use by farmers were studied through surveys and interviews, while the effect of sexual reproduction on the in situ genetic diversity was evaluated using microsatellite analysis. Plantlets issuing from sexual reproduction were encountered in five of the nine visited communities. The interviews indicated that six out of the nine interviewed farmers were likely, albeit unconsciously, incorporating clonal lineages issuing from sexual reproduction into their varieties. The microsatellite analysis indicated a strong effect of such incorporations on the genetic diversity of the plant varieties. Assignment tests confirmed the allogamy of oca. ""Complex varieties"", made up of individuals exhibiting genetically differentiated genotypes, were most likely the result of recent crossing. Unconscious incorporation of new genotypes into the cultivated oca germplasm is therefore highly likely, raising the question of its potential occurrence in other vegetatively propagated crops. These findings could have an important effect on the adaptive potential of oca, especially in light of the genetic erosion that threatens the crop. © 2013 Springer Science+Business Media Dordrecht.",Genetic diversity; Microsatellite; Oxalis tuberosa; Sexual reproduction; Traditional crop management,Oxalis tuberosa; agricultural management; genetic differentiation; genetic marker; genotype; germplasm; herb; numerical model; self incompatibility; sexual reproduction; survey,"P. Bertin; Earth and Life Institute, Université Catholique de Louvain, 1348 Louvain-la-Neuve, Croix du Sud 2, 11 (L7.05.11), Belgium; email: pierre.bertin@uclouvain.be",NA,Kluwer Academic Publishers,09259864,NA,GRCEE,NA,English,Genet. Resour. Crop. Evol.,Article,Final,NA,Scopus,2-s2.0-84896050109
8,Fernández-Poquioma D.M.; Llaja-Zuta E.; Hernández-Amasifuen A.D.; Condori-Apfata J.A.,"Fernández-Poquioma, Deyli Mailita (60320238300); Llaja-Zuta, Erika (60320511100); Hernández-Amasifuen, Angel David (57240325300); Condori-Apfata, Jorge Alberto (56524654100)",60320238300; 60320511100; 57240325300; 56524654100,In Vitro Micropropagation of Native Ulluco (Ullucus tuberosus Caldas) from the Amazonas Region of Peru,2026,Plants,15,6,959,NA,NA,0,10.3390/plants15060959,https://www.scopus.com/pages/publications/105034097447?origin=resultslist,"Instituto de Investigación, Innovación y Desarrollo para el Sector Agrario y Agroindustrial (IIDAA), Facultad de Ingeniería y Ciencias Agrarias, Universidad Nacional Toribio Rodríguez de Mendoza de Amazonas, Calle Higos Urco 342—Ciudad Universitaria, Chachapoyas, 01000, Peru","Fernández-Poquioma D.M., Instituto de Investigación, Innovación y Desarrollo para el Sector Agrario y Agroindustrial (IIDAA), Facultad de Ingeniería y Ciencias Agrarias, Universidad Nacional Toribio Rodríguez de Mendoza de Amazonas, Calle Higos Urco 342—Ciudad Universitaria, Chachapoyas, 01000, Peru; Llaja-Zuta E., Instituto de Investigación, Innovación y Desarrollo para el Sector Agrario y Agroindustrial (IIDAA), Facultad de Ingeniería y Ciencias Agrarias, Universidad Nacional Toribio Rodríguez de Mendoza de Amazonas, Calle Higos Urco 342—Ciudad Universitaria, Chachapoyas, 01000, Peru; Hernández-Amasifuen A.D., Instituto de Investigación, Innovación y Desarrollo para el Sector Agrario y Agroindustrial (IIDAA), Facultad de Ingeniería y Ciencias Agrarias, Universidad Nacional Toribio Rodríguez de Mendoza de Amazonas, Calle Higos Urco 342—Ciudad Universitaria, Chachapoyas, 01000, Peru; Condori-Apfata J.A., Instituto de Investigación, Innovación y Desarrollo para el Sector Agrario y Agroindustrial (IIDAA), Facultad de Ingeniería y Ciencias Agrarias, Universidad Nacional Toribio Rodríguez de Mendoza de Amazonas, Calle Higos Urco 342—Ciudad Universitaria, Chachapoyas, 01000, Peru","Ulluco (Ullucus tuberosus Caldas) is an Andean tuber crop of high nutritional and genetic importance. However, its vegetative propagation promotes the accumulation of pathogens and limits the availability of uniform, high-quality planting material. In this study, an efficient and reproducible in vitro micropropagation protocol was established for an ulluco genotype from the Amazonas region of Peru. Nodal segments were cultured on MS (Murashige and Skoog) medium supplemented with 6-benzylaminopurine (BAP) or kinetin (KIN) at increasing concentrations (0.0–2.0 mg L−1). For rooting, in vitro-derived shoots were transferred to MS medium supplemented with indole-3-butyric acid (IBA) or 1-naphthaleneacetic acid (NAA) at the same concentration range (0.0–2.0 mg L−1). The explants exhibited a high basal morphogenetic capacity; however, the addition of cytokinins significantly enhanced the response. KIN at 2.0 mg L−1 achieved 100% regeneration, whereas BAP at 0.2 mg L−1 maximized shoot proliferation, producing 2.07 shoots per explant. Shoot elongation was greater with KIN at 1.0 mg L−1, reaching 39.15 mm. In the rooting phase, the response varied depending on the type and concentration of auxin. NAA at 0.1 mg L−1 resulted in 100% rooting and produced the greatest root length (41.93 mm), whereas IBA at 0.1 mg L−1 maximized the number of roots (4.67), although roots were shorter. Rooted plantlets exhibited 100% survival after eight weeks of acclimatization. This protocol provides an effective system for the rapid production of vigorous and uniform clonal plants and represents a useful tool for the propagation, conservation, and future biotechnological improvement of ulluco. © 2026 by the authors.",ex vitro acclimatization; germplasm; in vitro conservation; nodal segments; plant tissue culture,NA,"J.A. Condori-Apfata; Instituto de Investigación, Innovación y Desarrollo para el Sector Agrario y Agroindustrial (IIDAA), Facultad de Ingeniería y Ciencias Agrarias, Universidad Nacional Toribio Rodríguez de Mendoza de Amazonas, Chachapoyas, Calle Higos Urco 342—Ciudad Universitaria, 01000, Peru; email: jorge.condori@untrm.edu.pe",NA,Multidisciplinary Digital Publishing Institute (MDPI),22237747,NA,NA,NA,English,Plants,Article,Final,All Open Access; Gold Open Access; Green Open Access,Scopus,2-s2.0-105034097447
8,Sánchez D.F.; Panta A.; Tay D.; Roca W.,"Sánchez, D.F. (35773826200); Panta, A. (23029063800); Tay, D. (36915807200); Roca, W. (6701641492)",35773826200; 23029063800; 36915807200; 6701641492,Cryopreservation of Ulluco (Ullucus tuberosus Cal.) and oca (Oxalis tuberosa Mol.) shoot tips using the PVS2 droplet-vitrification method,2011,Acta Horticulturae,908,NA,NA,339,346,7,10.17660/ActaHortic.2011.908.45,https://www.scopus.com/pages/publications/84855654983?origin=resultslist,"Genetic Resource Conservation and Characterization Division, Internacional Potato Center (CIP), Lima 12, Postal Code 1558, Peru","Sánchez D.F., Genetic Resource Conservation and Characterization Division, Internacional Potato Center (CIP), Lima 12, Postal Code 1558, Peru; Panta A., Genetic Resource Conservation and Characterization Division, Internacional Potato Center (CIP), Lima 12, Postal Code 1558, Peru; Tay D., Genetic Resource Conservation and Characterization Division, Internacional Potato Center (CIP), Lima 12, Postal Code 1558, Peru; Roca W., Genetic Resource Conservation and Characterization Division, Internacional Potato Center (CIP), Lima 12, Postal Code 1558, Peru","Ulluco (Ullucus tuberosus Cal.) and oca (Oxalis tuberosa Mol.) are Andean tuber crops of significant importance for the nutrition and subsistence of the Andean people. The world's largest germplasm collections of these crops, comprised of 544 and 628 accessions of ulluco and oca, respectively, are maintained at the International Potato Center (CIP). For their long-term conservation, CIP is currently developing cryopreservation techniques. Post-thaw survival and recovery resulting from shoot cryopreservation using plants cultured under different temperature regimes were investigated with 4 accessions each of ulluco and oca. Apical shoot tips from 3-week-old in vitro ulluco and oca plantlets were cryopreserved using the droplet-vitrification protocol. Shoot tips of 2 mm size were exposed to a loading solution for 20 min, dehydrated with PVS2 for 0, 15, 30, 45, 60 and 75 min, at 0°C, transferred to aluminium foil strips and plunged into liquid nitrogen. The highest recovery after cryopreservation was 35 and 15% for ulluco and oca, respectively, using 60 min of exposure to PVS2. In a second assay, in vitro donor plants of ulluco and oca were cultured at a constant temperature of 6°C, or alternating temperatures of 18°C in week 1 and 6°C in week 2. Shoot tips were cryopreserved following the protocol described above with 60 min exposition of exposure to PVS2. A constant low temperature did not increase the recovery percentage after cryopreservation. It did increase, however, with 5% in ulluco and 4% in oca plantlets when alternating temperatures were applied. These results showed that cryopreservation could be applied for long-term conservation of ulluco and oca germplasm collections.",Alternating temperature; Andean tubers; Cryopreservation; Droplet-vitrification; PVS2,Oxalis tuberosa; Solanum tuberosum; Ullucus tuberosus,NA,NA,International Society for Horticultural Science,05677572,978-906605470-7,NA,NA,English,Acta Hortic.,Conference paper,Final,NA,Scopus,2-s2.0-84855654983
8,Malice M.; Baudoin J.-P.,"Malice, Marie (35199652300); Baudoin, Jean-Pierre (7003617108)",35199652300; 7003617108,Genetic diversity and germplasm conservation of three minor Andean tuber crop species; [Diversité génétique et conservation du germoplasme de trois tubercules andins mineurs],2009,"Biotechnology, Agronomy, Society and Environment",13,3,NA,441,448,15,NA,https://www.scopus.com/pages/publications/70349873337?origin=resultslist,"Univ. Liege - Gembloux Agro-Bio Tech, Department of Tropical Crop Husbandry and Horticulture, 2. B- 5030 Gembloux, Passage des Déportés, Belgium","Malice M., Univ. Liege - Gembloux Agro-Bio Tech, Department of Tropical Crop Husbandry and Horticulture, 2. B- 5030 Gembloux, Passage des Déportés, Belgium; Baudoin J.-P., Univ. Liege - Gembloux Agro-Bio Tech, Department of Tropical Crop Husbandry and Horticulture, 2. B- 5030 Gembloux, Passage des Déportés, Belgium","In traditional Andean agrosystems, three minor tuber crop species are of regional or local importance: oca (Oxalis tuberosa Molina), ulluco (Ullucus tuberosus Caldas) and mashua (Tropaeolum tuberosum Ruiz & Pav.). Genetic diversity within these species is very large and could result from the high ecological and cultural variability that characterizes the Andean area. Nowadays, many anthropic or ecological factors cause the loss of diversity and contribute to genetic erosion. The development of conservation strategies for genetic resources of Andean tubers, in situ as well as ex situ, includes a better knowledge of diversity in addition to the study of Andean farming strategies linked to this genetic diversity.",Andean tubers; Bolivia; Ex situ conservation; Genetic diversity; In situ conservation; Mashua; Oca; Phytogenetic resources; Ulluco,Oxalis tuberosa; Tropaeolaceae; Tropaeolum tuberosum; Ullucus tuberosus,"M. Malice; Univ. Liege - Gembloux Agro-Bio Tech, Department of Tropical Crop Husbandry and Horticulture, 2. B- 5030 Gembloux, Passage des Déportés, Belgium; email: malice.m@fsagx.ac.be",NA,Les Presses Agronomiques de Gembloux,13706233,NA,NA,NA,French,"""Biotechnologie, Agronomie, Societe et Environnement""",Article,Final,NA,Scopus,2-s2.0-70349873337
8,Hammond Hammond S.D.; Viehmannova I.; Zamecnik J.; Panis B.; Hlasna Cepkova P.,"Hammond Hammond, Stacy Denise (57210104880); Viehmannova, Iva (15623770800); Zamecnik, Jiri (24828878500); Panis, Bart (6602839929); Hlasna Cepkova, Petra (19638351100)",57210104880; 15623770800; 24828878500; 6602839929; 19638351100,Efficient slow-growth conservation and assessment of clonal fidelity of Ullucus tuberosus Caldas microshoots,2019,"Plant Cell, Tissue and Organ Culture",138,3,NA,559,570,14,10.1007/s11240-019-01653-z,https://www.scopus.com/pages/publications/85069542970?origin=resultslist,"Department of Crop Sciences and Agroforestry, Faculty of Tropical AgriSciences, Czech University of Life Sciences Prague, Kamycka 129, Prague, 165 21, Czech Republic; Plant Physiology and Cryobiology, Crop Research Institute, Drnovska 507/73, Prague, 161 06, Czech Republic; Bioversity International, c/o KU Leuven, Willem de Croylaan 42 Bus 2455, Leuven, 3001, Belgium; Gene Bank, Crop Research Institute, Drnovska 507/73, Prague, 161 06, Czech Republic","Hammond Hammond S.D., Department of Crop Sciences and Agroforestry, Faculty of Tropical AgriSciences, Czech University of Life Sciences Prague, Kamycka 129, Prague, 165 21, Czech Republic; Viehmannova I., Department of Crop Sciences and Agroforestry, Faculty of Tropical AgriSciences, Czech University of Life Sciences Prague, Kamycka 129, Prague, 165 21, Czech Republic; Zamecnik J., Plant Physiology and Cryobiology, Crop Research Institute, Drnovska 507/73, Prague, 161 06, Czech Republic; Panis B., Bioversity International, c/o KU Leuven, Willem de Croylaan 42 Bus 2455, Leuven, 3001, Belgium; Hlasna Cepkova P., Gene Bank, Crop Research Institute, Drnovska 507/73, Prague, 161 06, Czech Republic","Slow-growth is a biotechnological tool for medium-term conservation of plant germplasm under in vitro conditions. In the present study, we assessed six culture media supplements and two cultivation temperatures to develop a reliable in vitro conservation protocol for ulluco (Ullucus tuberosus Caldas), an Andean tuber crop rich in carbohydrates and vitamin C. One-nodal segments of ulluco were cultivated on half-strength Murashige and Skoog (MS) medium supplemented with mannitol (10–30 g l−1), sorbitol (10–30 g l−1), sucrose (10–120 g l−1), chlorcholinchlorid (CCC; 300–700 mg l−1), abscisic acid (ABA; 1–3 mg l−1), or maleic hydrazide (MH; 0.1–0.5 mg l−1). In vitro cultures were maintained at either 5 °C or 17 °C cultivation temperature. After 18-month cultivation, based on growth characteristics, survival percentage and form of survival (plant, live shoot + microtuber, microtuber + dead shoot), four treatments were selected: 30 g l−1 mannitol|17 °C, 30 g l−1 sorbitol|17 °C, 0.3 mg l−1 MH|17 °C and 60 g l−1 sucrose|17 °C. The plantlets from these treatments were tested for regrowth ability on half-strength MS medium. After 28 days of cultivation, survival percentage and morphological characteristics were evaluated. Plantlets originating from conservation medium supplemented with 30 g l−1 mannitol showed the fastest regrowth and provided overall superior characteristics over shoots from other treatments. These plants were subjected to inter simple sequence repeat analysis, which gave rise to monomorphic patterns indicating no detected genetic variation between plants recovered after conservation on this medium and proving the reliability of this conservation protocol. © 2019, Springer Nature B.V.",In vitro conservation; ISSR; Mannitol; Minimal growth; Ulluco,Alcohols; Characteristics; Conservation; Cultivation; Genes; Mannitol; Polyols; Survival; Alcohols; DNA sequences; Genes; Plants (botany); Polyols; Reliability analysis; Sugar (sucrose); In-vitro; Inter-simple sequence repeats; ISSR; Mannitol; Medium-term conservations; Morphological characteristic; Murashige and Skoog mediums; Ulluco; Drug products,"I. Viehmannova; Department of Crop Sciences and Agroforestry, Faculty of Tropical AgriSciences, Czech University of Life Sciences Prague, Prague, Kamycka 129, 165 21, Czech Republic; email: viehmann@ftz.czu.cz",NA,Springer Netherlands,01676857,NA,PTCED,NA,English,Plant Cell Tissue Organ Cult.,Article,Final,NA,Scopus,2-s2.0-85069542970
8,Manzelli M.; Vecchio V.; Benedettelli S.; Andrenelli L.,"Manzelli, M. (16402563300); Vecchio, V. (6602826782); Benedettelli, S. (6506881808); Andrenelli, L. (6506765334)",16402563300; 6602826782; 6506881808; 6506765334,Effect of temperature and sucrose on Ulluco (Ullucus tuberosus Caldas) microtuber production under neutral photoperiodic conditions,2004,Advances in Horticultural Science,18,4,NA,207,210,0,NA,https://www.scopus.com/pages/publications/13844281973?origin=resultslist,"Dipto. Sci. Agronom. Gestione T., Facoltà di Agraria, Univ. degli Studi di Firenze, 50144 Florence, Piazzale delle Cascine, 18, Italy","Manzelli M., Dipto. Sci. Agronom. Gestione T., Facoltà di Agraria, Univ. degli Studi di Firenze, 50144 Florence, Piazzale delle Cascine, 18, Italy; Vecchio V., Dipto. Sci. Agronom. Gestione T., Facoltà di Agraria, Univ. degli Studi di Firenze, 50144 Florence, Piazzale delle Cascine, 18, Italy; Benedettelli S., Dipto. Sci. Agronom. Gestione T., Facoltà di Agraria, Univ. degli Studi di Firenze, 50144 Florence, Piazzale delle Cascine, 18, Italy; Andrenelli L., Dipto. Sci. Agronom. Gestione T., Facoltà di Agraria, Univ. degli Studi di Firenze, 50144 Florence, Piazzale delle Cascine, 18, Italy","The area of the Andean Mountains is characterized by a high level of biodiversity. The species Ullucus tuberosus, which belongs to the Andean Root and Tuber Crop group, has a prominent role in feeding local communities. Despite its importance, little information on the basic aspects of this crop is available and its unknown genetic wideness is at risk to disappear. This study was conducted in order to delineate the effect of both temperature and medium sucrose concentration on Ulluco microtuber production. In fact microtubers represent an efficient way to preserve germplasm and thus the definition of simple protocols for microtuber induction is a valid tool to guarantee germplasm conservation and its economic sustainability. Three levels of sucrose (30, 60 and 90 g l-1) in the Murashige-Skoog medium and two temperature growth conditions (12-18°C and 18-24°C) have been chosen to assess microtuber production in Ulluco. The 3% sucrose concentration and the 12-18°C temperature range determined the highest microtuber number. The sucrose effect on microtuber induction is in contrast to what has been observed in other species, such as Solanum tuberosum and Dioscorea composita. Low sucrose concentration and temperature are also associated with high microtuber dormancy levels. The 18-24°C temperature range and the 3% sucrose concentration induced a higher plant development in terms of fresh plant and tuber weight.",Germplasm conservation; in vitro tuber induction; Microtuber dormancy; Ulluco,Dioscorea alata; Dioscorea composita; Embryophyta; Solanum tuberosum; Tuberosum; Ullucus tuberosus,NA,NA,NA,03946169,NA,AHSCF,NA,English,Adv. Hortic. Sci.,Article,Final,NA,Scopus,2-s2.0-13844281973
9,Nepal N.; Condori-Apfata J.A.; Gaire R.; Anco M.E.M.; Scofield S.; Zhang C.; Mohammadi M.,"Nepal, Nirman (57201855795); Condori-Apfata, Jorge Alberto (56524654100); Gaire, Rupesh (57192113073); Anco, Mayela Elizabeth Mayta (58899750400); Scofield, Steven (6701646563); Zhang, Cankui (16026138600); Mohammadi, Mohsen (56994080000)",57201855795; 56524654100; 57192113073; 58899750400; 6701646563; 16026138600; 56994080000,Phenotypic and genotypic resources for the USDA quinoa (Chenopodium quinoa) genebank accessions,2023,Crop Science,63,5,NA,2685,2698,5,10.1002/csc2.21037,https://www.scopus.com/pages/publications/85163276699?origin=resultslist,"Agronomy Department, Purdue University, West Lafayette, IN, United States; Facultad de Ingeniería y Ciencias Agrarias, Universidad Nacional Toribio Rodriguez de Mendoza, Amazonas, Chachapoyas, Peru; Bayer Crop Science, West Lafayette, IN, United States; Universidad Nacional de San Agustín, Arequipa, Peru; USDA-ARS, Crop Production and Pest Control Research, West Lafayette, IN, United States","Nepal N., Agronomy Department, Purdue University, West Lafayette, IN, United States; Condori-Apfata J.A., Facultad de Ingeniería y Ciencias Agrarias, Universidad Nacional Toribio Rodriguez de Mendoza, Amazonas, Chachapoyas, Peru; Gaire R., Bayer Crop Science, West Lafayette, IN, United States; Anco M.E.M., Universidad Nacional de San Agustín, Arequipa, Peru; Scofield S., USDA-ARS, Crop Production and Pest Control Research, West Lafayette, IN, United States; Zhang C., Agronomy Department, Purdue University, West Lafayette, IN, United States; Mohammadi M., Agronomy Department, Purdue University, West Lafayette, IN, United States","Quinoa (Chenopodium quinoa) is a nutritious grain, with balanced composition of amino acids, and a facultative halophyte. Under greenhouse conditions, we assessed 148 quinoa accessions from the USDA genebank for grain weight, phenological, and morphological characteristics. For all traits, the analysis of variance revealed a significant difference among accessions. The accessions matured as late as 146 days after planting and produced grain weight up to 19.6 g/plant. Days to maturity showed negative correlation with grain weight per plant, whereas the number of branches was positively correlated with grain weight per plant. By adopting the NsiI/BfaI combination to enhance the genotyping-by-sequencing technique, we were able to generate 59,248 filtered single nucleotide polymorphism markers by mapping to the reference genome. Molecular markers showed an average heterozygosity of 11.76% across the accessions with a range of 4.9%–21.9%. The first two principal component analyses (PCAs) explained nearly 50% of molecular markers. The genetic diversity analysis using PCA revealed the presence of four main groups. Groups A and B consisted of mainly Bolivian and Peruvian accessions with relatively slower maturity and taller plant stature. In contrast, groups C and D were mainly accessions registered from USA and Chile with relatively faster maturity and shorter plant stature. Groups C and D together have shown far more private single nucleotide polymorphisms than accessions in A and B groups, indicating the higher levels of diversity within these groups and more levels of similarities among individuals of A and B groups. Marker-trait association revealed significant markers for grain weight per plant and days to flowering. We only analyzed linkage disequilibrium on the scaffolds that harbor these marker-trait associations. LD expressed in r2 persisted as high as 0.2 in ranges greater than 600 kb for scaffold 1992 but dropped more quickly for scaffold 1843. These phenotypic and genotypic resources will serve as a reference for the cataloging and conservation of germplasm and, for the selection of a core collection for the improvement of quinoa to address food security. © 2023 Purdue University. Crop Science published by Wiley Periodicals LLC on behalf of Crop Science Society of America.",NA,NA,"M. Mohammadi; Agronomy Department, Purdue University, West Lafayette, 915 West State St, 47907, United States; email: Mohamm20@Purdue.edu",NA,John Wiley and Sons Inc,0011183X,NA,CRPSA,NA,English,Crop Sci.,Article,Final,All Open Access; Hybrid Gold Open Access,Scopus,2-s2.0-85163276699
9,Laosatit K.; Taytragool S.; Pimsaythong K.; Somta P.; Tanadul O.-U.-M.,"Laosatit, Kularb (36872678000); Taytragool, Siriporn (57226114523); Pimsaythong, Kotchakon (57226126410); Somta, Prakit (12784489000); Tanadul, Orn-U-Ma (56037455500)",36872678000; 57226114523; 57226126410; 12784489000; 56037455500,Genetic diversity of quinoa (Chenopodium quinoa Willd.) germplasm as revealed by sequence-related amplified polymorphism markers,2021,Agriculture and Natural Resources,55,3,NA,341,348,4,10.34044/j.anres.2021.55.3.03,https://www.scopus.com/pages/publications/85110483163?origin=resultslist,"Department of Agronomy, Faculty of Agriculture at Kamphaeng Saen, Kasetsart University, Kamphaeng Saen Campus, Nakhon Pathom, 73140, Thailand; Program in Agricultural Biotechnology, Faculty of Agriculture at Kamphaeng Saen, Kasetsart University, Kamphaeng Saen Campus, Nakhon Pathom, 73140, Thailand; Center for Agricultural Biotechnology, Kasetsart University, Kamphaeng Saen Campus, Nakhon Pathom, 73140, Thailand; Center of Excellence on Agricultural Biotechnology: (AG-BIO/PERDO-CHE), Bangkok, 10900, Thailand","Laosatit K., Department of Agronomy, Faculty of Agriculture at Kamphaeng Saen, Kasetsart University, Kamphaeng Saen Campus, Nakhon Pathom, 73140, Thailand; Taytragool S., Program in Agricultural Biotechnology, Faculty of Agriculture at Kamphaeng Saen, Kasetsart University, Kamphaeng Saen Campus, Nakhon Pathom, 73140, Thailand; Pimsaythong K., Program in Agricultural Biotechnology, Faculty of Agriculture at Kamphaeng Saen, Kasetsart University, Kamphaeng Saen Campus, Nakhon Pathom, 73140, Thailand; Somta P., Department of Agronomy, Faculty of Agriculture at Kamphaeng Saen, Kasetsart University, Kamphaeng Saen Campus, Nakhon Pathom, 73140, Thailand; Tanadul O.-U.-M., Department of Agronomy, Faculty of Agriculture at Kamphaeng Saen, Kasetsart University, Kamphaeng Saen Campus, Nakhon Pathom, 73140, Thailand, Center for Agricultural Biotechnology, Kasetsart University, Kamphaeng Saen Campus, Nakhon Pathom, 73140, Thailand, Center of Excellence on Agricultural Biotechnology: (AG-BIO/PERDO-CHE), Bangkok, 10900, Thailand","Quinoa (Chenopodium quinoa Willd.) is an excellent example of a functional food being rich in antioxidants and well balanced regarding carbohydrates, lipids and protein, providing an ideal source of essential amino acids for human nutrition. Its nutritional characteristic has been emphasized both in developed and undeveloped regions resulting in many countries growing quinoa as a healthy food. Breeding programs for quinoa in new regions need diverse genetic variety. Therefore, the genetic diversity of 135 quinoa accessions was determined using 21 sequence-related amplified polymorphism (SRAP) markers generated from eight primer pairs. The polymorphic information content (PIC) was in the range 0.10-0.25 with an average of 0.19. Overall genetic diversity was relatively low in the range 0.17-0.40, with a mean of 0.32. Population structure, neighbor-joining tree and principal coordinate analyses revealed that the quinoa accessions were clustered into two groups. One was composed of 85 accessions mainly from the USA and Peru and some accessions from Chile and Bolivia. The other one comprised 50 accessions largely from Bolivia and Chile and some accessions from Peru. The results from this study suggested that the genetic diversity of the quinoa accessions from the USA was relatively low compared with other reports. Therefore, plant breeders need to develop new cultivars by crossing quinoa from different genetic groups or to access additional ex situ germplasm collections. Copyright © 2021. This is an open access article under the CC BY-NC-ND license (http://creativecommons.org/licenses/by-nc-nd/4.0/), production and hosting by Kasetsart University of Research and Development Institute on behalf of Kasetsart University.",Chenopodium quinoa; Genetic structure; Pseudocereal; Sequence-related amplified polymorphism (SRAP),NA,"O.-U.-M. Tanadul; Department of Agronomy, Faculty of Agriculture at Kamphaeng Saen, Kasetsart University, Kamphaeng Saen Campus, Nakhon Pathom, 73140, Thailand; email: agromt@ku.ac.th",NA,Kasetsart University,24681458,NA,NA,NA,English,Agric. Nat. Resour.,Article,Final,All Open Access; Gold Open Access,Scopus,2-s2.0-85110483163
9,Risi J.C.; Galwey N.W.,"Risi, J.C. (16442525000); Galwey, N.W. (59025706900)",16442525000; 59025706900,The pattern of genetic diversity in the Andean grain crop quinoa (Chenopodium quinoa Willd). II. Multivariate methods,1989,Euphytica,41,1-2,NA,135,145,23,10.1007/BF00022423,https://www.scopus.com/pages/publications/0038187716?origin=resultslist,"Department of Applied Biology, University of Cambridge, Cambridge, CB2 3DX, United Kingdom","Risi J.C., Department of Applied Biology, University of Cambridge, Cambridge, CB2 3DX, United Kingdom; Galwey N.W., Department of Applied Biology, University of Cambridge, Cambridge, CB2 3DX, United Kingdom","Discrete and continuous characteristics related to plant morphology and pigmentation and to the duration of developmental phases were measured or noted in a diverse collection of quinoa germplasm. In a principal component analysis of the continuous characteristics, the first principal component was found to distinguish those accessions which germinate rapidly to produce small plants with small inflorescences, and the second component those which produced a large inflorescence relatively quickly, but there was no clear cut-off between important and unimportant variables or components. A canonical variate analysis of the continuous characteristics provided criteria for distinguishing ecotypes of quinoa, but suggested that these were artificial with the exception of a subtropical type from the Yungas region of Bolivia. A hierarchical cluster analysis of all the characteristics confirmed that the variety Amarilla de Maranganí was unusual, but otherwise did not produce clear clusters. Accessions from near sea level in Chile formed a particularly homogeneous group. The impossibility of describing the variation in terms of a few axes or clusters means that a vast range of combinations of characteristics is available to breeders. © 1989 Kluwer Academic Publishers.",Andean crops; canonical variate analysis; Chenopodium quinoa; cluster analysis; multivariate methods; principal component analysis; principal coordinate analysis; quinoa,NA,NA,NA,Kluwer Academic Publishers,15735060,NA,EUPHA,NA,English,Euphytica,Article,Final,NA,Scopus,2-s2.0-0038187716
9,Tang Y.-M.; Liu Y.-Z.; Zhang Y.-H.; Cao Y.-N.; Song P.-P.; Hou L.-M.; Peng L.-X.,"Tang, Yuan-Mou (58776063600); Liu, Yi-Zhi (58932661200); Zhang, Yan-Hong (59070156800); Cao, Ya-Nan (57204763101); Song, Pan-Pan (57212024273); Hou, Li-Ming (59584183700); Peng, Lian-Xin (55174743200)",58776063600; 58932661200; 59070156800; 57204763101; 57212024273; 59584183700; 55174743200,A comparative analysis of the nutrient and phytochemical richness among different varieties of quinoa in China,2024,Food Science and Nutrition,12,6,NA,4473,4485,10,10.1002/fsn3.4113,https://www.scopus.com/pages/publications/85191065521?origin=resultslist,"Key Laboratory of Coarse Cereal Processing of Ministry of Agriculture and Rural Affairs, Chengdu University, Chengdu, China; Affiliated Hospital of Chengdu University of Chinese Medicine, Sichuan, Chengdu, China","Tang Y.-M., Key Laboratory of Coarse Cereal Processing of Ministry of Agriculture and Rural Affairs, Chengdu University, Chengdu, China; Liu Y.-Z., Key Laboratory of Coarse Cereal Processing of Ministry of Agriculture and Rural Affairs, Chengdu University, Chengdu, China; Zhang Y.-H., Key Laboratory of Coarse Cereal Processing of Ministry of Agriculture and Rural Affairs, Chengdu University, Chengdu, China; Cao Y.-N., Key Laboratory of Coarse Cereal Processing of Ministry of Agriculture and Rural Affairs, Chengdu University, Chengdu, China; Song P.-P., Key Laboratory of Coarse Cereal Processing of Ministry of Agriculture and Rural Affairs, Chengdu University, Chengdu, China; Hou L.-M., Affiliated Hospital of Chengdu University of Chinese Medicine, Sichuan, Chengdu, China; Peng L.-X., Key Laboratory of Coarse Cereal Processing of Ministry of Agriculture and Rural Affairs, Chengdu University, Chengdu, China","Quinoa is a nutrient-dense pseudocereal that has garnered global attention for its potential to bolster food security and nutrition. Despite its celebrated status, the detailed nutritional profiles of various quinoa varieties remain poorly understood, which poses a significant barrier to the strategic cultivation and utilization of quinoa's genetic diversity to combat malnutrition. The impetus for this research lies in the urgent need to identify superior quinoa strains that can be tailored to meet specific nutritional requirements and adapt to diverse agro-ecological zones. Our findings reveal substantial variation in nutrient content across different quinoa varieties, highlighting the variety ZLZX-8 as a particularly nutrient-rich strain with the highest levels of protein, fat, essential fatty acids, amino acids, and key minerals such as Mg, K, and Zn. Moreover, ZLZX-8's exceptional antioxidant capacity suggests it may have additional health benefits beyond its macronutrient profile. In contrast, ZLZX-7 stands out for its dietary fiber and phenolic content, which are critical for digestive health and disease prevention, respectively. Meanwhile, ZLZX-5, with its high starch content, could be better suited for energy production in dietary applications. Notably, the study also uncovers a correlation between grain color and nutrient profile, with colored quinoa varieties exhibiting superior fiber, inositol, phenolic content, and antioxidant activity compared to their white counterparts. This work lays the groundwork for an informed selection of quinoa varieties that can enhance dietary quality, support local and global food systems, and contribute to the fight against malnutrition. © 2024 The Authors. Food Science & Nutrition published by Wiley Periodicals LLC.",bioactive compounds; germplasm diversity; nutritional composition; quality evaluation; quinoa (Chenopodium quinoa),NA,"L.-X. Peng; Key Laboratory of Coarse Cereal Processing of Ministry of Agriculture and Rural Affairs, Chengdu University, Chengdu, China; email: penglianxin@cdu.edu.cn; L.-M. Hou; Affiliated Hospital of Chengdu University of Chinese Medicine, Chengdu, Sichuan, China; email: 37761617@qq.com",NA,John Wiley and Sons Inc,20487177,NA,NA,NA,English,Food Sci. Nutr.,Article,Final,All Open Access; Green Open Access; Hybrid Gold Open Access,Scopus,2-s2.0-85191065521
9,De la Cruz G.; Saldaña C.L.; Menéndez F.; Neyra E.; Arbizu C.I.,"De la Cruz, Germán (49961331800); Saldaña, Carla L. (57220931483); Menéndez, Francisco (59710565400); Neyra, Edgar (8202407100); Arbizu, Carlos I. (57189988464)",49961331800; 57220931483; 59710565400; 8202407100; 57189988464,"Microsatellite Markers Determine the Genetic Structure and Diversity of Landraces of Quinoa from Ayacucho, Peru",2025,Agronomy,15,3,611,NA,NA,0,10.3390/agronomy15030611,https://www.scopus.com/pages/publications/105001172223?origin=resultslist,"Laboratorio de Genética y Biotecnología Vegetal, Universidad Nacional San Cristóbal de Huamanga, Portal Constitución 57, Ayacucho, 05001, Peru; Instituto de Investigación en Ganadería y Biotecnología, Universidad Nacional Toribio Rodríguez de Mendoza de Amazonas, Cl. Higos Urco 342, Amazonas, 01001, Peru; Department of Plant Science, The Pennsylvania State University, University Park, 16802, PA, United States; Huck Institutes of the Life Sciences, The Pennsylvania State University, University Park, 16802, PA, United States; Unidad de Genómica, Facultad de Ciencias e Ingenieria, Universidad Peruana Cayetano Heredia (UPCH), Av. Honorio Delgado 430, Lima, 15102, Peru; Facultad de Medicina, Universidad Peruana Cayetano Heredia (UPCH), Av. Honorio Delgado 430, Lima, 15102, Peru; Facultad de Ingeniería y Ciencias Agrarias, Universidad Nacional Toribio Rodríguez de Mendoza de Amazonas (UNTRM), Cl. Higos Urco 342, Amazonas, 01001, Peru","De la Cruz G., Laboratorio de Genética y Biotecnología Vegetal, Universidad Nacional San Cristóbal de Huamanga, Portal Constitución 57, Ayacucho, 05001, Peru; Saldaña C.L., Instituto de Investigación en Ganadería y Biotecnología, Universidad Nacional Toribio Rodríguez de Mendoza de Amazonas, Cl. Higos Urco 342, Amazonas, 01001, Peru; Menéndez F., Department of Plant Science, The Pennsylvania State University, University Park, 16802, PA, United States, Huck Institutes of the Life Sciences, The Pennsylvania State University, University Park, 16802, PA, United States; Neyra E., Unidad de Genómica, Facultad de Ciencias e Ingenieria, Universidad Peruana Cayetano Heredia (UPCH), Av. Honorio Delgado 430, Lima, 15102, Peru, Facultad de Medicina, Universidad Peruana Cayetano Heredia (UPCH), Av. Honorio Delgado 430, Lima, 15102, Peru; Arbizu C.I., Facultad de Ingeniería y Ciencias Agrarias, Universidad Nacional Toribio Rodríguez de Mendoza de Amazonas (UNTRM), Cl. Higos Urco 342, Amazonas, 01001, Peru","Quinoa (Chenopodium quinoa, Amaranthaceae) is a pseudocereal native to the Andes of South America that contains high protein content and adequate nutrient levels. Peru possesses an abundant morphological diversity of quinoas and is among the top producers and exporters worldwide of this precious crop. However, knowledge about the genetic and population components of quinoa from the Peruvian Andes is still limited. Here, we used 13 microsatellite markers to determine the genetic diversity and population structure of 105 landraces of quinoa cultivated in 11 provinces of Ayacucho, the southern Peruvian Andes. A total of 285 bands were manually scored, generating a 105 × 285 presence/absence data set. Principal coordinate analysis, similar to a dendrogram using the UPGMA clustering algorithm, showed that quinoa from Ayacucho is grouped into three clusters without a clear geographic component. Estimation of the genetic diversity indices was conducted considering the three populations (C1: south 1, C2: south 2, C3: north) determined by STRUCTURE analysis, showing mean expected heterozygosity was 0.08, which may be attributed to high rates of inbreeding and genetic drift, as Ayacucho suffered decades of sociopolitical violence, promoting the migration of farmers. The highest population divergence (FST) was exhibited for C2 and C3 (0.03), whereas the lowest was for C1 and C3 (0.02). Analysis of molecular variance revealed the greatest variation within populations (80.07%) and indicated that variability between populations is 19.93%. Microsatellite markers were effective; however, more studies of the genetic components of quinoa from other Peruvian Andean localities are still needed. We expect that this work will help pave the way towards the development of modern breeding programs of quinoa in Peru, with accurate strategies for the conservation of this nutritious crop. © 2025 by the authors.",Andean crop; germplasm; molecular markers; SSR,Andes; Ayacucho; Peru; conservation status; genetic marker; genetic structure; germplasm; heterozygosity; inbreeding; population structure; protein; reproductive behavior; tuber,"C.I. Arbizu; Facultad de Ingeniería y Ciencias Agrarias, Universidad Nacional Toribio Rodríguez de Mendoza de Amazonas (UNTRM), Amazonas, Cl. Higos Urco 342, 01001, Peru; email: carlos.arbizu@untrm.edu.pe",NA,Multidisciplinary Digital Publishing Institute (MDPI),20734395,NA,NA,NA,English,Agronomy,Article,Final,All Open Access; Gold Open Access; Green Open Access,Scopus,2-s2.0-105001172223
9,Vidueiros S.M.; Curti R.N.; Dyner L.M.; Binaghi M.J.; Peterson G.; Bertero H.D.; Pallaro A.N.,"Vidueiros, S.M. (15060584800); Curti, R.N. (39061195600); Dyner, L.M. (23481954700); Binaghi, M.J. (8296961900); Peterson, G. (7402563085); Bertero, H.D. (6603139565); Pallaro, A.N. (6602691854)",15060584800; 39061195600; 23481954700; 8296961900; 7402563085; 6603139565; 6602691854,Diversity and interrelationships in nutritional traits in cultivated quinoa (Chenopodium quinoa Willd.) from Northwest Argentina,2015,Journal of Cereal Science,62,NA,NA,87,93,57,10.1016/j.jcs.2015.01.001,https://www.scopus.com/pages/publications/84961290371?origin=resultslist,"Department of Nutrition, Faculty of Pharmacy and Biochemistry, University of Buenos Aires, Junín 956- 2nd Floor, Buenos Aires, 1113, Argentina; Department of Plant Production, Faculty of Agronomy, University of Buenos Aires and IFEVA-Conicet, Av. San Martin 4453, Buenos Aires, 1417, Argentina; Botanical Research Laboratory (LABIBO-CONICET), National University of Salta, Argentina; Department of Food Science, Faculty of Pharmacy and Biochemistry, University of Buenos Aires, Argentina; PROPIA, University of La Plata, Argentina","Vidueiros S.M., Department of Nutrition, Faculty of Pharmacy and Biochemistry, University of Buenos Aires, Junín 956- 2nd Floor, Buenos Aires, 1113, Argentina; Curti R.N., Department of Plant Production, Faculty of Agronomy, University of Buenos Aires and IFEVA-Conicet, Av. San Martin 4453, Buenos Aires, 1417, Argentina, Botanical Research Laboratory (LABIBO-CONICET), National University of Salta, Argentina; Dyner L.M., Department of Food Science, Faculty of Pharmacy and Biochemistry, University of Buenos Aires, Argentina; Binaghi M.J., Department of Food Science, Faculty of Pharmacy and Biochemistry, University of Buenos Aires, Argentina; Peterson G., PROPIA, University of La Plata, Argentina; Bertero H.D., Department of Plant Production, Faculty of Agronomy, University of Buenos Aires and IFEVA-Conicet, Av. San Martin 4453, Buenos Aires, 1417, Argentina; Pallaro A.N., Department of Nutrition, Faculty of Pharmacy and Biochemistry, University of Buenos Aires, Junín 956- 2nd Floor, Buenos Aires, 1113, Argentina","Quinoa (Chenopodium quinoa Willd.) is one of the oldest crops in the American continent. It has been recognized as an extremely nutritious grain all over the world. The importance that quinoa could play in nutrition is being emphasized not only in developing countries but also in the developed world. This is the first study reporting the nutritional characterization of Argentinean quinoa germplasm and describing diversity and interrelationships among nutritional traits, less studied in quinoa, which could provide tools for breeding strategies. Nutritional properties of quinoa accessions collected in different eco-regions from Northwest Argentina but grown on the same environment show a wide range of variation with only subtle differences according to the population's region of origin. However, Argentinean quinoa germplasm did not show clear genetic structure across regions based on nutritional traits as is the case with phenotypic and genotypic traits evaluated on a similar set of accessions. © 2015 Elsevier Ltd.",Argentinean quinoa germplasm; Breeding strategies; Interrelationships; Nutritional properties,Chenopodium quinoa,NA,NA,Academic Press,07335210,NA,JCSCD,NA,English,J. Cereal Sci.,Article,Final,All Open Access; Bronze Open Access; Green Open Access,Scopus,2-s2.0-84961290371
9,García-Godos P.; Cueva-Castillo J.M.,"García-Godos, Paula (57222185798); Cueva-Castillo, Judith M. (57222982165)",57222185798; 57222982165,Genetic variability of 29 Peruvian quinoa (Chenopodium quinoa Willd) accessions using AFLP markers and multivariate analysis,2021,Scientia Agropecuaria,12,1,NA,57,64,3,10.17268/SCI.AGROPECU.2021.007,https://www.scopus.com/pages/publications/85104334877?origin=resultslist,"Laboratorio de Biotecnología Facultad de Ciencias Biológicas, Universidad Nacional San Cristóbal de Huamanga, Portal Independencia N 57, Huamanga, Ayacucho, Peru","García-Godos P., Laboratorio de Biotecnología Facultad de Ciencias Biológicas, Universidad Nacional San Cristóbal de Huamanga, Portal Independencia N 57, Huamanga, Ayacucho, Peru; Cueva-Castillo J.M., Laboratorio de Biotecnología Facultad de Ciencias Biológicas, Universidad Nacional San Cristóbal de Huamanga, Portal Independencia N 57, Huamanga, Ayacucho, Peru","Aiming to determine the genetic variability of accessions of Chenopodium quinoa Willd. ""Quinoa"" from the Germplasm Bank of INIA-Ayacucho, analyze 29 accessions, which were characterized using AFLP molecular markers. The quality of the DNA extracted by the Doyle and modified Doyle method was optimal for all samples, obtaining modifications in a range of 100-400 ng / μl. In the standardization of the AFLP technique, it was determined that the proteins between 100 and 200 ng / μl of digested DNA were adequate to efficiently develop the AFLP technique, and it was also determined that the preamplification products that allowed the resolution amplification profiles variables were higher with a 1:4 ratio. A total of 7 primer combinations generated 220 DNA bands, being 201 polymorphic loci. Molecular data grouped the accessions into seven groups at a similarity of 0.81 ultrametric units, of which a group is made up of 23 accessions and the remaining six made up of a single accession. It was found that the mean genetic variance was 0.306 ± 0.011, with a Shannon information index of 0.463 ± 0.015, these results showed that in the 29 quinoa accessions it presents a high degree of genetic variability and there is no duplicate accession. The study determines the genetic relationship and is essential to raise the genetic improvement and conservation of quinoa. © 2021 Universidad Nacional de Trujillo. All right reserved.",AFLPs; Chenopodium quinoa Willd; Genetic diversity; Genetic variability.; Genetic variation; Germplasm,NA,"P. García-Godos; Laboratorio de Biotecnología Facultad de Ciencias Biológicas, Universidad Nacional San Cristóbal de Huamanga, Huamanga, Ayacucho, Portal Independencia N 57, Peru; email: paula.garciagodos@unsch.edu.pe",NA,Universidad Nacional de Trujillo,20779917,NA,NA,NA,English,Scientia Agropecu.,Article,Final,All Open Access; Gold Open Access; Green Open Access,Scopus,2-s2.0-85104334877
9,Danielsen S.; Munk L.,"Danielsen, S. (7005913667); Munk, L. (6701529313)",7005913667; 6701529313,Evaluation of disease assessment methods in quinoa for their ability to predict yield loss caused by downy mildew,2004,Crop Protection,23,3,NA,219,228,59,10.1016/j.cropro.2003.08.010,https://www.scopus.com/pages/publications/1642446066?origin=resultslist,"International Potato Center, Lima 12, Apdo. 1558, Peru; Department of Plant Biology, Roy. Vet. and Agric. University, 1871 Frederiksberg C, Thorvaldsensvej 40, Denmark; Danish Govt. Inst. Seed Pathol. D., Frederiksberg C, 1871, Thorvaldsensvej 57, Denmark","Danielsen S., International Potato Center, Lima 12, Apdo. 1558, Peru, Department of Plant Biology, Roy. Vet. and Agric. University, 1871 Frederiksberg C, Thorvaldsensvej 40, Denmark, Danish Govt. Inst. Seed Pathol. D., Frederiksberg C, 1871, Thorvaldsensvej 57, Denmark; Munk L., Department of Plant Biology, Roy. Vet. and Agric. University, 1871 Frederiksberg C, Thorvaldsensvej 40, Denmark","Seven disease assessment methods to measure severity of downy mildew (Peronospora farinosa f.sp. chenopodii) were tested in eight cultivars of quinoa (Chenopodium quinoa) in two field experiments in Peru, one at low (Lima) and one at high (Huancayo) disease pressure. Two levels of downy mildew were established by means of fungicide treatments. Area under disease progress curve (AUDPC) values were calculated for each method and correlated to the grain yield. In addition to the severity measurements, spectral reflectance was measured throughout the growth season in Huancayo and area under reflectance curve (AURC) values calculated and correlated to yield. The disease level was ten-fold higher in Huancayo compared to Lima. AUDPC based on the Three-leaf method (mean disease severity of three leaves per plant selected randomly from the lower, middle and upper part of the plant), showed the highest negative correlation to yield (r=-0.736) and is regarded as the best method to predict yield loss caused by downy mildew. In addition, this method proved to be the quickest and easiest compared to the other six methods included in the study, which were based on assessments of disease severity of the entire plant or parts of the plant. Yield losses recorded in the tested cultivars ranged from 33% to 99% under the high-disease conditions. The reflectance method was superior to all other methods by showing a higher correlation between AURC and yield (r=0.853), which is explained by its ability to measure pathogen-induced defoliation. Remote sensing is an excellent tool to compare the effect of treatments on disease severity within a cultivar. However, the method does not allow for comparison of disease severity among cultivars as the spectral reflectance is determined by size, shape and colour of the plant. The Three-leaf method provides an easy, cheap and readily applicable tool for researchers and plant breeders to study downy mildew of quinoa, characterise germplasm for resistance and compare results across regions and years. © 2003 Elsevier Ltd. All rights reserved.",Chenopodium quinoa; Disease assessment; Downy mildew; Peronospora farinosa f. sp. chenopodii; Quinoa; Reflectance; Yield loss,Peru; South America; Chenopodium; Chenopodium quinoa; Chenopodium quinoa; Peronospora; Peronospora farinosa; Peronospora farinosa; assessment method; crop yield; disease severity; fungal disease; spectral reflectance; yield response,"S. Danielsen; Danish Govt. Inst. Seed Pathol. D., Frederiksberg C, 1871, Thorvaldsensvej 57, Denmark; email: soda@kvl.dk",NA,Elsevier BV,02612194,NA,CRPTD,NA,English,Crop Prot.,Article,Final,NA,Scopus,2-s2.0-1642446066
9,Ortiz R.; Madsen S.; Ruiz-Tapia E.N.; Jacobsen S.-E.; Mujica-Sánchez A.; Christiansen J.L.; Stølen O.,"Ortiz, Rodomiro (7102061400); Madsen, Sten (8433594800); Ruiz-Tapia, Enrique N. (6507131954); Jacobsen, Sven-Erik (8607369400); Mujica-Sánchez, Angel (7003974103); Christiansen, Jørgen L. (56240491400); Stølen, Olav (6602114054)",7102061400; 8433594800; 6507131954; 8607369400; 7003974103; 56240491400; 6602114054,Validating a core collection of Peruvian quinoa germplasm,1999,Genetic Resources and Crop Evolution,46,3,NA,285,290,15,10.1023/A:1008636232584,https://www.scopus.com/pages/publications/0033429353?origin=resultslist,"Roy. Vet. and Agric. University, Department of Agricultural Sciences, DK-1871 Frederiksberg C, Copenhagen, 40 Thorvaldsensvej, Denmark; Univ. Nacional del Altiplano-Puno, Puno, Av. del Ejército 329, Peru; Centro Internacional de la Papa, Lima, Apartado 1558, Peru","Ortiz R., Roy. Vet. and Agric. University, Department of Agricultural Sciences, DK-1871 Frederiksberg C, Copenhagen, 40 Thorvaldsensvej, Denmark; Madsen S., Roy. Vet. and Agric. University, Department of Agricultural Sciences, DK-1871 Frederiksberg C, Copenhagen, 40 Thorvaldsensvej, Denmark; Ruiz-Tapia E.N., Roy. Vet. and Agric. University, Department of Agricultural Sciences, DK-1871 Frederiksberg C, Copenhagen, 40 Thorvaldsensvej, Denmark, Univ. Nacional del Altiplano-Puno, Puno, Av. del Ejército 329, Peru; Jacobsen S.-E., Centro Internacional de la Papa, Lima, Apartado 1558, Peru; Mujica-Sánchez A., Univ. Nacional del Altiplano-Puno, Puno, Av. del Ejército 329, Peru; Christiansen J.L., Roy. Vet. and Agric. University, Department of Agricultural Sciences, DK-1871 Frederiksberg C, Copenhagen, 40 Thorvaldsensvej, Denmark; Stølen O., Roy. Vet. and Agric. University, Department of Agricultural Sciences, DK-1871 Frederiksberg C, Copenhagen, 40 Thorvaldsensvej, Denmark","A Peruvian quinoa core collection, containing 103 chosen ecotypes or landraces, was defined on a geographically stratified non-overlapping sampling procedure. The objective was to determine whether this protocol was correct. Hence, a phenotypic distance matrix among 76 accessions from this core collection was created by calculating the difference between each pair of accessions for each characteristic. These 76 accessions were chosen because they had complete data for eight morphological descriptors. The diversity index was calculated by averaging all the differences in the phenotypic value for each quantitative descriptor divided by the respective range, and considering a matching coefficient for the qualitative descriptors, i.e., 0 for characteristics that matched, and 1 if they did not. The total sum of squares from the analyses of variance for the phenotypic diversity index, based on morphological descriptors, was partitioned between and within Peruvian Departments. The between Department cluster variance was smaller (0.0022) than the within Department cluster variance (0.0144), because accessions with the same stem colour or similar inflorescence type and colour were grouped together irrespective of their Department. This was further corroborated by the average linkage cluster analysis, which was performed on the phenotypic diversity matrix to study the pattern of variation and the relationship between the quinoa landraces of this core subset according to their geographical origin. Within each sub-cluster (based on above qualitative descriptors) accessions were ranked by their Department of collection, which indicated that the sampling method was appropriate for choosing accessions for the Peruvian quinoa core collection.",Average linkage cluster analysis; Chenopodium quinoa; Geographical variation; Salt tolerance,analysis of variance; cluster analysis; genetic diversity; germplasm; inflorescence; landrace; Peru; phenotype; plant genetics; plant morphology; quantitative analysis,"R. Ortiz; Royal Vet. and Agricultural Univ., Department of Agricultural Sciences, DK-1871 Frederiksberg C, Copenhagen, 40 Thorvaldsensvej, Denmark; email: ro@kvl.dk",NA,NA,09259864,NA,GRCEE,NA,English,Genet. Resour. Crop. Evol.,Article,Final,NA,Scopus,2-s2.0-0033429353
9,Quan Y.; Liu B.; Yuan F.; Li X.; Chen Z.,"Quan, Youjuan (57896112500); Liu, Bo (57212449381); Yuan, Feimin (57424080900); Li, Xiang (57210945774); Chen, Zhiguo (55705604700)",57896112500; 57212449381; 57424080900; 57210945774; 55705604700,Karyotype Analysis of C. Quinoa Varieties with Different Seed Color; [不同籽粒颜色藜麦品种的核型分析],2020,Acta Agriculturae Boreali-Sinica,35,NA,NA,72,77,0,10.7668/hbnxb.20191704,https://www.scopus.com/pages/publications/85208482943?origin=resultslist,"Key Laboratory of Adaptation and Evolution of Plateaubiota, Northwest Plateau Institute of Biology, Chinese Academy of Science, Key Laboratory of Crop Molecular Breeding, Qinghai Provinces, Xining, 810008, China; University of Chinese Academy of Sciences, Beijing, 100049, China; Northwest Agriculture and Forestry University, Yangling, 712100, China","Quan Y., Key Laboratory of Adaptation and Evolution of Plateaubiota, Northwest Plateau Institute of Biology, Chinese Academy of Science, Key Laboratory of Crop Molecular Breeding, Qinghai Provinces, Xining, 810008, China, University of Chinese Academy of Sciences, Beijing, 100049, China; Liu B., Key Laboratory of Adaptation and Evolution of Plateaubiota, Northwest Plateau Institute of Biology, Chinese Academy of Science, Key Laboratory of Crop Molecular Breeding, Qinghai Provinces, Xining, 810008, China, University of Chinese Academy of Sciences, Beijing, 100049, China; Yuan F., Northwest Agriculture and Forestry University, Yangling, 712100, China; Li X., Key Laboratory of Adaptation and Evolution of Plateaubiota, Northwest Plateau Institute of Biology, Chinese Academy of Science, Key Laboratory of Crop Molecular Breeding, Qinghai Provinces, Xining, 810008, China, University of Chinese Academy of Sciences, Beijing, 100049, China; Chen Z., Key Laboratory of Adaptation and Evolution of Plateaubiota, Northwest Plateau Institute of Biology, Chinese Academy of Science, Key Laboratory of Crop Molecular Breeding, Qinghai Provinces, Xining, 810008, China","In order to determine the chromosome number and karyotype characteristics of the main Chenopodi-um varieties in Qinghai Province, three quinoa varieties with different seed colors Qaidam black-1 ( abbreviated as black quinoa) , Qaidam white-1 ( abbreviated as white quinoa) and Qaidam red-1 (abbreviated as red quinoa) were used as materials, and their root tips were sliced by using squashing method. Karyotype analysis was carried out through the steps of ice-water mixture pretreatment, Carnot fixed solution,45% acetic acid hydrolysis ,flame drying and pressing, microscopic examination, DAPI staining,fluorescence microscope photography etc. The results showed that :The chromosome numbers of the three color varieties were all 4n =36 ,and no aneuploid or polyploid phenomenon was found. The karyotype formula and the relative length composition of chromosome of black quinoa were 4n = 36 =32m(4AST) + 4sm,4n =36 =2L + 18M2 + 12M1 + 4S;the karyotype formula and the relative length of chromosome of white quinoa were 4n = 36 = 34 m ( 4 SAT) + 2sm ,4n =36 =2L + 20 M2 + 14 Ml; the karyotype formula and the relative length of chromosome of red quinoa were 4n =36 =34m(4SAT) +2sm,4n =36 =6L + 8M2 + 14M1 +8S. All varieties belong to 2B type and the asymmetry index were 58. 20% ,58. 22% and 58. 72% ,respectively, indicating that these varieties were more evolved. All the three varieties have two pairs of satellite, but there were differences in loction, which may be related to the heterologous origin of quinoa, self-pollination and other factors. This study can provide cytological basis for cross breeding, ploidy breeding, germplasm resource identification and gene mapping of C. quinoa. © 2020 Editorial Department of Acta Agriculurae Boreali-Sinica. All rights reserved.",Chenopodium quinoa Willd.; Chromosome; Karyotypic analysis; Seed color,NA,NA,NA,Editorial Department of Acta Agriculurae Boreali-Sinica,10007091,NA,NA,NA,Chinese,Acta. Agrícultur. Boreali. Sinica.,Article,Final,NA,Scopus,2-s2.0-85208482943
9,Mora-Ocación M.S.; Morillo-Coronado A.C.; Manjarres-Hernández E.H.,"Mora-Ocación, Mary S. (57497447900); Morillo-Coronado, Ana Cruz. (57209509524); Manjarres-Hernández, Elsa Helena. (57217164726)",57497447900; 57209509524; 57217164726,Extraction and Quantification of Saponins in Quinoa (Chenopodium quinoa Willd.) Genotypes from Colombia,2022,International Journal of Food Science,2022,NA,7287487,NA,NA,35,10.1155/2022/7287487,https://www.scopus.com/pages/publications/85126616056?origin=resultslist,"Escuela de Ingeniería Agronómica, Universidad Pedagógica y Tecnológica de Colombia, Tunja, 150003, Colombia; Escuela de Ciencias Biológicas, Universidad Pedagógica y Tecnológica de Colombia, Tunja, 150003, Colombia","Mora-Ocación M.S., Escuela de Ingeniería Agronómica, Universidad Pedagógica y Tecnológica de Colombia, Tunja, 150003, Colombia; Morillo-Coronado A.C., Escuela de Ingeniería Agronómica, Universidad Pedagógica y Tecnológica de Colombia, Tunja, 150003, Colombia; Manjarres-Hernández E.H., Escuela de Ciencias Biológicas, Universidad Pedagógica y Tecnológica de Colombia, Tunja, 150003, Colombia","Quinoa has a high nutraceutical potential because of the presence of secondary metabolites called saponins, which have industrial and medicinal uses and protect against attacks by pathogens. These compounds are found especially in the seed coat and give the grain a bitter taste; therefore, they must be eliminated before consumption. Despite the potential use in Colombia, there are few studies aimed at quantifying this metabolite. Therefore, the objective of this research was to evaluate two extraction methodologies (physical and chemical) and two methods for quantifying saponins in five quinoa genotypes grown in Colombia. The most efficient extraction method was the physical method. The saponin contents of the five genotypes were variable. The cluster analysis differentiated the genotypes into two groups: low saponin content (<4.49 mg/g seed) and high saponin content (>14.76 mg/g seeds). Blanca de Jericó had the lowest saponin content (<0.40%), and Amarilla de Maranganí had the highest content (>0.18%). Identifying more efficient methodologies for extracting and quantifying saponins will allow a better characterization of the germplasm and selection of genotypes with desirable characteristics for both consumption and industrial use.  © 2022 Mary S. Mora-Ocación et al.",NA,NA,"E.H. Manjarres-Hernández; Escuela de Ciencias Biológicas, Universidad Pedagógica y Tecnológica de Colombia, Tunja, 150003, Colombia; email: elsa.manjarres@uptc.edu.co",NA,Hindawi Limited,23567015,NA,NA,NA,English,Int. J. Food Sci.,Article,Final,All Open Access; Gold Open Access; Green Open Access,Scopus,2-s2.0-85126616056
9,Barberini M.L.; Lee Y.S.; Guerrero L.D.; Obertello M.; Mazzella M.A.; Bertero D.; Grotewold E.; Muschietti J.P.,"Barberini, María L. (57200710358); Lee, Yun Sun (25632420500); Guerrero, Leandro D. (57008797800); Obertello, Mariana (8926864600); Mazzella, María A. (7003555928); Bertero, Daniel (6603139565); Grotewold, Erich (26642884100); Muschietti, Jorge P. (6603569745)",57200710358; 25632420500; 57008797800; 8926864600; 7003555928; 6603139565; 26642884100; 6603569745,"Comparative transcriptomic, proteomic, and amino acid content analyses of quinoa (Chenopodium quinoa) seed accessions from diverse geographic locations",2025,BMC Plant Biology,25,1,1002,NA,NA,1,10.1186/s12870-025-06913-z,https://www.scopus.com/pages/publications/105012264700?origin=resultslist,"Instituto de Investigaciones en Ingeniería Genética y Biología Molecular, Dr. Héctor Torres (INGEBI-CONICET), Vuelta de Obligado 2490, Buenos Aires, C1428ADN, Argentina; Departamento de Biodiversidad y Biología Experimental, Facultad de Ciencias Exactas y Naturales, Universidad de Buenos Aires, Int. Güiraldes 2160, Ciudad Universitaria, Pabellón II, Buenos Aires, C1428EGA, Argentina; Department of Biochemistry and Molecular Biology, Michigan State University, East Lansing, 48824, MI, United States; Departamento de Fisiología y Biología Molecular, Facultad de Ciencias Exactas y Naturales, Universidad de Buenos Aires, Int. Güiraldes 2160, Ciudad Universitaria, Pabellón II, Buenos Aires, C1428EGA, Argentina; Instituto de Investigaciones Fisiológicas y Ecológicas Vinculadas a La Agricultura (IFEVA-CONICET), Av. San Martín 4453, Buenos Aires, C1417DSE, Argentina; Cátedra de Producción Vegetal, Facultad de Agronomía, Universidad de Buenos Aires (FAUBA), Av. San Martín 4453, Buenos Aires, C1417DSE, Argentina; Present Address: Crop Biotechnology Institute, Institutes of Green-bioScience and Technology and Department of International Agricultural Technology, Seoul National University, Pyeongchang, 25354, South Korea; Department of International Agricultural Technology, Seoul National University, Pyeongchang, 25354, South Korea","Barberini M.L., Instituto de Investigaciones en Ingeniería Genética y Biología Molecular, Dr. Héctor Torres (INGEBI-CONICET), Vuelta de Obligado 2490, Buenos Aires, C1428ADN, Argentina; Lee Y.S., Department of Biochemistry and Molecular Biology, Michigan State University, East Lansing, 48824, MI, United States, Present Address: Crop Biotechnology Institute, Institutes of Green-bioScience and Technology and Department of International Agricultural Technology, Seoul National University, Pyeongchang, 25354, South Korea, Department of International Agricultural Technology, Seoul National University, Pyeongchang, 25354, South Korea; Guerrero L.D., Instituto de Investigaciones en Ingeniería Genética y Biología Molecular, Dr. Héctor Torres (INGEBI-CONICET), Vuelta de Obligado 2490, Buenos Aires, C1428ADN, Argentina; Obertello M., Instituto de Investigaciones en Ingeniería Genética y Biología Molecular, Dr. Héctor Torres (INGEBI-CONICET), Vuelta de Obligado 2490, Buenos Aires, C1428ADN, Argentina, Departamento de Fisiología y Biología Molecular, Facultad de Ciencias Exactas y Naturales, Universidad de Buenos Aires, Int. Güiraldes 2160, Ciudad Universitaria, Pabellón II, Buenos Aires, C1428EGA, Argentina; Mazzella M.A., Instituto de Investigaciones en Ingeniería Genética y Biología Molecular, Dr. Héctor Torres (INGEBI-CONICET), Vuelta de Obligado 2490, Buenos Aires, C1428ADN, Argentina; Bertero D., Instituto de Investigaciones Fisiológicas y Ecológicas Vinculadas a La Agricultura (IFEVA-CONICET), Av. San Martín 4453, Buenos Aires, C1417DSE, Argentina, Cátedra de Producción Vegetal, Facultad de Agronomía, Universidad de Buenos Aires (FAUBA), Av. San Martín 4453, Buenos Aires, C1417DSE, Argentina; Grotewold E., Department of Biochemistry and Molecular Biology, Michigan State University, East Lansing, 48824, MI, United States; Muschietti J.P., Instituto de Investigaciones en Ingeniería Genética y Biología Molecular, Dr. Héctor Torres (INGEBI-CONICET), Vuelta de Obligado 2490, Buenos Aires, C1428ADN, Argentina, Departamento de Biodiversidad y Biología Experimental, Facultad de Ciencias Exactas y Naturales, Universidad de Buenos Aires, Int. Güiraldes 2160, Ciudad Universitaria, Pabellón II, Buenos Aires, C1428EGA, Argentina","Background: Quinoa (Chenopodium quinoa), a pseudocereal native to the Andean regions, is mainly characterized by the quality and nutritional value of its proteins due to an excellent balance of essential amino acids. To identify nutritional attributes and compare different germplasm accessions, we conducted comparative transcriptomic and proteomic studies on a total of five quinoa accessions. These include four accessions from different genetic groups representing dry valleys, dry highlands, transition areas, and humid valleys in the Northwest Argentina region (NWA), as well as QQ74, a sequenced Chilean coastal accession. Results: We analyzed the quinoa seed transcriptome of four different accessions by aligning the RNA-seq results with the second version of the QQ74 genome (QQ74-V2). After filtering and normalizing 29,355 transcripts, we observed that QQ74 was most distinct compared to NWA accessions. Subsequently, we performed a transcript differential analysis in the ten pairwise comparisons and identified a total of 3,014 differentially expressed genes (DEGs). A Gene Ontology (GO) enrichment analysis of these DEGs showed that the accession representing the NWA transition area was enriched in terms related to oxidative phosphorylation and heat response. Furthermore, using 2D-gel electrophoresis followed by mass spectrometry, we demonstrated that storage proteins, specifically 11S globulin, 13S globulin and vicilin-like antimicrobial peptides, were the most abundant proteins in quinoa seeds of the five accessions. In addition, we observed that some of these proteins were differentially expressed between accessions. In terms of total amino acid content, statistically significant differences between some of the accessions were found only for lysine and leucine. Conclusions: The comparison of RNA-seq profiles among accessions grown in various geographical regions unveiled DEGs that could play a role in heat tolerance and plant development. These genes may contribute to the enhancement of quinoa through selective breeding processes. © The Author(s) 2025.",2D Gel Proteomics; Chenopodium quinoa; Gene Ontology; Heat Response; Oxidative Phosphorylation; Transcriptome Analysis,"Amino Acids; Argentina; Chenopodium quinoa; Gene Expression Profiling; Gene Expression Regulation, Plant; Plant Proteins; Proteome; Proteomics; Seeds; Transcriptome; amino acid; plant protein; proteome; transcriptome; Argentina; chemistry; Chenopodium quinoa; comparative study; gene expression profiling; gene expression regulation; genetics; metabolism; plant seed; proteomics","J.P. Muschietti; Instituto de Investigaciones en Ingeniería Genética y Biología Molecular, Dr. Héctor Torres (INGEBI-CONICET), Buenos Aires, Vuelta de Obligado 2490, C1428ADN, Argentina; email: prometeo@dna.uba.ar",NA,BioMed Central Ltd,14712229,NA,NA,40745271,English,BMC Plant Biol.,Article,Final,All Open Access; Gold Open Access; Green Open Access,Scopus,2-s2.0-105012264700
9,De Santis G.; Maddaluno C.; D’Ambrosio T.; Rascio A.; Rinaldi M.; Troisi J.,"De Santis, Giuditta (7004812104); Maddaluno, Carmen (57003667200); D’Ambrosio, Tiziana (57192706138); Rascio, Agata (6603146499); Rinaldi, Michele (7202149739); Troisi, Jacopo (38362669600)",7004812104; 57003667200; 57192706138; 6603146499; 7202149739; 38362669600,Characterisation of quinoa (Chenopodium quinoa willd.) accessions for the saponin content in Mediterranean environment,2016,Italian Journal of Agronomy,11,4,774,277,281,36,10.4081/ija.2016.774,https://www.scopus.com/pages/publications/85007418094?origin=resultslist,"Research Centre for the Cereal, Council for Agricultural Research and Economics, Foggia, Italy; Department of Agriculture, Food and Environment, University of Foggia, Italy; Laboratorio Chimico-Merceologico, Camera di Commercio, Napoli, Italy","De Santis G., Research Centre for the Cereal, Council for Agricultural Research and Economics, Foggia, Italy; Maddaluno C., Research Centre for the Cereal, Council for Agricultural Research and Economics, Foggia, Italy; D’Ambrosio T., Department of Agriculture, Food and Environment, University of Foggia, Italy; Rascio A., Research Centre for the Cereal, Council for Agricultural Research and Economics, Foggia, Italy; Rinaldi M., Research Centre for the Cereal, Council for Agricultural Research and Economics, Foggia, Italy; Troisi J., Laboratorio Chimico-Merceologico, Camera di Commercio, Napoli, Italy","Seeds of the Andean seed crop quinoa (Chenopodium quinoa Willd.) usually contain saponins in the seed coat. Saponins give a bitter taste sensation and are a serious antinutritional factor, therefore selection of sweet genotypes with a very low saponin content in the seeds is a main breeding goal. The objective of this work was to identify, within germplasm lines of quinoa, previously selected for production and quality traits, superior genotypes low in saponins. For this purpose the total saponin content was determined in seeds of eight lines of quinoa and one variety (cv. Regalona Baer) as a control, previously evaluated over a 2-year period in a Southern Italy environment. Significant variation for the saponin content was observed among the evaluated genotypes. The total saponin content ranged from 0.10 to 1.80%, with the Q12 genotype showing the lowest value, suggesting the possibility of selecting genotypes sweet to be used in subsequent genetic improvement programs. Based on these results, in fact, it was possible to identify, among the accessions previously selected, particularly suitable for growing in Mediterranean area, some genotypes with high yields of seed (2.5 tha–1, on average), high protein (17%, on average) and fibres (13%, on average) and low content in saponins (0.57%, on average). © G. De Santis et al., 2016.",Genotypes; Grain saponin content; Quinoa; Seed yield,Italy; Chenopodium quinoa; biochemical composition; crop yield; genotype; germplasm; herb; Mediterranean environment; nutritional status; protein; seed; selective breeding; taste,"G. De Santis; Consiglio per la ricerca in agricoltura e l’analisi dell’economia agraria (CREA), Centro di Ricerca per la Cerealicoltura, Foggia, S.S. 673, Km 25,200, Italy; email: giuditta.desantis@crea.gov.it",NA,Page Press Publications,11254718,NA,NA,NA,English,Ital. J. Agron.,Article,Final,All Open Access; Gold Open Access; Green Open Access,Scopus,2-s2.0-85007418094
9,Jiang R.; Liu W.; Wang W.; Du X.; Yang F.; Huang J.; Wei Y.,"Jiang, Rui (60592535100); Liu, Wenyu (57196424139); Wang, Wangtian (42662293400); Du, Xuefen (60593025700); Yang, Farong (57191406034); Huang, Jie (57191419613); Wei, Yuming (57191416884)",60592535100; 57196424139; 42662293400; 60593025700; 57191406034; 57191419613; 57191416884,Comprehensive evaluation of low-temperature tolerance of 50 quinoa germplasm materials at the germination stage; [50 份藜麦种质材料萌发期耐低温综合评价],2026,Pratacultural Science,43,1,NA,160,175,0,10.11829/j.issn.1001-0629.2024-0584,https://www.scopus.com/pages/publications/105036410295?origin=resultslist,"College of Life Science and Technology, Gansu Agricultural University, Gansu, Lanzhou, 730070, China; Institute of Pasture and Green Agriculture, Gansu Academy of Agricultural Sciences, Gansu, Lanzhou, 730070, China","Jiang R., College of Life Science and Technology, Gansu Agricultural University, Gansu, Lanzhou, 730070, China; Liu W., College of Life Science and Technology, Gansu Agricultural University, Gansu, Lanzhou, 730070, China; Wang W., College of Life Science and Technology, Gansu Agricultural University, Gansu, Lanzhou, 730070, China; Du X., Institute of Pasture and Green Agriculture, Gansu Academy of Agricultural Sciences, Gansu, Lanzhou, 730070, China; Yang F., Institute of Pasture and Green Agriculture, Gansu Academy of Agricultural Sciences, Gansu, Lanzhou, 730070, China; Huang J., Institute of Pasture and Green Agriculture, Gansu Academy of Agricultural Sciences, Gansu, Lanzhou, 730070, China; Wei Y., Institute of Pasture and Green Agriculture, Gansu Academy of Agricultural Sciences, Gansu, Lanzhou, 730070, China","To identify low-temperature tolerance indicators at the germination stage of quinoa (Chenopodium quinoa), establish a comprehensive evaluation system, and explore low-temperature tolerant germplasm resources, this study evaluated 50 quinoa germplasm materials by measuring seed germination rate, germination energy, germination index, and germination speed index under low-temperature stress. A comprehensive assessment was conducted using principal component analysis, membership function analysis, and cluster analysis. The results showed that under low-temperature stress, germination rate, germination energy, germination index, and germination speed index all decreased, with reductions of 64.35%, 27.20%, 100.62, and 2.01, respectively, compared withthe normal temperature control. The coefficient of variation for germination index and germination speed index both decreased by 15.23% under stress, indicating their potential as key indicators for evaluating low-temperature tolerance during quinoa germination. Based on membership function comprehensive evaluation, the 50 quinoa accessions were classified into four grades. Cluster analysis was used to further divide them into four categories, identifying nine accessions with strong low-temperature tolerance, 21 with moderate tolerance, 19 with weak tolerance, and one cold-sensitive accession. © (2026), (Editorial Office of Pratacultural Science). All rights reserved.",主成分分析; 发芽势; 发芽指数; 发芽速度指数; 聚类分析; 评价发芽率; 隶属函数,NA,"W. Wang; College of Life Science and Technology, Gansu Agricultural University, Lanzhou, Gansu, 730070, China; email: wtwang@gsau.edu.cn",NA,Editorial Office of Pratacultural Science,10010629,NA,NA,NA,English,Pratacultural. Sci.,Article,Final,NA,Scopus,2-s2.0-105036410295
9,Hernández E.H.M.; Coronado A.C.M.; Ardila W.L.R.,"Hernández, Elsa Helena Manjarres (57217164726); Coronado, Ana Cruz Morillo (59454666900); Ardila, Wendy Lorena Reyes (57218587522)",57217164726; 59454666900; 57218587522,Seed quality of 22 quinoa materials (chenopodium quinoa willd.) from the department of Boyaca,2020,Revista Ceres,67,4,NA,306,311,5,10.1590/0034-737X202067040008,https://www.scopus.com/pages/publications/85090224722?origin=resultslist,"Universidad Pedagógica y Tecnológica de Colombia, Facultad Ciencias Agropecuarias, Tunja, Boyacá, Colombia","Hernández E.H.M., Universidad Pedagógica y Tecnológica de Colombia, Facultad Ciencias Agropecuarias, Tunja, Boyacá, Colombia; Coronado A.C.M., Universidad Pedagógica y Tecnológica de Colombia, Facultad Ciencias Agropecuarias, Tunja, Boyacá, Colombia; Ardila W.L.R., Universidad Pedagógica y Tecnológica de Colombia, Facultad Ciencias Agropecuarias, Tunja, Boyacá, Colombia","Chenopodium quinoa Willd. is a pseudocereal with seeds that are a rich source of vitamins and minerals. However, there are few studies on quinoa seed quality, especially for the Colombian germplasm. So, the objective of this research was to determine the quality of 22 quinoa materials from the Department of Boyaca by evaluating the physical (color, shape and diameter) and physiological (tetrazolium test) quality of the seeds. It was found that 36% of the materials had a white grain color, 80% cylindrical shape, 65% smooth edges and diameters smaller than 2mm, desirable characteristics for post-harvest processes. The evaluated physical characteristics presented high variability between the evaluated materials, which is desirable for elite breeding processes. The imbibition rate showed that germination was rapid (at 4 hours, the weight of the seeds doubled), that is, the materials were not dormant. Finally, it was determined that storage conditions, such as temperature and relative humidity, are essential for preventing deterioration in quinoa seeds; these factors can also affect germination and long-term vigor. © 2020 Universidade Federal de Vicosa.",Cereal; Germination; Viability; Vigor,NA,"A.C.M. Coronado; Universidad Pedagógica y Tecnológica de Colombia, Facultad Ciencias Agropecuarias, Tunja, Boyacá, Colombia; email: ana.morillo@uptc.edu.co",NA,Universidade Federal de Vicosa,0034737X,NA,NA,NA,English,Rev. Ceres,Article,Final,All Open Access; Gold Open Access; Green Open Access,Scopus,2-s2.0-85090224722
9,Hossein-Pour A.; Haliloglu K.; Ozkan G.; Tan M.,"Hossein-Pour, A. (57192678010); Haliloglu, K. (6505788069); Ozkan, G. (57205503669); Tan, M. (7401464697)",57192678010; 6505788069; 57205503669; 7401464697,Genetic diversity and population structure of quinoa (Chenopodium Quinoa Willd.) Using iPBS- retrotransposons markers,2019,Applied Ecology and Environmental Research,17,2,NA,1899,1911,17,10.15666/aeer/1702_18991911,https://www.scopus.com/pages/publications/85064252361?origin=resultslist,"Department of Field Crops, Faculty of Agriculture, Atatürk University, Erzurum, 25240, Turkey","Hossein-Pour A., Department of Field Crops, Faculty of Agriculture, Atatürk University, Erzurum, 25240, Turkey; Haliloglu K., Department of Field Crops, Faculty of Agriculture, Atatürk University, Erzurum, 25240, Turkey; Ozkan G., Department of Field Crops, Faculty of Agriculture, Atatürk University, Erzurum, 25240, Turkey; Tan M., Department of Field Crops, Faculty of Agriculture, Atatürk University, Erzurum, 25240, Turkey","Quinoa (Chenopodium quinoa Willd.) is a nutritionally important plant with a good protein quality and a high concentration of vitamins and minerals. It has been cultured for several thousand years in South America. In this study, we investigated the use of inter-primer binding site (iPBS) for the molecular characterization of 17 quinoa genotypes (Chenopodium quinoa Willd.) cultivated in Turkey. For this purpose, 25 iPBS markers were employed, and six primers provided sufficient polymorphic data generating a total of 19 alleles with an average of 2.83 bands/primer. The number of iPBS bands per individual was calculated as 1.12. The rate of polymorphism information content ranged from 0.02 to 0.49 with an average of 0.20. Genetic associations were assessed using the Dice dissimilarity coefficient between different pairs of accessions and revealed an average value of 0.84 for the French population and Q-52 genotypes. Cluster analysis on the unweighted pair-group mean average divided the 17 quinoa genotypes into two major clusters. The results of the principal component analysis were in agreement with those of the cluster analysis. The highest number of alleles, Nei’s genetic diversity, and Shannon’s information index were obtained from the French Vanilla genotype at 1.99, 0.50 and 0.69, respectively, whereas the lowest values were observed in the Q-52 genotype at 1.10, 0.09 and 0.20, respectively. The expected heterozygosity ranged from 0.398 in the first sub-population to 0.140 in the second sub- population with an average of 0.269. The mean population differentiation measurement (F st) values of the sub-populations were 0.048 and 0.676 for the first and second sub-populations, respectively. The results of this study provide useful information for the management of the quinoa germplasm and contribute to the improvement of existing breeding approaches. They also presented the iPBS marker system as a suitable tool for identification and genetic diversity analysis of quinoa genotypes. © 2019, ALÖKI Kft., Budapest, Hungary.",Bayesian clustering; Chenopodium quinoa; Genetic diversity; iPBS,NA,"K. Haliloglu; Department of Field Crops, Faculty of Agriculture, Atatürk University, Erzurum, 25240, Turkey; email: kamilh@atauni.edu.tr",NA,Corvinus University of Budapest,15891623,NA,NA,NA,English,Appl. Ecol. Environ. Res.,Article,Final,All Open Access; Gold Open Access,Scopus,2-s2.0-85064252361
9,Accogli R.; Albano A.; Miceli A.,"Accogli, Rita (23972479200); Albano, Antonella (55787243400); Miceli, Antonio (6603935674)",23972479200; 55787243400; 6603935674,Characterization of germplasm of some commercial varieties of chenopodium quinoa Willd; [caratterizzazione di germoplasma di alcune varietà commerciali di Chenopodium quinoa Willd],2015,Italian Botanist,47,2,NA,299,301,0,NA,https://www.scopus.com/pages/publications/85050021785?origin=resultslist,"Dipartimento di Scienze e Tecnologie Biologiche ed Ambientali (Di.S.Te.B.A.), Università del Salento, Centro Ecotekne, Via Provinciale per Monteroni, Lecce, 73100, Italy","Accogli R., Dipartimento di Scienze e Tecnologie Biologiche ed Ambientali (Di.S.Te.B.A.), Università del Salento, Centro Ecotekne, Via Provinciale per Monteroni, Lecce, 73100, Italy; Albano A., Dipartimento di Scienze e Tecnologie Biologiche ed Ambientali (Di.S.Te.B.A.), Università del Salento, Centro Ecotekne, Via Provinciale per Monteroni, Lecce, 73100, Italy; Miceli A., Dipartimento di Scienze e Tecnologie Biologiche ed Ambientali (Di.S.Te.B.A.), Università del Salento, Centro Ecotekne, Via Provinciale per Monteroni, Lecce, 73100, Italy","In this paper are exposed the main actions taken by the Botanical garden of diSteBa for growing some varieties of Chenopodium quinoa Willd, whose seeds are already present and spread throughout the country from the chains of food distribution. Were characterized the seeds on three samples from Brazil, Bolivia and peru; tests of germination and cultivation in field were performed. the failure of the cultivation lead us to further insights about the soil and climate conditions necessary for the different varieties. © 2018 Società Botanica Italiana onlus.",Chenopodium quinoa; Cultivation; Seeds characterization,NA,NA,NA,Pensoft Publishers,25314033,NA,NA,NA,Italian,Ital. Bot.,Conference paper,Final,NA,Scopus,2-s2.0-85050021785
9,Craine E.B.; Murphy K.M.,"Craine, Evan B. (57218659414); Murphy, Kevin M. (57213539673)",57218659414; 57213539673,Seed Composition and Amino Acid Profiles for Quinoa Grown in Washington State,2020,Frontiers in Nutrition,7,NA,126,NA,NA,81,10.3389/fnut.2020.00126,https://www.scopus.com/pages/publications/85089938527?origin=resultslist,"Department of Crop and Soil Sciences, Washington State University, Pullman, WA, United States","Craine E.B., Department of Crop and Soil Sciences, Washington State University, Pullman, WA, United States; Murphy K.M., Department of Crop and Soil Sciences, Washington State University, Pullman, WA, United States","Quinoa (Chenopodium quinoa Willd.) is a pseudocereal celebrated for its excellent nutritional quality and potential to improve global food security, especially in marginal environments. However, minimal information is available on how genotype influences seed composition, and thus, nutritional quality. This study aimed to provide a baseline for nutritional quality of Washington grown quinoa and test the hypothesis that these samples contain adequate amounts of essential amino acids to meet daily requirements set by the World Health Organization (WHO). One hundred samples, representing commercial varieties and advanced breeding lines adapted to Washington State, were analyzed for content of 23 amino acids, as well as crude protein, ash, moisture, and crude fat. Mean essential amino acid values for Washington grown quinoa met the daily requirements for all age groups for all essential amino acids, except for the amount of leucine required by infants. We found that only nine genotypes met the leucine requirements for all age groups. A total of 52 and 94 samples met the lysine and tryptophan requirements for all age groups, respectively. Mean values for isoleucine, leucine, lysine, tryptophan, valine, and the sulfur and aromatic amino acids are higher for Washington grown samples than those reported previously reported in the literature. Our results show that not all Washington grown quinoa samples meet daily requirements of essential amino acids, and we identify limiting amino acids for the germplasm and environments investigated. This study provides the first report of leucine as a limiting amino acid in quinoa. Additional research is needed to better understand variation in quinoa nutritional composition, identify varieties that meet daily requirements, and explore how genotype, environment, and management interactions influence nutritional quality. © Copyright © 2020 Craine and Murphy.",complete protein; essential amino acid; limiting; protein quality; quinoa,NA,"K.M. Murphy; Department of Crop and Soil Sciences, Washington State University, Pullman, United States; email: kmurphy2@wsu.edu",NA,Frontiers Media S.A.,2296861X,NA,NA,NA,English,Front. Nutr.,Article,Final,All Open Access; Gold Open Access; Green Open Access,Scopus,2-s2.0-85089938527
9,Curti R.N.; de la Vega A.J.; Andrade A.J.; Bramardi S.J.; Bertero H.D.,"Curti, R.N. (39061195600); de la Vega, A.J. (7005522578); Andrade, A.J. (54782168300); Bramardi, S.J. (8656302200); Bertero, H.D. (6603139565)",39061195600; 7005522578; 54782168300; 8656302200; 6603139565,Adaptive responses of quinoa to diverse agro-ecological environments along an altitudinal gradient in North West Argentina,2016,Field Crops Research,189,NA,NA,10,18,29,10.1016/j.fcr.2016.01.014,https://www.scopus.com/pages/publications/84960193422?origin=resultslist,"Departamento de Producción Vegetal, CONICET/Facultad de Agronomía, Universidad de Buenos Aires, Avenida San Martín 4453, Buenos Aires, C1417DSE, Argentina; DuPont Pioneer, San José de la Rinconada, Sevilla, 41300, Spain; INBIAL (Instituto de Biología de la Altura), Universidad Nacional de Jujuy, Av. Bolivia 1661, San Salvador de Jujuy, Jujuy, Argentina; Facultad de Ciencias Agrarias, Universidad Nacional del Comahue, Ruta 151, C.C. 85, Cinco Saltos, Río Negro, 8303, Argentina; Instituto de Investigaciones Fisiológicas y Ecológicas Vinculadas a la Agricultura, Avenida San Martín 4453, Buenos Aires, C1417DSE, Argentina","Curti R.N., Departamento de Producción Vegetal, CONICET/Facultad de Agronomía, Universidad de Buenos Aires, Avenida San Martín 4453, Buenos Aires, C1417DSE, Argentina; de la Vega A.J., DuPont Pioneer, San José de la Rinconada, Sevilla, 41300, Spain; Andrade A.J., INBIAL (Instituto de Biología de la Altura), Universidad Nacional de Jujuy, Av. Bolivia 1661, San Salvador de Jujuy, Jujuy, Argentina; Bramardi S.J., Facultad de Ciencias Agrarias, Universidad Nacional del Comahue, Ruta 151, C.C. 85, Cinco Saltos, Río Negro, 8303, Argentina; Bertero H.D., Departamento de Producción Vegetal, CONICET/Facultad de Agronomía, Universidad de Buenos Aires, Avenida San Martín 4453, Buenos Aires, C1417DSE, Argentina, Instituto de Investigaciones Fisiológicas y Ecológicas Vinculadas a la Agricultura, Avenida San Martín 4453, Buenos Aires, C1417DSE, Argentina","Quinoa is an important Andean grain crop grown in a wide range of tropical and temperate environments. Time to flowering is an important trait determining grain yield. This work aimed to understand how responses to photoperiod and temperature might alter plant leaf and floral development. To assess the likely degree of G × E interactions, eleven quinoa accessions from a wide range of environments of origin within Northwest Argentina were grown in several sowing dates over two seasons at a high altitude site. In a third season at a low altitude site, a subset of six accessions planted in pots in the field was exposed to two artificially extended and a control (natural) photoperiod. Time to the appearance of floral buds and anthesis were recorded as was leaf number. A photothermal model developed for quinoa was used to compare responses to photoperiod. Plant development rates to visible floral buds and anthesis stages and phyllochron varied widely amongst accessions and across environments within a short day response though phyllochron varied mostly during the reproductive phase. There was a very strong association between time to flowering and altitude of origin (r = -0.98), mean temperature of the wettest quarter (r = 0.98) and Normalized Difference Vegetation Index values (r = 0.73). Photoperiod sensitivity was higher for accessions from the lowlands (normally late flowering), while temperature sensitivity was greatest for accessions from the highlands (early flowering); most variation for these traits detected at the species level was found in North West Argentina. Genotype by environment interactions for yield were related to the traits examined in this study and considering their high heritability it is suggested that quinoa breeding programs targeted for specific adaptation to a wide range of environments can be developed from this germplasm. © 2016 Elsevier B.V.",Chenopodium quinoa Willd.; Flowering; Genotype × environment interaction; Phyllochron,Argentina; Chenopodium quinoa; adaptation; agroecology; altitude; crop plant; environmental gradient; flowering; genotype-environment interaction; herb; leaf; NDVI; photoperiod; selective breeding; temperature effect; wild population,"R.N. Curti; Laboratorio de Investigaciones Botánicas (LABIBO/CONICET), Facultad de Ciencias Naturales, Universidad Nacional de Salta, Salta, Av. Bolivia 5150, Argentina; email: rcurti@agro.uba.ar",NA,Elsevier B.V.,03784290,NA,FCRED,NA,English,Field Crops Res.,Article,Final,All Open Access; Bronze Open Access; Green Open Access,Scopus,2-s2.0-84960193422
9,Tao X.; Yao X.; Yao Y.,"Tao, Xiaosuo (59679051200); Yao, Xiaohua (57194422996); Yao, Youhua (57196955980)",59679051200; 57194422996; 57196955980,"Analysis of grain phenotype, filling characteristics, and starch synthase activity in Chenopodium quinoa with different grain sizes; [大小粒型藜麦籽粒表型、灌浆特性及淀粉合成酶活性的差异分析]",2024,Acta Botanica Boreali-Occidentalia Sinica,44,3,NA,362,369,0,10.7606/j.issn.1000-4025.20230134,https://www.scopus.com/pages/publications/105009440819?origin=resultslist,"Academy of Agriculture and Forestry Sciences, Qinghai University, Xining, 810016, China; Qinghai-Tibet Plateau Germplasm Resources Research and Utilization Laboratory, Xining, 810016, China","Tao X., Academy of Agriculture and Forestry Sciences, Qinghai University, Xining, 810016, China; Yao X., Academy of Agriculture and Forestry Sciences, Qinghai University, Xining, 810016, China, Qinghai-Tibet Plateau Germplasm Resources Research and Utilization Laboratory, Xining, 810016, China; Yao Y., Academy of Agriculture and Forestry Sciences, Qinghai University, Xining, 810016, China, Qinghai-Tibet Plateau Germplasm Resources Research and Utilization Laboratory, Xining, 810016, China","[Objective] Grain size significantly influences the yield, marketability, and processing characteristics of quinoa (Chenopodium quinoa). Understanding the grain phenotypes, filling characteristics, and starch synthase activity of large- and small-grained quinoa during the filling period can provide guidance for the selection and breeding of large grain quinoa varieties. [Methods] Two quinoa samples, one with a thousand grain weight exceeding 5.0 g and the other is below 3.0 g, were selected for a field experiment at the Innovative Experimental Base of Germplasm Resources of Qinghai Academy of Agricultural and Forestry Sciences. The study compared the difference of grain phenotypes, filling characteristics, and starch synthase activity between large- and small-grained quinoa at 7, 14, 21, and 28 days of the filling stage. [Results] (1) The phenotypic traits of large- and small-grained quinoa, including grain area, circumference, diameter, kernel length, and kernel width, were significantly increased during reproductive period. There were significant differences between grain types, where the largest differences were in grain area and circumference, with the large-grained quinoa was significantly higher than small-grained quinoa by 9.12% to 11.54% and 21.49 to 23.92%, respectively. (2) Throughout the filling period, the dry mass of 100 grains of large-grained quinoa exceeded that of small-grained quinoa, with an average increase of 21.23% to 31.04%; the filling rate of large and small-grained quinoa rose first and declined subsequently during the reproductive period, which was in the pattern of ""slow-fast-slow"". However, the time to reach the peak and the peak height were different, with large-grained quinoa was early and high, while small-grained quinoa was low and late. (3) The starch branching enzyme (SBE), sucrose synthase (SS), soluble starch synthase (SSS), and ADPG pyrophosphorylase (AGP) varied for both grain sizes, with SBE and SS activities being stronger in small-grained quinoa than in large-grained quinoa, while SSS and AGP activities were stronger in large-grained quinoa than in small-grained quinoa. [Conclusion] Variations in the activities of four starch synthases during grain filling contribute to differences in starch accumulation and peak filling rate, which in turn leads to differences in grain phenotypic traits, whereas SSS and AGPase are the key enzymes affecting quinoa grain size. © 2024 Science Press. All rights reserved.",filling characteristics; grain phenotype; grain size; quinoa; starch synthase activity,NA,"Y. Yao; Academy of Agriculture and Forestry Sciences, Qinghai University, Xining, 810016, China; email: youhua8888@126.com",NA,Science Press,10004025,NA,NA,NA,Chinese,Acta Botanica Boreal. Occidentalia  Sinica,Article,Final,NA,Scopus,2-s2.0-105009440819
9,Hou L.; Chen Y.; Wang Y.; Hong D.; Wang Y.; Chen Z.; Wu S.; Dong Y.,"Hou, Liyuan (56739884900); Chen, Yuhuai (57848889100); Wang, Yuchuan (57901890900); Hong, Danxia (59699590800); Wang, Yixue (53986839400); Chen, Zhe (59700366800); Wu, Shenjie (56161410100); Dong, Yanhui (57221416686)",56739884900; 57848889100; 57901890900; 59699590800; 53986839400; 59700366800; 56161410100; 57221416686,Influence of Drought Stress Duration on Quinoa Physiological Characteristics and Drought Tolerance Evaluation at Seedling Stage; [干旱胁迫时间对藜麦苗期生理特性的影响及耐旱性评价],2024,Journal of Nuclear Agricultural Sciences,38,11,NA,2237,2246,3,10.11869/j.issn.1000-8551.2024.11.2237,https://www.scopus.com/pages/publications/105000383925?origin=resultslist,"College of Life Sciences, Shanxi Agricultural University, Shanxi, Taiyuan, 030031, China; Department of Statistics and Actuarial Science, The University of Hong Kong, 999077, Hong Kong","Hou L., College of Life Sciences, Shanxi Agricultural University, Shanxi, Taiyuan, 030031, China; Chen Y., Department of Statistics and Actuarial Science, The University of Hong Kong, 999077, Hong Kong; Wang Y., College of Life Sciences, Shanxi Agricultural University, Shanxi, Taiyuan, 030031, China; Hong D., College of Life Sciences, Shanxi Agricultural University, Shanxi, Taiyuan, 030031, China; Wang Y., College of Life Sciences, Shanxi Agricultural University, Shanxi, Taiyuan, 030031, China; Chen Z., College of Life Sciences, Shanxi Agricultural University, Shanxi, Taiyuan, 030031, China; Wu S., College of Life Sciences, Shanxi Agricultural University, Shanxi, Taiyuan, 030031, China; Dong Y., College of Life Sciences, Shanxi Agricultural University, Shanxi, Taiyuan, 030031, China","To study the dynamics of physiological responses of quinoa (Chenopodium quinoa Willd.) to continuous drought stress,three cultivars of quinoa,JinLi1(JL1),JinLi2(JL2)and JinLi3(JL3),were used to identify drought tolerance at seedling stage under the drought stress of 20 % polyethylene glycol(PEG) 6 000 solution. After 0,0.5,2,8,24,48 and 72 hours of continuous drought stress,the physiological and biochemical indexes were measured to evaluate the drought tolerance,screened the identification indexes of quinoa and comprehensively evaluated quinoas at seedling stage. The results showed that with the extension of drought stress time,the leaf relative water content(RWC)was decreased gradually,the contents of malonic dialdehyde(MDA)and soluble sugar(SS)were increased,and the activities of antioxidant enzymes were increased first and then decreased;the activities of superoxide dismutase(SOD),catalase(CAT),and ascorbate peroxidase(APX)peaked at 24 h,peroxidase(POD)activity reached the maximum at 48h;the contents of proline(Pro)and soluble protein(SP),the productive rate of superoxide anion(O-.2 )on each varieties were different;the Pro contents of JL1 and JL2 were increased with the extension of stress time,the Pro content of JL3 was increased first and then decreased,reached the maximum at 48 h;the SP content of JL1 was decreased first,then increased and then decreased,the soluble protein contents of JL2 and JL3 were increased first and then decreased;the O-.2 production rates of JL1 and JL3 showed continuous rise,JL2 increased first and then decreased. These results suggested that the effect of drought stress duration on each index was different and most of the indexes changed greatly at 24 h and 48 h. In addition,the physiological index had a certain threshold responses to drought stress. Both principal component analysis and membership function analysis showed that the drought tolerance of the tested quinoa germplasm was JL1 > JL2 > JL3. This study results provide theoretical basis for the study of drought tolerance mechanism and breeding of new drought-tolerant varieties. © 2024 Chinese Society of Nuclear Agricultural Sciences and Institute of Food Science and Technology, CAAS. All rights reserved.",drought stress time; membership function; physiological index; principal component analysis; quinoa,NA,"S. Wu; College of Life Sciences, Shanxi Agricultural University, Taiyuan, Shanxi, 030031, China; email: sj_wu@126.com; Y. Dong; College of Life Sciences, Shanxi Agricultural University, Taiyuan, Shanxi, 030031, China; email: dongfang5513@163.com",NA,"Chinese Society of Nuclear Agricultural Sciences and Institute of Food Science and Technology, CAAS",10008551,NA,NA,NA,Chinese,J. Nucl. Agric. Sci.,Article,Final,NA,Scopus,2-s2.0-105000383925
9,Salazar J.; Roman V.J.; Gutierrez B.; van Loo E.N.; de Lourdes Torres M.; Torres A.F.,"Salazar, Juan (57207705887); Roman, Viviana Jaramillo (57211967250); Gutierrez, Bernardo (57215091466); van Loo, Eibertus Nicolaas (6603326728); de Lourdes Torres, María (55973684200); Torres, Andrés Francisco (55699229400)",57207705887; 57211967250; 57215091466; 6603326728; 55973684200; 55699229400,"Correction to: Molecular characterization of Ecuadorian quinoa (Chenopodium quinoa Willd.) diversity: implications for conservation and breeding (Euphytica, (2019), 215, 3, (60), 10.1007/s10681-019-2371-z)",2019,Euphytica,215,12,209,NA,NA,2,10.1007/s10681-019-2516-0,https://www.scopus.com/pages/publications/85075518821?origin=resultslist,"Laboratorio de Biotecnología Vegetal, Colegio de Ciencias Biológicas y Ambientales, Universidad San Francisco de Quito USFQ, Diego de Robles y Vía Interoceánica, Cumbayá, Ecuador; Wageningen UR Plant Breeding, Wageningen University and Research, PO Box 386, Wageningen, 6700 AJ, Netherlands; Department of Zoology, University of Oxford, 11a Mansfield Road, Oxford, OX1 3SZ, United Kingdom","Salazar J., Laboratorio de Biotecnología Vegetal, Colegio de Ciencias Biológicas y Ambientales, Universidad San Francisco de Quito USFQ, Diego de Robles y Vía Interoceánica, Cumbayá, Ecuador; Roman V.J., Wageningen UR Plant Breeding, Wageningen University and Research, PO Box 386, Wageningen, 6700 AJ, Netherlands; Gutierrez B., Laboratorio de Biotecnología Vegetal, Colegio de Ciencias Biológicas y Ambientales, Universidad San Francisco de Quito USFQ, Diego de Robles y Vía Interoceánica, Cumbayá, Ecuador, Department of Zoology, University of Oxford, 11a Mansfield Road, Oxford, OX1 3SZ, United Kingdom; van Loo E.N., Wageningen UR Plant Breeding, Wageningen University and Research, PO Box 386, Wageningen, 6700 AJ, Netherlands; de Lourdes Torres M., Laboratorio de Biotecnología Vegetal, Colegio de Ciencias Biológicas y Ambientales, Universidad San Francisco de Quito USFQ, Diego de Robles y Vía Interoceánica, Cumbayá, Ecuador; Torres A.F., Laboratorio de Biotecnología Vegetal, Colegio de Ciencias Biológicas y Ambientales, Universidad San Francisco de Quito USFQ, Diego de Robles y Vía Interoceánica, Cumbayá, Ecuador, Wageningen UR Plant Breeding, Wageningen University and Research, PO Box 386, Wageningen, 6700 AJ, Netherlands","Due to an unfortunate error of miscommunication, two of the co-authors of this manuscript were omitted from the original publication. The correct representation of the authors and their affiliations are listed here and should be treated as definitive. Juan Salazar1, Viviana Jaramillo Roman2, Bernardo Gutierrez1,3, Eibertus Nicolaas van Loo2, Mari´a de Lourdes Torres1, Andre´s Francisco Torres1,2 1. Laboratorio de Biotecnologi´a Vegetal, Colegio de Ciencias Biolo´gicas y Ambientales, Universidad San Francisco de Quito USFQ, Diego de Robles y Vi´a Interocea´nica, Cumbaya´, Ecuador 2. Wageningen UR Plant Breeding, Wageningen University and Research, PO Box 386, 6700 AJ Wageningen, The Netherlands 3. Department of Zoology, University of Oxford, 11a Mansfield Road, Oxford OX1 3SZ, UK Furthermore, the acknowledgments section has been adapted to match the changes in authorship. The corrected acknowledgements, presented below, are definitive: This research was funded with a Chancellor’s Grant (2015) from Universidad San Francisco de Quito USFQ (Quito-Ecuador). Germplasm access and research permit were granted by the Ministry of Environment of Ecuador (MAE-DNB-CM-2016- 0044). The authors would like to acknowledge the technical assistance offered by researchers at the Plant Biotechnology Laboratory (COCIBA, USFQ), as well as Dr. Leonardo Zurita for his assistance with georeferenced mapping. The authors would also like to acknowledge Dr. Gerard van der Linden (Wageningen University and Research) for supporting our efforts to search and collect quinoa germplasm throughout the Andes of Ecuador. © 2019, The Authors.",NA,NA,"A.F. Torres; Laboratorio de Biotecnología Vegetal, Colegio de Ciencias Biológicas y Ambientales, Universidad San Francisco de Quito USFQ, Cumbayá, Diego de Robles y Vía Interoceánica, Ecuador; email: andres.torres@wur.nl",NA,Springer,00142336,NA,EUPHA,NA,English,Euphytica,Erratum,Final,All Open Access; Green Open Access; Hybrid Gold Open Access,Scopus,2-s2.0-85075518821
9,Akter S.; Das B.; Abdullah A.; Aurin F.A.; Sultana N.; Rahman M.M.; Burritt D.J.; Hossain M.A.,"Akter, Sadia (60423152700); Das, Biswajit (59315297600); Abdullah, Adrita (59410531900); Aurin, Fauzia Afrin (59925447400); Sultana, Naima (57302535400); Rahman, Md Moshiur (59421086000); Burritt, David J. (6603930106); Hossain, Mohammad Anwar (55828150128)",60423152700; 59315297600; 59410531900; 59925447400; 57302535400; 59421086000; 6603930106; 55828150128,Phenotypic characterisation and genetic dissection of the yield -attributing traits of exotic quinoa (Chenopodium quinoa L.) germplasm,2026,Plant Science Today,13,2,NA,1,13,0,10.14719/pst.12062,https://www.scopus.com/pages/publications/105040392809?origin=resultslist,"Department of Genetics and Plant Breeding, Bangladesh Agricultural University, Mymensingh, 2202, Bangladesh; Department of Agronomy, Bangladesh Agricultural University, Mymensingh, 2202, Bangladesh; Department of Botany, University of Otago, Dunedin, 9016, New Zealand","Akter S., Department of Genetics and Plant Breeding, Bangladesh Agricultural University, Mymensingh, 2202, Bangladesh; Das B., Department of Genetics and Plant Breeding, Bangladesh Agricultural University, Mymensingh, 2202, Bangladesh; Abdullah A., Department of Genetics and Plant Breeding, Bangladesh Agricultural University, Mymensingh, 2202, Bangladesh; Aurin F.A., Department of Genetics and Plant Breeding, Bangladesh Agricultural University, Mymensingh, 2202, Bangladesh; Sultana N., Department of Genetics and Plant Breeding, Bangladesh Agricultural University, Mymensingh, 2202, Bangladesh; Rahman M.M., Department of Agronomy, Bangladesh Agricultural University, Mymensingh, 2202, Bangladesh; Burritt D.J., Department of Botany, University of Otago, Dunedin, 9016, New Zealand; Hossain M.A., Department of Genetics and Plant Breeding, Bangladesh Agricultural University, Mymensingh, 2202, Bangladesh","Quinoa (Chenopodium quinoa L.) is a highly nutritious, climate-resilient crop with high levels of phenotypic and genotypic variability. Three replications of a randomised complete block design (RBCD) were used in a field experiment at the Bangladesh Agricultural University in Mymensingh for phenotypic characterisation of 46 quinoa genotypes and genetic dissection of traits which are crucial for genetic improvement. The quantitative parameters studied are: days to maturity (DM), plant height (PH), panicle weight (PW), 1000-seed weight (TSW), above ground biomass (AGB), harvest index (HI) and yield per plant (YPP) showed substantial (p ≤ 0.01) differences. Kaust-09755, Kaust-10860, Kaust-09386, Kaust-09385, Kaust-10810, Kaust-09379 and Kaust-10804 showed promising potential for yield improvements. Traits such as PH, PW, AGB and YPP exhibited high heritability and genetic advance. Yield per plant showed significant positive correlations with DM, PH, PW and AGB, with PW and AGB having the strongest direct impacts on yield. Genotypes were grouped into four distinct clusters, based upon D2 analysis, with clusters III and IV being the most divergent. Principal component analysis (PCA) revealed that PC1 explained 55.10 % of the variability, with high positive loading for YPP, PW and AGB. Cluster and principal component analyses identified Kaust-05784, Kaust-09391, Kaust-10860 and SAU Quinoa-1 as highly divergent and suitable donor parents for future breeding programs. Copyright: © The Author(s). This is an open-access article distributed under the terms of the Creative Commons Attribution License, which permits unrestricted use, distribution and reproduction in any medium, provided the original author and source are credited (https://creativecommons.org/licenses/by/4.0/)",correlation coefficient; genetic advance; genetic diversity; heritability; path coefficient; PCA; quinoa; yield attributing traits,NA,"M.A. Hossain; Department of Genetics and Plant Breeding, Bangladesh Agricultural University, Mymensingh, 2202, Bangladesh; email: anwargpb@bau.edu.bd",NA,Horizon e-Publishing Group,23481900,NA,NA,NA,English,Plant Sci. Today,Article,Final,All Open Access; Gold Open Access; Green Open Access,Scopus,2-s2.0-105040392809
9,Delgado H.; Martín J.P.,"Delgado, Hipatia (58074739500); Martín, Juan Pedro (37461804300)",58074739500; 37461804300,Assessment of Genetic Diversity in Quinoa Landraces Cultivated in the Ecuadorian Highlands Since the Early 1980s,2025,Plants,14,5,635,NA,NA,5,10.3390/plants14050635,https://www.scopus.com/pages/publications/86000620089?origin=resultslist,"Departamento de Biotecnología-Biología Vegetal, Escuela Técnica Superior de Ingeniería Agronómica, Alimentaria y de Biosistemas, Universidad Politécnica de Madrid, Avda. Puerta de Hierro 2-4, Madrid, 28040, Spain","Delgado H., Departamento de Biotecnología-Biología Vegetal, Escuela Técnica Superior de Ingeniería Agronómica, Alimentaria y de Biosistemas, Universidad Politécnica de Madrid, Avda. Puerta de Hierro 2-4, Madrid, 28040, Spain; Martín J.P., Departamento de Biotecnología-Biología Vegetal, Escuela Técnica Superior de Ingeniería Agronómica, Alimentaria y de Biosistemas, Universidad Politécnica de Madrid, Avda. Puerta de Hierro 2-4, Madrid, 28040, Spain","Quinoa (Chenopodium quinoa Willd.) landraces have been cultivated ancestrally in the Andean highlands of Ecuador, where they have had great social and nutritional importance for the native population. Currently, there is scarce information on its genetic diversity and conservation status, and none on the changes that may have occurred in recent decades. In this study, we assessed the genetic diversity of 268 accessions (1340 samples; five per accession) of quinoa landraces collected at two different times (1978–1988 and 2014–2015) in three representative Ecuadorian Andean provinces for this crop (Imbabura, Cotopaxi and Chimborazo) using eight simple sequence repeat (SSR) markers. A total of 124 alleles were found, with a range of 11–24 per locus (mean = 15.5). Averages of expected heterozygosity (He) and Shannon information index (I) were 0.763 and 1.821, respectively. The most informative loci were 3_QAAT050 and 7_QAAT100, with discrimination power (D) values above 92%. Moreover, 1055 different genotypes were found, of which 939 were unique genotypes. This high level of genetic diversity could be explained by the intensive exchange of seeds between farmers in the Andean region. In addition, no significant differences were found in the main genetic diversity parameters between collections and/or provinces. If there is no significant quantitative loss of genetic diversity over the last four decades, this would indicate that indigenous farming communities of this Andean region are preserving their ancestral quinoa germplasm reasonably well. Furthermore, two genetic groups were found with a genetic distance of 0.337. Samples in these groups appear to be related to their provincial origin. This may be due to the different ways in which quinoa landraces are managed and conserved in the different Andean provinces. The results obtained may be very useful for the suitable management and conservation of this ancestral plant genetic resource, both on farm by indigenous farming communities and ex situ by the Germplasm Bank of the Ecuadorian National Institute for Agricultural Research (INIAP). © 2025 by the authors.",Chenopodium quinoa; genetic structure; genotypic variability; native quinoa; SSR markers,NA,"J.P. Martín; Departamento de Biotecnología-Biología Vegetal, Escuela Técnica Superior de Ingeniería Agronómica, Alimentaria y de Biosistemas, Universidad Politécnica de Madrid, Madrid, Avda. Puerta de Hierro 2-4, 28040, Spain; email: juanpedro.martin@upm.es",NA,Multidisciplinary Digital Publishing Institute (MDPI),22237747,NA,NA,NA,English,Plants,Article,Final,All Open Access; Gold Open Access; Green Open Access,Scopus,2-s2.0-86000620089
9,Bertero H.D.; Ruiz R.A.,"Bertero, H.D. (6603139565); Ruiz, R.A. (7202847943)",6603139565; 7202847943,Reproductive partitioning in sea level quinoa (Chenopodium quinoa Willd.) cultivars,2010,Field Crops Research,118,1,NA,94,101,19,10.1016/j.fcr.2010.04.009,https://www.scopus.com/pages/publications/77956966329?origin=resultslist,"Cátedra de Producción Vegetal and CONICET, Facultad de Agronomía, Universidad de Buenos Aires, C1417DSE, Buenos Aires, Av. San Martín 4453, Argentina","Bertero H.D., Cátedra de Producción Vegetal and CONICET, Facultad de Agronomía, Universidad de Buenos Aires, C1417DSE, Buenos Aires, Av. San Martín 4453, Argentina; Ruiz R.A., Cátedra de Producción Vegetal and CONICET, Facultad de Agronomía, Universidad de Buenos Aires, C1417DSE, Buenos Aires, Av. San Martín 4453, Argentina","The proportion of growth allocated to reproductive organs can be an important determinant of yield variation between cultivars and environments. The main aim of this paper was to evaluate the adequacy of a model assuming constancy in partitioning coefficients (PC, the slope of organ weight to total weight relationship) within periods whose limits are associated with phenological phases to describe variation in reproductive growth (including seeds when present) in the Andean seed crop quinoa. A second objective was to analyze the dynamics of panicle and stem growth to advance our understanding of factors determining yield in this species. To do this, we used data from two experiments conducted in 2 years under field conditions in the Argentinean pampas, using four cultivars belonging to the Sea Level Type and adapted to temperate environments, under three densities. Reproductive partitioning followed a bi-phasic pattern; panicle biomass increased gradually until reaching a total biomass value, and then there was an increase in the slope of panicle vs. total aerial biomass relationship. Partitioning coefficients for the initial stage varied between some cultivars and densities in the first year, but not in the second. No significant differences were detected when PCs for the second stage were considered. The start of panicle growth was associated with thermal time to first anthesis (R2=0.62) while thermal time to change in partitioning from low to high PC and that to end of flowering were strongly related (R2=0.93). Combining data across cultivars, years and densities gave a PC of 0.15 for the initial stage and 0.90 for the second stage. Using these relationships and parameters dynamics of panicle biomass accumulation was predicted satisfactorily in an independent data set for a different environment, confirming the usefulness of a single model approach to describe partitioning across cvs. and environments in this crop. Besides, crop yield estimations improved when compared to those obtained by a seed number estimation model, predictions were only 7.25% lower than observed values compared to -24.5% using a seed number approach. There is a trade-off between final partitioning to reproductive structures (higher in short-cycle cvs.) and total crop biomass, one of the factors contributing to this trade-off being a negative association between the panicle-stem relationship at harvest and duration in thermal time units of stem growth; so, selection for high partitioning rate should be targeted at long duration cvs. within this germplasm. © 2010 Elsevier B.V.",Crop growth; Dry matter partitioning; Modeling; Panicle-stem relationship; Partitioning coefficients,Argentina; Pampas; Chenopodium quinoa; agricultural modeling; bioaccumulation; crop yield; cultivar; dicotyledon; dry matter; growth rate; phytomass; trade-off,"H.D. Bertero; Cátedra de Producción Vegetal and CONICET, Facultad de Agronomía, Universidad de Buenos Aires, C1417DSE, Buenos Aires, Av. San Martín 4453, Argentina; email: bertero@agro.uba.ar",NA,NA,03784290,NA,FCRED,NA,English,Field Crops Res.,Article,Final,All Open Access; Green Open Access,Scopus,2-s2.0-77956966329
9,Jafari F.; Farkhari M.; Siahpoosh A.; Bagheri M.; Qanavati M.,"Jafari, Fatemeh (57213780382); Farkhari, Mohammad (22934167700); Siahpoosh, Abdulreza (59705477300); Bagheri, Mahmoud (57220004444); Qanavati, Mehdi (59704761900)",57213780382; 22934167700; 59705477300; 57220004444; 59704761900,Assessment of Genetic Diversity in Some Quinoa (Chenopodium Quinoa) Genotypes using ISSR Markers,2023,Journal of Crop Breeding,15,45,NA,125,134,1,10.61186/jcb.15.45.125,https://www.scopus.com/pages/publications/105000621187?origin=resultslist,"Department of Plant Production and Genetics, Agricultural Sciences and Natural Resources University of Khuzestan, Mollasani, Iran; Seed and Plant Improvement Institute, Agricultural Research Education and Extension (AREEO), Karaj, Iran; Department of Agriculture, Payame Noor University (PNU), P.o Box 19395-3697, Tehran, Iran","Jafari F., Department of Plant Production and Genetics, Agricultural Sciences and Natural Resources University of Khuzestan, Mollasani, Iran; Farkhari M., Department of Plant Production and Genetics, Agricultural Sciences and Natural Resources University of Khuzestan, Mollasani, Iran; Siahpoosh A., Department of Plant Production and Genetics, Agricultural Sciences and Natural Resources University of Khuzestan, Mollasani, Iran; Bagheri M., Seed and Plant Improvement Institute, Agricultural Research Education and Extension (AREEO), Karaj, Iran; Qanavati M., Department of Agriculture, Payame Noor University (PNU), P.o Box 19395-3697, Tehran, Iran","Introduction and Objective: Quinoa is an attractive crop in many parts of country based on its tolerance to salinity and drought stresses and its adaptability to poor soils. Area under Quinoa cultivation has been increased in recent years in Iran. Breeding of new Quinoa cultivars is essential to keep this trend. Assessment genetic diversity in the germplasm is the first step of plant breeding. In this study, genetic diversity of within and among of some Quinoa populations were determined by ISSR molecular markers. Material and Methods: Diversity among and within 13 Quinoa populations (by assessment of three plants in each population) was examined by 9 ISSRs primers. A total of 13 genotypes including breeding material Q1, Q3, Q4, Q5, Q12, Q26 and Q2, four Chen wild accessions and Giza1 and Titicaca cultivars. Results: A total of 90 bands (with 87.69% polymorphism) were detected with using of 9 ISSR primers. The genotypes were divided in two groups (Q group: including those genotypes with prefix Q in their names and None Q group: other genotypes) with a few exceptions by cluster analysis. Peru or Bolivia are the origin of None Q group genotypes (consisting Titicaca, Giza1 and Chen wild accessions). Also Chile is the origin of other genotypes located on Q group except Q1, Q3, Q4 and Q5 that their origin was not specified. According to the results of clustering, origin of Q1, Q3, Q4 and Q5 populations must be Chile. The first two components in the principal coordinate analysis (PCoA) account for 26.17% of total variance. The genotypes were divided into two groups by PCoA almost similar to the dendrogram grouping. Molecular analysis of variance (AMOVA) recognized high variation within the populations. AMOVA showed that 73% and 27% variations were within and among populations, respectively. Cultivars Titicaca and Giza exhibited lowest within population variance in comparison of other populations. Conclusion: ISSR markers showed acceptable polymorphism based on the results. Positive mass selection is recommended according to the high variation within populations. In general, consideration of two origins for quinoa germplasm management, including Andean highlands and coastal areas is suggested. © 2023, Sari Agricultural Sciences and Natural Resources University. All rights reserved.",Molecular diversity; Molecular markers; Plant Breeding; Quinoa germplasm,NA,"M. Farkhari; Department of Plant Production and Genetics, Agricultural Sciences and Natural Resources University of Khuzestan, Mollasani, Iran; email: farkhari@asnrukh.ac.ir",NA,Sari Agricultural Sciences and Natural Resources University,22286128,NA,NA,NA,Persian,J. Crop Breed.,Article,Final,All Open Access; Hybrid Gold Open Access,Scopus,2-s2.0-105000621187
9,WEI B.; WANG X.; LV W.; LU C.; LI Y.; CUI Y.; WANG M.; WEI Z.; LI M.; ZHANG J.; LEI X.; FUENTES F.; MU G.,"WEI, Boxiang (58945318000); WANG, Xiaoxia (58944633800); LV, Wei (57765333000); LU, Chuan (58757402200); LI, Yang (60622920500); CUI, Yanru (55263939400); WANG, Mei (60623086300); WEI, Zhimin (57900760400); LI, Mengqi (60622685200); ZHANG, Jiangshuo (60622799300); LEI, Xiaoke (60622685300); FUENTES, Francisco (57206375499); MU, Guojun (56080436900)",58945318000; 58944633800; 57765333000; 58757402200; 60622920500; 55263939400; 60623086300; 57900760400; 60622685200; 60622799300; 60622685300; 57206375499; 56080436900,GWAS-based SNP–Trait associations and drought-stressed physiological responses in quinoa (Chenopodium quinoa Willd.),2026,Notulae Botanicae Horti Agrobotanici Cluj-Napoca,54,1,NA,14779,14779,0,10.15835/NBHA54114779,https://www.scopus.com/pages/publications/105038294814?origin=resultslist,"Hebei Agricultural University, North China State Key Laboratory of Crop Improvement and Regulation, Hebei Provincial Laboratory of Crop Germplasm Resources, College of Agronomy, Hebei Province, Baoding, 071000, China; The Quinoa Industrial Technology Research Institute of Hebei Province, Hebei Province, Zhang Jiakou, 075000, China; The S&T Innovation Service Center of Hebei Province, Hebei Province, Shijiazhuang, 050000, China; Institute of Millet Crops, Hebei Academy of Agriculture and Forestry Sciences, Hebei Province, Shijiazhuang, 050000, China; Pontifical Catholic University of Chile, Faculty of Agronomy and Natural Systems, Faculty of Engineering, Faculty of Medicine, Santiago, 6904411, Chile","WEI B., Hebei Agricultural University, North China State Key Laboratory of Crop Improvement and Regulation, Hebei Provincial Laboratory of Crop Germplasm Resources, College of Agronomy, Hebei Province, Baoding, 071000, China, The Quinoa Industrial Technology Research Institute of Hebei Province, Hebei Province, Zhang Jiakou, 075000, China; WANG X., Hebei Agricultural University, North China State Key Laboratory of Crop Improvement and Regulation, Hebei Provincial Laboratory of Crop Germplasm Resources, College of Agronomy, Hebei Province, Baoding, 071000, China, The Quinoa Industrial Technology Research Institute of Hebei Province, Hebei Province, Zhang Jiakou, 075000, China; LV W., The S&T Innovation Service Center of Hebei Province, Hebei Province, Shijiazhuang, 050000, China; LU C., The S&T Innovation Service Center of Hebei Province, Hebei Province, Shijiazhuang, 050000, China; LI Y., The S&T Innovation Service Center of Hebei Province, Hebei Province, Shijiazhuang, 050000, China; CUI Y., Hebei Agricultural University, North China State Key Laboratory of Crop Improvement and Regulation, Hebei Provincial Laboratory of Crop Germplasm Resources, College of Agronomy, Hebei Province, Baoding, 071000, China, The Quinoa Industrial Technology Research Institute of Hebei Province, Hebei Province, Zhang Jiakou, 075000, China; WANG M., Hebei Agricultural University, North China State Key Laboratory of Crop Improvement and Regulation, Hebei Provincial Laboratory of Crop Germplasm Resources, College of Agronomy, Hebei Province, Baoding, 071000, China, The Quinoa Industrial Technology Research Institute of Hebei Province, Hebei Province, Zhang Jiakou, 075000, China; WEI Z., Institute of Millet Crops, Hebei Academy of Agriculture and Forestry Sciences, Hebei Province, Shijiazhuang, 050000, China; LI M., The S&T Innovation Service Center of Hebei Province, Hebei Province, Shijiazhuang, 050000, China; ZHANG J., The S&T Innovation Service Center of Hebei Province, Hebei Province, Shijiazhuang, 050000, China; LEI X., The S&T Innovation Service Center of Hebei Province, Hebei Province, Shijiazhuang, 050000, China; FUENTES F., Pontifical Catholic University of Chile, Faculty of Agronomy and Natural Systems, Faculty of Engineering, Faculty of Medicine, Santiago, 6904411, Chile; MU G., Hebei Agricultural University, North China State Key Laboratory of Crop Improvement and Regulation, Hebei Provincial Laboratory of Crop Germplasm Resources, College of Agronomy, Hebei Province, Baoding, 071000, China, The Quinoa Industrial Technology Research Institute of Hebei Province, Hebei Province, Zhang Jiakou, 075000, China","A total of 120 quinoa (Chenopodium quinoa Willd.) accessions were classified into two distinct genetic groups, Andean highland type and Chilean lowland type, based on a genetic differentiation index (FST) of 0.14. Within this framework, accession M065 was identified as drought-tolerant, whereas M084 exhibited drought sensitivity. 735 SNP loci were obtained by using the MultipleSeq multiplex PCR amplicon capture sequencing technology. GWAS-based SNP–trait association indicated that 5 SNP loci were significantly associated with plant height (PH, R2: 10.03%), branch number (BN, R2: 13.13%), yield per plant (YPP, R2; 10.77%) and panicle width (PW, R2: 10.38%), respectively. Under drought stress, M065 exhibited significantly smaller reductions-by 5.93%, 6.99%, 6.02%, 9.45%, 6.87%, 10.24%, 8.59%, 2.58%, and 3.80%, respectivelythan M084 in plant height, leaf area, biomass, relative leaf water content, chlorophyll content, net photosynthetic rate, transpiration rate, intercellular CO2 concentration, and stomatal conductance. Root system scanning indicated that under drought stress, M065 root cells maintained near-normal volume with only mild shrinkage, whereas M084 root cells exhibited pronounced shriveling. The physiological analysis showed that both accessions exhibited elevated MDA and H2O2 levels under drought stress, with M084 showing greater increases than M065. SOD activity increased in both accessions under D1 (SMC: 45%-55%) and D2 (SMC: 25%-35% stresses, but the rise was slightly higher in M065. POD activity increased significantly in M065, while M084 showed no significant change under D2. CAT activity increased in both accessions under D1, but only M065 showed a significant increase under D2. © 2026 Articles by the authors; Licensee UASVM and SHST, Cluj-Napoca, Romania. The journal allows the author(s) to hold the copyright/to retain publishing rights without restriction.",drought stress; germplasm accessions; physiological analysis; quinoa (Chenopodium quinoa Willd.); SNP,NA,"F. FUENTES; Pontifical Catholic University of Chile, Faculty of Agronomy and Natural Systems, Faculty of Engineering, Faculty of Medicine, Santiago, 6904411, Chile; email: frfuentesc@uc.cl",NA,AcademicPres,0255965X,NA,NA,NA,English,Not. Bot. Horti Agrobot. Cluj-Napoca,Article,Final,All Open Access; Gold Open Access; Green Open Access,Scopus,2-s2.0-105038294814
9,Rojas W.,"Rojas, Wilfredo (57209016808)",57209016808,Multivariate analysis of genetic diversity of Bolivian quinoa germplasm,2003,Food Reviews International,19,1-2,NA,9,23,42,10.1081/FRI-120018864,https://www.scopus.com/pages/publications/0037504158?origin=resultslist,"Fundación PROINPA, La Paz, Bolivia","Rojas W., Fundación PROINPA, La Paz, Bolivia","To determine the genetic diversity of quinoa (Chenopodium quinoa Willd.), the crop's morphological traits and agronomic performance were evaluated during 1992-1993 and 1993-1994, using germplasm preserved in Bolivia and IBPGR descriptors as modified by the Fundación PROINPA's Quinoa Project. Three multivariate methods were used to analyze diversity, allowing sets of individuals to be described and grouped, while considering multiple characteristics and their interrelationships. Principal component analysis was used to quantify the contribution of the three components most associated with total variance, and to identify the variables characterizing each of these components. The nonhierarchical procedure (k-means) of cluster analysis was used to group accessions according to genetic diversity. The resulting seven clusters were combined with passport data to provide useful descriptions of the germplasm. Multiple discriminatory analysis complemented the study, deriving, through the step-by-step procedure, six statistically significant (P = 0.001) functions. The discriminatory ability of each independent variable was quantified through the index of potency. About 92% of the accessions were readily classified into the seven groups identified by cluster analysis. The Mahalanobis distance (D2) method was used to show their statistical differences. Even incorrectly classified accessions were identified and reassigned to a more appropriate group.",Andean crop; Genetic variability; Germplasm; Multivariate methods; Quinoa,Agronomy; Farm Crops; Food; Genetic Engineering; Gravitation; Statistical Methods; Chenopodium; Chenopodium quinoa; Agronomy; Food products; Genetic engineering; Geographical regions; Gravitation; Statistical methods; Genetic diversity; Crops,"W. Rojas; Fundación PROINPA, La Paz, Bolivia; email: quinualp@mail.megalink.com",NA,NA,87559129,NA,NA,NA,English,Food Rev. Int.,Conference paper,Final,NA,Scopus,2-s2.0-0037504158
9,Miranda M.; Vega-Gálvez A.; Martínez E.A.; López J.; Marín R.; Aranda M.; Fuentes F.,"Miranda, Margarita (56844526400); Vega-Gálvez, Antonio (55665185100); Martínez, Enrique A. (56218360900); López, Jéssica (26662289800); Marín, Rosa (57213344012); Aranda, Mario (55106370800); Fuentes, Francisco (57206375499)",56844526400; 55665185100; 56218360900; 26662289800; 57213344012; 55106370800; 57206375499,Influence of contrasting environments on seed composition of two quinoa genotypes: Nutritional and functional properties,2013,Chilean Journal of Agricultural Research,73,2,NA,108,116,82,10.4067/S0718-58392013000200004,https://www.scopus.com/pages/publications/84887535915?origin=resultslist,"Universidad de La Serena, Departamento de Ingeniería en Alimentos, La Serena, Av. Raúl Bitrán s/n, Casilla 599, Chile; Centro de Estudios Avanzados en Zonas Áridas (CEAZA), La Serena, Av. Raúl Bitrán s/n, Casilla 599, Chile; Universidad de Santiago de Chile (USACH), Santiago, Obispo Umaña 050, Chile; Universidad de Concepción, Casilla 237, Concepción, Chile; Universidad Arturo Prat, Iquique, Av. Arturo Prat 2120, Chile","Miranda M., Universidad de La Serena, Departamento de Ingeniería en Alimentos, La Serena, Av. Raúl Bitrán s/n, Casilla 599, Chile; Vega-Gálvez A., Universidad de La Serena, Departamento de Ingeniería en Alimentos, La Serena, Av. Raúl Bitrán s/n, Casilla 599, Chile; Martínez E.A., Centro de Estudios Avanzados en Zonas Áridas (CEAZA), La Serena, Av. Raúl Bitrán s/n, Casilla 599, Chile; López J., Universidad de Santiago de Chile (USACH), Santiago, Obispo Umaña 050, Chile; Marín R., Universidad de La Serena, Departamento de Ingeniería en Alimentos, La Serena, Av. Raúl Bitrán s/n, Casilla 599, Chile; Aranda M., Universidad de Concepción, Casilla 237, Concepción, Chile; Fuentes F., Universidad Arturo Prat, Iquique, Av. Arturo Prat 2120, Chile","Quinoa (Chenopodium quinoa Willd.) in Chile represents a source of germplasm with high nutritional value. However, there is little information available related to quinoa seed quality grown under contrasting environments. In this study we evaluated the changes on seed composition of seeds of two lowland/coastal quinoa genotypes grown under arid (Vicuña) and cold-temperate (Temuco) conditions in Chile. Results showed that in the case of 'Regalona Baer' and 'Villarrica' genotypes the arid location (with irrigation) led to a significant increase (P < 0.05) in grain yield (4.2 and 5.1 t ha-1, respectively), soluble dietary fiber (16.8 ± 0.4 and 28.9 ± 2.1 g kg-1 DM, respectively), vitamin B3 (2.44 ± 0.005 and 2.26 ± 0.04 mg 100 g-1 DM, respectively), saponins (3.22 ± 0.38 mg 100 g-1 DM, 'Regalona Baer'), phenolic compounds (19.2 ± 5.48 and 31.92 ± 1.14 mg gallic acid 100 g-1 DM, respectively) and components of proximate analysis, except protein content. The cold-temperate climate (rainfed) affected positively seed size (2.22 ± 0.17 mm 'Villarrica') and 1000 seed weight (3.08 ± 0.08 and 3.29 ± 0.08 g, respectively), as well as insoluble dietary fiber content (112.3 ± 23.8 g kg-1 DM, 'Regalona Baer'). Furthermore, vitamin C was higher in 'Regalona Baer' genotype at arid locality (31.22 ± 4.2 mg 100 g-1 DM), but much higher content was registered in 'Villarrica' genotype at cold-temperate climate (49.3 ± 5.36 mg 100 g-1 DM). The environment-induced relationship among variables and genotypes was consistent with principal component analysis (PCA). The arid region of Vicuña in Chile represents a potential area for quinoa cultivation for lowland/coastal quinoa genotypes, whose nutritional and functional features were affected positively, due to the much more stressing climatic conditions.",Antioxidant activity; Chenopodium quinoa; Climate stress; Mineral content; Phenolic compounds; Protein,NA,"F. Fuentes; Universidad Arturo Prat, Iquique, Av. Arturo Prat 2120, Chile; email: francfue@unap.cl",NA,NA,07185839,NA,NA,NA,English,Chil. J. Agric. Res.,Article,Final,All Open Access; Gold Open Access; Green Open Access,Scopus,2-s2.0-84887535915
9,Snowball R.; Dhammu H.S.; D’Antuono M.F.; Troldahl D.; Biggs I.; Thompson C.; Warmington M.; Pearce A.; Sharma D.L.,"Snowball, Richard (8572027500); Dhammu, Harmohinder S. (6506177122); D’Antuono, Mario Francesco (57189416711); Troldahl, David (57191142333); Biggs, Ian (6603651135); Thompson, Callen (57900777000); Warmington, Mark (57215597441); Pearce, Amanda (57189340722); Sharma, Darshan L. (9734421400)",8572027500; 6506177122; 57189416711; 57191142333; 6603651135; 57900777000; 57215597441; 57189340722; 9734421400,Adaptation of Quinoa (Chenopodium quinoa Willd.) to Australian Environments,2022,Agronomy,12,9,2026,NA,NA,2,10.3390/agronomy12092026,https://www.scopus.com/pages/publications/85138571667?origin=resultslist,"Department of Primary Industries and Regional Development, South Perth, 6151, WA, Australia; Department of Primary Industries, Yanco, 2703, NSW, Australia; CRC for Developing Northern Australia, Townsville, 4810, QLD, Australia; Agstarprojects, Coonabarabran, 2357, NSW, Australia; South Australian Research and Development Institute, Naracoorte, 5271, SA, Australia; College of Science, Health, Engineering and Education, Murdoch University, Murdoch, 6150, WA, Australia","Snowball R., Department of Primary Industries and Regional Development, South Perth, 6151, WA, Australia; Dhammu H.S., Department of Primary Industries and Regional Development, South Perth, 6151, WA, Australia; D’Antuono M.F., Department of Primary Industries and Regional Development, South Perth, 6151, WA, Australia; Troldahl D., Department of Primary Industries, Yanco, 2703, NSW, Australia; Biggs I., CRC for Developing Northern Australia, Townsville, 4810, QLD, Australia; Thompson C., Agstarprojects, Coonabarabran, 2357, NSW, Australia; Warmington M., Department of Primary Industries and Regional Development, South Perth, 6151, WA, Australia; Pearce A., South Australian Research and Development Institute, Naracoorte, 5271, SA, Australia; Sharma D.L., Department of Primary Industries and Regional Development, South Perth, 6151, WA, Australia, College of Science, Health, Engineering and Education, Murdoch University, Murdoch, 6150, WA, Australia","Quinoa is being evaluated in cropping systems in many countries outside of its natural range of South America. Very few attempts have been made by farmers or researchers to grow or evaluate quinoa under Australian environments. Given the growing popularity of quinoa with consumers, new commercial opportunities for farmers and international interest in the crop, it was timely to undertake a comprehensive evaluation of the potential of quinoa in Australia. Two advanced selections and nine germplasm lines (six of Chilean and three of Bolivian origin) identified in an earlier project were tested in 23 field trials at 14 locations on mainland Australia. Targets included irrigated sites in tropical, Mediterranean, semi-arid and desert climates, and rain-fed sites of south-western Australia with a Mediterranean climate. The field experiments were either a randomised complete block design (RBCD) or a split plot/factorial design with 2–4 replicates, and a linear mixed model was used to compare the treatment lines. Seed yield of quinoa was highest when grown in winter and spring under rain-fed conditions in Geraldton, in spring and summer under irrigation at Bool Lagoon, and summer, autumn and winter under irrigation at Leeton. The highest seed yield achieved was 3 t/ha for a germplasm line from Chile, while the highest yield for a germplasm line from Bolivia was 2.6 t/ha. Advanced selections from Australia yielded well in comparison at most trial sites. Declining seed yield was associated with mean daily temperatures during seed development increasing above 17 °C, mean daily temperatures during flowering declining below 15 °C, and rainfall during seed development under rain-fed conditions falling below 50 mm. Seed produced at Bool Lagoon was the closest in colour to white quinoa imported from Peru; however, it was more than noticeably different. Seed produced at Geraldton and Leeton was significantly larger than from other field sites; however, none were larger than 2 mm in diameter as found in Royal white quinoa from Bolivia. Superior seed colour and seed size were associated with dry conditions at maturity and cool conditions during seed development, respectively. We conclude that quinoa can become a potential crop option for Australian agriculture by exploiting genetic diversity and supplementing with suitable management practices matched to agro-climatic environments. There are reasonable prospects to raise the seed yield potential in areas in all states, especially in the regions where quinoa grew well in our experiments. © 2022 by the authors.",adaptation; climate; germplasm; quality; quinoa; yield,NA,"R. Snowball; Department of Primary Industries and Regional Development, South Perth, 6151, Australia; email: richardsnowball1959@gmail.com; H.S. Dhammu; Department of Primary Industries and Regional Development, South Perth, 6151, Australia; email: harmohinder.dhammu@dpird.wa.gov.au; D.L. Sharma; Department of Primary Industries and Regional Development, South Perth, 6151, Australia; email: darshan.sharma@dpird.wa.gov.au",NA,MDPI,20734395,NA,NA,NA,English,Agronomy,Article,Final,All Open Access; Gold Open Access; Green Open Access,Scopus,2-s2.0-85138571667
9,Gómez-Pando L.R.; Álvarez-Castro R.; Eguiluz-de la Barra A.,"Gómez-Pando, L.R. (15047884000); Álvarez-Castro, R. (36678755400); Eguiluz-de la Barra, A. (26667719600)",15047884000; 36678755400; 26667719600,Effect of salt stress on peruvian germplasm of chenopodium quinoa willd.: A promising crop,2010,Journal of Agronomy and Crop Science,196,5,NA,391,396,76,10.1111/j.1439-037X.2010.00429.x,https://www.scopus.com/pages/publications/77956448523?origin=resultslist,"Cereal Research Program, National Agricultural University La Molina, Lima, Peru","Gómez-Pando L.R., Cereal Research Program, National Agricultural University La Molina, Lima, Peru; Álvarez-Castro R., Cereal Research Program, National Agricultural University La Molina, Lima, Peru; Eguiluz-de la Barra A., Cereal Research Program, National Agricultural University La Molina, Lima, Peru","Soil salinity is a major problem in today's agriculture. Quinoa has become an important crop because it exhibits high levels of salinity tolerance. In addition, its seeds contain an excellent balance of carbohydrates, lipids, amino acids and proteins for human nutrition. The quinoa germplasm includes almost 2500 accessions, some of which have been tested under salt stress. Here, we report the effect of NaCl on the germination of 182 previously untested accessions. When seeds were irrigated with saline water at 30 dS m-1 EC, the stress appeared to be too high: all accessions showed less than 60 % germination. In contrast, irrigation with 25 dS m-1 EC saline water allowed over 60 % germination in 15 accessions. These latter accessions' agricultural traits were then evaluated. The overall coefficients of variation indicated that quinoa genotype and salt treatment dramatically influence root dry mass per plant, but do not noticeably affect the length of the plant's life cycle. Unexpectedly, salt treatment resulted in increased plant height, leaf dry mass and grain yield. Using Euclidean distance for the simultaneous selection of these five agricultural traits, accessions 100, 136, 127 and 105 proved to be the best performing genotypes under salt stress. © 2010 Blackwell Verlag GmbH.",Euclidean distance; Ex vitro performance; Quinoa; Salinity; Simultaneous selection,Chenopodium quinoa; crop plant; crop yield; genotype; germination; germplasm; irrigation system; nutritive value; salinity; salinity tolerance; sodium chloride; soil profile,"L.R. Gómez-Pando; Cereal Research Program, National Agricultural University La Molina, Lima, Peru; email: luzgomez@lamolina.edu.pe",NA,NA,1439037X,NA,ZAPFA,NA,English,J. Agron. Crop. Sci.,Article,Final,All Open Access; Green Open Access,Scopus,2-s2.0-77956448523
9,Liu Y.; Liu J.; Li L.; Zhang P.; Wang Q.; Qin P.,"Liu, Yongjiang (57219146855); Liu, Junna (57219144576); Li, Li (57215196985); Zhang, Ping (57219221674); Wang, Qianchao (57219145567); Qin, Peng (58881686300)",57219146855; 57219144576; 57215196985; 57219221674; 57219145567; 58881686300,Transcriptome and Metabolome Combined to Analyze Quinoa Grain Quality Differences of Different Colors Cultivars,2022,International Journal of Molecular Sciences,23,21,12883,NA,NA,9,10.3390/ijms232112883,https://www.scopus.com/pages/publications/85141633500?origin=resultslist,"College of Agronomy and Biotechnology, Yunnan Agricultural University, Kunming, 650201, China","Liu Y., College of Agronomy and Biotechnology, Yunnan Agricultural University, Kunming, 650201, China; Liu J., College of Agronomy and Biotechnology, Yunnan Agricultural University, Kunming, 650201, China; Li L., College of Agronomy and Biotechnology, Yunnan Agricultural University, Kunming, 650201, China; Zhang P., College of Agronomy and Biotechnology, Yunnan Agricultural University, Kunming, 650201, China; Wang Q., College of Agronomy and Biotechnology, Yunnan Agricultural University, Kunming, 650201, China; Qin P., College of Agronomy and Biotechnology, Yunnan Agricultural University, Kunming, 650201, China","Quinoa (Chenopodium quinoa Wild.) has attracted considerable attention owing to its unique nutritional, economic, and medicinal values. Meanwhile, quinoa germplasm resources and grain colors are rich and diverse. In this study, we analyzed the composition of primary and secondary metabolites and the content of the grains of four different high-yield quinoa cultivars (black, red, white, and yellow) harvested 42 days after flowering. The grains were subjected to ultra-performance liquid chromatography-tandem mass spectrometry (UPLC-MS/MS) and transcriptome sequencing to identify the differentially expressed genes and metabolites. Analysis of candidate genes regulating the metabolic differences among cultivars found that the metabolite profiles differed between white and black quinoa, and that there were also clear differences between red and yellow quinoa. It also revealed significantly altered amino acid, alkaloid, tannin, phenolic acid, and lipid profiles among the four quinoa cultivars. Six common enrichment pathways, including phenylpropane biosynthesis, amino acid biosynthesis, and ABC transporter, were common to metabolites and genes. Moreover, we identified key genes highly correlated with specific metabolites and clarified the relationship between them. Our results provide theoretical and practical references for breeding novel quinoa cultivars with superior quality, yield, and stress tolerance. Furthermore, these findings introduce an original approach of integrating genomics and transcriptomics for screening target genes that regulate the desirable traits of quinoa grain. © 2022 by the authors.",grain difference; metabolome; quality; quinoa; transcriptome,"Amino Acids; Chenopodium quinoa; Chromatography, Liquid; Edible Grain; Metabolome; Plant Breeding; Tandem Mass Spectrometry; Transcriptome; ABC transporter; alkaloid; amino acid; hydroxybenzoic acid; phenol derivative; propane; tannin; transcriptome; transcriptome; amino acid synthesis; Article; biosynthesis; Chenopodium quinoa; cultivar; differential gene expression; flower development; gene control; gene expression; genetic transcription; genomics; grain; grain yield; lipid fingerprinting; liquid chromatography-mass spectrometry; metabolite; metabolome; nonhuman; physiological stress; transcriptome sequencing; transcriptomics; food grain; genetics; liquid chromatography; metabolism; metabolome; plant breeding; tandem mass spectrometry","P. Qin; College of Agronomy and Biotechnology, Yunnan Agricultural University, Kunming, 650201, China; email: wheat-quinoa@ynau.edu.cn",NA,MDPI,16616596,NA,NA,36361672,English,Int. J. Mol. Sci.,Article,Final,All Open Access; Gold Open Access; Green Open Access,Scopus,2-s2.0-85141633500
9,Fairbanks D.J.; Burgener K.W.; Robison L.R.; Andersen W.R.; Ballon E.,"Fairbanks, D.J. (7005621879); Burgener, K.W. (6506922465); Robison, L.R. (7102758940); Andersen, W.R. (7006851952); Ballon, E. (57191355926)",7005621879; 6506922465; 7102758940; 7006851952; 57191355926,Electrophoretic Characterization of Quinoa Seed Proteins,1990,Plant Breeding,104,3,NA,190,195,51,10.1111/j.1439-0523.1990.tb00422.x,https://www.scopus.com/pages/publications/84989132626?origin=resultslist,"Department of Botany and Range Science, Brigham Young University, Provo, Utah, 84602, 401 WIDE, United States; Department of Agronomy and Horticulture, Brigham Young University, Provo, Utah, 84602, United States; Espanola, New Mexico, 87532, Rt. 2 A, Box 36, United States","Fairbanks D.J., Department of Botany and Range Science, Brigham Young University, Provo, Utah, 84602, 401 WIDE, United States; Burgener K.W., Department of Agronomy and Horticulture, Brigham Young University, Provo, Utah, 84602, United States; Robison L.R., Department of Agronomy and Horticulture, Brigham Young University, Provo, Utah, 84602, United States; Andersen W.R., Department of Botany and Range Science, Brigham Young University, Provo, Utah, 84602, 401 WIDE, United States; Ballon E., Espanola, New Mexico, 87532, Rt. 2 A, Box 36, United States","Quinoa (Chenopodium quinoa Willd) is an important domesticated food crop of the Andean highlands with potential as an alternative crop elsewhere. Among its most attractive characteristics are the quantity and favorable amino acid balance of the seed proteins. The objective of this study was to characterize quinoa seed proteins by electrophoretic mobility, solubility fractionation, and genetic variability from a wide genetic base. Electrophoretic profiles of denatured albumin, globulin, prolamin, and glutelin solubility fractions demonstrated that quinoa seed polypeptides could be classified as either albumin or globulin with most predominant polypeptides in the globulin fraction. Insignificant amounts of protein were present in the prolamin fraction and all polypeptides in the glutelin fraction had identical electrophoretic mobilities to albumins and globulins. Three globulin polypeptides of 34.3, 35.6, and 36.2 kilodaltons in size were highly variable within and among the accessions examined and appear to be coded by at least two loci. Two‐dimensional peptide mapping revealed that these three polypeptides were homologous. These highly variable markers could be used for identification and classification of germplasm and elucidation of systematics and genetic variability within the quinoa germplasm pool. All other major polypeptides were electrophoretically invariant among the accessions examined. Copyright © 1990, Wiley Blackwell. All rights reserved",Chenopodium quinoa; genetic variation; globulins; seed proteins,NA,NA,NA,NA,01799541,NA,NA,NA,English,Plant Breed.,Article,Final,NA,Scopus,2-s2.0-84989132626
9,Morillo A.C.; Manjarres E.H.; Mora M.S.,"Morillo, A.C. (57209509524); Manjarres, E.H. (57222639466); Mora, M.S. (57436655400)",57209509524; 57222639466; 57436655400,Afrosymetric method for quantifying saponins in Chenopodium Quinoa Willd. from Colombia; [Método afrosimétrico para quantificação de saponinas em Chenopodium Quinoa Willd. da Colômbia],2022,Brazilian Journal of Biology,82,NA,e262716,NA,NA,12,10.1590/1519-6984.262716,https://www.scopus.com/pages/publications/85141525510?origin=resultslist,"Universidad Pedagógica y Tecnológica de Colombia, Facultad de Ciencias Agropecuarias, Grupo Competitividad Innovación y Desarrollo Empresarial – CIDE, Boyacá, Tunja, Colombia","Morillo A.C., Universidad Pedagógica y Tecnológica de Colombia, Facultad de Ciencias Agropecuarias, Grupo Competitividad Innovación y Desarrollo Empresarial – CIDE, Boyacá, Tunja, Colombia; Manjarres E.H., Universidad Pedagógica y Tecnológica de Colombia, Facultad de Ciencias Agropecuarias, Grupo Competitividad Innovación y Desarrollo Empresarial – CIDE, Boyacá, Tunja, Colombia; Mora M.S., Universidad Pedagógica y Tecnológica de Colombia, Facultad de Ciencias Agropecuarias, Grupo Competitividad Innovación y Desarrollo Empresarial – CIDE, Boyacá, Tunja, Colombia","Quinoa (Chenopodium quinoa Willd.) is a pseudocereal that, in addition to presenting good nutritional characteristics in the grain, has secondary metabolites in the episperm of the seeds and, within them, saponins. Saponins are characterized by being emulsifying, foaming and generating a bitter taste. This metabolite has not been completely studied in quinoa materials from Colombia. For this reason, the objective of this research was to quantify the content of saponins present in quinoa materials from the department of Boyacá using three afrosimetric methods. For this, a completely randomized design (CRD) was implemented with a factorial arrangement of 3 (afrosimetric methods) x 5 (quinoa materials). From the quantification of saponins, it was determined that the Amarilla de maranganí genotype, was the one that presented the highest content in all the evaluated methods; the standard afrosimetric method being the most efficient. Finally, the conglomerate analysis allowed to discriminate the materials in sweet quinoas such as Tunkahuan and Blanca de Jericó with saponin contents lower than 0.06%, and in bitter quinoas (Negra de la Colorada, Dorada and Amarilla de Maranganí) with contents higher than 0.11%. The biochemical characterization of the germplasm will allow a selection of genotypes suitable for consumption and for the industry, given the potential use that saponins currently have. © 2022, Instituto Internacional de Ecologia. All rights reserved.",Andean crop; biochemical characterization; nutritional compounds; secondary metabolite; seeds,Chenopodium quinoa; Colombia; Saponins; Seeds; saponin; chemistry; Chenopodium quinoa; Colombia; metabolism; plant seed,"A.C. Morillo; Universidad Pedagógica y Tecnológica de Colombia, Facultad de Ciencias Agropecuarias, Grupo Competitividad Innovación y Desarrollo Empresarial – CIDE, Tunja, Boyacá, Colombia; email: ana.morillo@uptc.edu.co",NA,Instituto Internacional de Ecologia,15196984,NA,NA,36350936,English,Braz. J. Biol.,Article,Final,All Open Access; Gold Open Access; Green Open Access,Scopus,2-s2.0-85141525510
9,Ortiz R.; Ruiz-Tapia E.N.; Mujica-Sanchez A.,"Ortiz, R. (7102061400); Ruiz-Tapia, E.N. (6507131954); Mujica-Sanchez, A. (7003974103)",7102061400; 6507131954; 7003974103,Sampling strategy for a core collection of peruvian quinoa germplasm,1998,Theoretical and Applied Genetics,96,3-4,NA,475,483,108,10.1007/s001220050764,https://www.scopus.com/pages/publications/0031957681?origin=resultslist,"Roy. Vet. and Agric. University, Department of Agricultural Sciences, DK-1871 Frederiksberg C, Copenhagen, 40 Thorvaldsensvej, Denmark; Univ. Nacional del Altiplano-Puno, Project Quinoa Danida, CIP-KVL-UNAP, Puno, Av. del Ejercito 329, Peru","Ortiz R., Roy. Vet. and Agric. University, Department of Agricultural Sciences, DK-1871 Frederiksberg C, Copenhagen, 40 Thorvaldsensvej, Denmark; Ruiz-Tapia E.N., Univ. Nacional del Altiplano-Puno, Project Quinoa Danida, CIP-KVL-UNAP, Puno, Av. del Ejercito 329, Peru; Mujica-Sanchez A., Univ. Nacional del Altiplano-Puno, Project Quinoa Danida, CIP-KVL-UNAP, Puno, Av. del Ejercito 329, Peru","Quinoa (Chenopodium quinoa) is an Andean crop with a high potential for cultivation under temperate agricultural conditions. A new quinoa cultivar for such an environment requires plant characteristics that may be available primarily largely in genetic resources held in gene banks. A core collection may simplify management and enhance the utilisation of quinoa genetic resources. This paper describes the development of a core subset of the whole quinoa gene bank (1029 accessions) of the Universidad Nacional del Altiplano (UNAP). All accessions available in this gene bank have location and altitude descriptors and a partial description for qualitative and quantitative descriptors. The core collection (103 accessions) contains chosen ecotypes or landraces that capture most of the genetic variability available in this Peruvian germplasm. The accessions were selected for the core collection based on a geographically stratified nonoverlapping sampling procedure. The number of accessions that were allocated to the core subset was determined using a proportional method adjusted by the relative importance of the quinoa crop in each geographical cluster as determined by its acreage. The sampling method also considered the morphological diversity within four geographical clusters of at least 100 accessions. The multivariate pattern of morphological variation was defined within each of these clusters by independent principal component analyses. A comparison of phenotypic diversity between the entire collection and its core subset confirmed that the proper sampling strategy for this core collection of Peruvian quinoa germplasm had been applied. The most important phenotypic correlations between quantitative descriptors observed in the entire collection, which may be under the control of co-adapted gene complexes, were also preserved by the core collection. The most comprenhensive quinoa core collection should consider accessions from other gene banks in Bolivia and Ecuador, a few accessions from coastal Chile and wild sympatric cross-compatible Chenopodium species. This core collection will be a point of entry to the proper exploitation of the genetic resources available in respective quinoa gene banks.",Chenopodium quinoa; Co-adapted; Gene complexes; Genetic resources; Phenotypic diversity,Andes; Bolivia; Chile; cultivar; Ecuador; genetic diversity; genetic resources; germplasm; landrace; Peru; phenotype; plant breeding; quinoa; Chenopodium quinoa,"R. Ortiz; Royal Veterinary/Agric. Univ. KVL, Department of Agricultural Sciences, DK-1871 Frederiksberg C, Copenhagen, 40 Thorvaldsensvej, Denmark; email: ro@kvl.dk",NA,NA,00405752,NA,THAGA,NA,English,Theor. Appl. Genet.,Article,Final,NA,Scopus,2-s2.0-0031957681
9,Valverde-Ramos M.G.; Espitia-Rangel E.; Miranda-Colín S.; Benítez-Riquelme I.,"Valverde-Ramos, Miriam Gabriela (58125729500); Espitia-Rangel, Eduardo (25027203000); Miranda-Colín, Salvador (56013761200); Benítez-Riquelme, Ignacio (16027672900)",58125729500; 25027203000; 56013761200; 16027672900,EVALUATION OF QUINOA GERMPLASM IN ENVIRONMENTS OF THE CENTRAL HIGH-VALLEY LANDS OF MEXICO,2022,Agrociencia,56,7,NA,1254,1265,1,10.47163/agrociencia.v56i7.2572,https://www.scopus.com/pages/publications/85149271427?origin=resultslist,"Colegio de Postgraduados Campus Montecillo, Carretera México-Texcoco km 36.5,State of Mexico, Montecillo,Texcoco, C. P. 56264, Mexico; Instituto Nacional de Investigaciones Forestales, Agrícolas y Pecuarias, Carretera Los Reyes-Texcoco km 13.5,State of Mexico, Coatlinchán,Texcoco, C. P. 56250, Mexico","Valverde-Ramos M.G., Colegio de Postgraduados Campus Montecillo, Carretera México-Texcoco km 36.5,State of Mexico, Montecillo,Texcoco, C. P. 56264, Mexico; Espitia-Rangel E., Instituto Nacional de Investigaciones Forestales, Agrícolas y Pecuarias, Carretera Los Reyes-Texcoco km 13.5,State of Mexico, Coatlinchán,Texcoco, C. P. 56250, Mexico; Miranda-Colín S., Colegio de Postgraduados Campus Montecillo, Carretera México-Texcoco km 36.5,State of Mexico, Montecillo,Texcoco, C. P. 56264, Mexico; Benítez-Riquelme I., Colegio de Postgraduados Campus Montecillo, Carretera México-Texcoco km 36.5,State of Mexico, Montecillo,Texcoco, C. P. 56264, Mexico","Quinoa (Chenopodium quinoa Willd.) is a crop that grows under conditions of environmental stress, has high nutritional value, and agronomic potential. It is grown and marketed on a small scale in Mexico. However, there are no varieties or technology for its production. The objective of this research was to determine the performance of quinoa germplasm in the Central high-valley lands of Mexico. Sixteen genotypes of different origins and characteristics were evaluated in three environments in the localities of Nanacamilpa, Tlaxcala; and Santa Lucía de Prías, Texcoco, State of Mexico. Statistical differences (p ≤ 0.05) were found for genotypes. Late genotypes Suyana, Suma, Pata de Venado, Blanca Ayacucho, and Huauzontle showed higher grain yield (4004.9, 3888.3, 3091.1, 2999.7, and 2967.2 kg ha-1, respectively). Among the intermediate genotypes, Tokio rosa and Pasankalla reventona were the better with 2858.4 and 2118.4 kg ha-1, respectively. Whereas among the early genotypes, Tarpuna had the highest grain yield (3005.8 kg ha-1). Regarding seed diameter, only Huauzontle and Quinoa negra had a seed size equal to or smaller than 1.8 mm; the rest of the genotypes can be marketed as grains because of their seed size. Of the environments evaluated, the least favourable was Nanacamilpa 2019, while Santa Lucía de Prías 2019 was the most favourable environment. Overall, the performance of the evaluated genotypes was as expected, as they mostly come from the Inter-Andean Valleys region, which are very similar in altitude and temperature to the Central high-valley lands of Mexico © This work is licensed under a Creative Commons Attribution-Non-Commercial 4.0 International license",adaptation; Chenopodium quinoa; grain size; varieties; yields,NA,"I. Benítez-Riquelme; Colegio de Postgraduados Campus Montecillo, Montecillo, Texcoco, State of Mexico, Carretera México-Texcoco km 36.5, C. P. 56264, Mexico; email: riquelme@colpos.mx",NA,Colegio de Postgraduados,14053195,NA,NA,NA,English,Agrociencia,Article,Final,All Open Access; Bronze Open Access,Scopus,2-s2.0-85149271427
9,Madrid D.; Salgado E.; Verdugo G.; Olguín P.; Bilalis D.; Fuentes F.,"Madrid, Daniela (57202266599); Salgado, Eduardo (55799699100); Verdugo, Gabriela (24588116800); Olguín, Pablo (57202265530); Bilalis, Dimitrios (6701766580); Fuentes, Francisco (57206375499)",57202266599; 55799699100; 24588116800; 57202265530; 6701766580; 57206375499,Morphological traits defining breeding criteria for coastal quinoa in Chile,2018,Notulae Botanicae Horti Agrobotanici Cluj-Napoca,46,1,NA,190,196,16,10.15835/nbha46110788,https://www.scopus.com/pages/publications/85047660603?origin=resultslist,"Pontificia Universidad Católica de Valparaíso, Facultad de Agronomía, Casilla 4 D, Quillota, Chile; Pontificia Universidad Católica de Valparaíso, Instituto de Geografía, Avenida Brasil 2241, Valparaíso, Chile; Agricultural University of Athens, School of Agriculture, Engineering and Environmental Sciences, Department of Crop Science, Laboratory of Agronomy, 75 Iera Odos str., Athens, 118 55, Greece; Pontificia Universidad Católica de Chile, Facultad de Agronomía e Ingeniería Forestal, Av. Vicuña Mackenna 4860, Macul., Casilla, Santiago, 306-22, Chile","Madrid D., Pontificia Universidad Católica de Valparaíso, Facultad de Agronomía, Casilla 4 D, Quillota, Chile; Salgado E., Pontificia Universidad Católica de Valparaíso, Facultad de Agronomía, Casilla 4 D, Quillota, Chile; Verdugo G., Pontificia Universidad Católica de Valparaíso, Facultad de Agronomía, Casilla 4 D, Quillota, Chile; Olguín P., Pontificia Universidad Católica de Valparaíso, Instituto de Geografía, Avenida Brasil 2241, Valparaíso, Chile; Bilalis D., Agricultural University of Athens, School of Agriculture, Engineering and Environmental Sciences, Department of Crop Science, Laboratory of Agronomy, 75 Iera Odos str., Athens, 118 55, Greece; Fuentes F., Pontificia Universidad Católica de Chile, Facultad de Agronomía e Ingeniería Forestal, Av. Vicuña Mackenna 4860, Macul., Casilla, Santiago, 306-22, Chile","Coastal/lowland quinoa ecotype is an important source of germplasm due to its cultivation in cold-temperate and high latitude areas. However, the interaction of its morphological traits and yields to define breeding criteria is unknown. The present study was designed to characterize the phenotypic diversity of twelve coastal/lowland quinoas using sixteen standardized morphological descriptors under rainfed conditions in central Chile. Complementary analysis of uni- and multivariate tools allowed a fuller understanding of interrelationships within quinoa germplasm. Through the analysis of frequency distribution, it was possible to determine that genotypes were characterized by plants having low height and medium grain yield. Cluster analysis revealed that plant morphological variables were independently grouped from grain yield components. Additionally, principal component analysis (PCA, 74.8% of total variation data), revealed the existence of three outstanding genotypes (QC01, QC02 and QC05) that were distantly located from the average dispersion of entire germplasm collection. These genotypes were associated with grain yield components, allowing the identification of two groups of high yield (VI and VII), which yielded 3337.7 and 3052.0 kg ha-1, respectively. The data set presented in this study is the first report of coastal/lowland quinoas assessed in central Chile and could assist the development of breeding programmes in cold-temperate areas having similar agro-climatic conditions. © 2018 Academic Press.",Chenopodium quinoa; Grain yield; Landrace; Multivariate analysis; Rainfed,NA,"F. Fuentes; Pontificia Universidad Católica de Chile, Facultad de Agronomía e Ingeniería Forestal, Casilla, Santiago, Av. Vicuña Mackenna 4860, Macul., 306-22, Chile; email: frfuentesc@uc.cl",NA,Academic Press,0255965X,NA,NA,NA,English,Not. Bot. Horti Agrobot. Cluj-Napoca,Article,Final,All Open Access; Gold Open Access,Scopus,2-s2.0-85047660603
9,Bhargava A.; Shukla S.; Rajan S.; Ohri D.,"Bhargava, A. (11840251000); Shukla, S. (57223924084); Rajan, S. (55249900000); Ohri, D. (6603029676)",11840251000; 57223924084; 55249900000; 6603029676,Genetic diversity for morphological and quality traits in quinoa (Chenopodium quinoa Willd.) germplasm,2007,Genetic Resources and Crop Evolution,54,1,NA,167,173,76,10.1007/s10722-005-3011-0,https://www.scopus.com/pages/publications/33846295942?origin=resultslist,"Division of Genetics and Plant Breeding, National Botanical Research Institute, Lucknow, India; Central Institute for Subtropical Horticulture, Lucknow 227 107, India","Bhargava A., Division of Genetics and Plant Breeding, National Botanical Research Institute, Lucknow, India; Shukla S., Division of Genetics and Plant Breeding, National Botanical Research Institute, Lucknow, India; Rajan S., Central Institute for Subtropical Horticulture, Lucknow 227 107, India; Ohri D., Division of Genetics and Plant Breeding, National Botanical Research Institute, Lucknow, India","Twenty nine germplasm lines of Chenopodium quinoa and two of Chenopodium berlandieri subsp. nuttalliae were evaluated for 12 morphological and 7 quality traits for two test seasons. The 19 traits were analyzed for cluster and principal component analysis. The first four PCs contributed 78.70 % of the variability among the germplasm lines. The first PC accounted for 39.5% of the variation and had inflorescence/plant, plant height and stem diameter as the traits with largest coefficients, all with positive sign. The characters with greatest positive weight on PC2 were days to maturity (0.309), inflorescence length (0.260) and branches/plant. All the germplasm lines were grouped into six clusters based on average linkage method. Cluster III had high values for seed yield and most of the quality traits but showed a small seed size. The dendrogram separated the two lines of C. berlandieri subsp. nuttalliae from the quinoa lines. © 2006 Springer.",Chenopodium berlandieri; Chenopodium quinoa; Genetic diversity; Multivariate analysis; Principal component analysis,Acer pensylvanicum; Chenopodium berlandieri; Chenopodium quinoa; cluster analysis; genetic variation; germplasm; herb; morphology; principal component analysis; seed size,"S. Shukla; Division of Genetics and Plant Breeding, National Botanical Research Institute, Lucknow, India; email: s_shukla31@rediffmail.com",NA,NA,09259864,NA,GRCEE,NA,English,Genet. Resour. Crop. Evol.,Article,Final,NA,Scopus,2-s2.0-33846295942
9,Wang C.; Yang F.-R.; Li M.-Q.; Lu J.-Y.; Wei Y.-M.; Zhao G.-Q.,"Wang, Chang (57196193860); Yang, Fa-Rong (57191406034); Li, Min-Quan (57189347559); Lu, Jian-Ying (58652203000); Wei, Yu-Ming (57191416884); Zhao, Gui-Qin (16023251200)",57196193860; 57191406034; 57189347559; 58652203000; 57191416884; 16023251200,Identification and Evaluation of Downy Mildew (Peronospora variabilis) Resistance in Quinoa (Chenopodium quinoa) Germplasm Resources; [藜麦种质资源对霜霉病的抗性鉴定与评价],2022,Acta Agrestia Sinica,30,10,NA,2626,2634,2,10.11733/j.issn.1007-0435.2022.10.012,https://www.scopus.com/pages/publications/85174342387?origin=resultslist,"College of Pratacultural Science, Gansu Agricultural University, Gansu Province, Lanzhou, 730070, China; Institute of Crops Research, Gansu Academy of Agricultural Sciences, Gansu Province, Lanzhou, 730070, China; Institute of Pasture and Green Agriculture, Gansu Academy of Agricultural Sciences, Gansu Province, Lanzhou, 730070, China; Gansu Academy of Agricultural Sciences, Gansu Province, Lanzhou, 730070, China","Wang C., College of Pratacultural Science, Gansu Agricultural University, Gansu Province, Lanzhou, 730070, China, Institute of Crops Research, Gansu Academy of Agricultural Sciences, Gansu Province, Lanzhou, 730070, China; Yang F.-R., Institute of Pasture and Green Agriculture, Gansu Academy of Agricultural Sciences, Gansu Province, Lanzhou, 730070, China; Li M.-Q., Gansu Academy of Agricultural Sciences, Gansu Province, Lanzhou, 730070, China; Lu J.-Y., Gansu Academy of Agricultural Sciences, Gansu Province, Lanzhou, 730070, China; Wei Y.-M., Institute of Pasture and Green Agriculture, Gansu Academy of Agricultural Sciences, Gansu Province, Lanzhou, 730070, China; Zhao G.-Q., College of Pratacultural Science, Gansu Agricultural University, Gansu Province, Lanzhou, 730070, China","In order to explore the resistance level of downy mildew of quinoa germplasm resources under local environmental conditions, the downy mildew resistance of 50 quinoa germplasm resources was identified and evaluated, by adopted natural infection and indoor inoculation of the detached leaves. The results showed that there existed great variations in the infection degree of P. variabilis (Disease incidence 13. 30%~100. 00%; Disease index 1. 00-—100. 00) and significant differences in the resistance degree of downy mildew among quinoa germplasms. We respectively screened one highly resistant material 'Taiwan red quinoa', which accounted for 2. 00% of the tested materials;One resistant material 'QA064', accounted for 2. 00%; Two moderately resistant materials 'LongliNo.2' and ' HL-Q5 ', accounted for 4. 00%; Three susceptible materials ' QA045 ', 'QA050-2' and ' Qinghai-02', accounted for 6. 00%; The remaining 43 materials showed highly susceptible, accounted for 86. 00%. It was first discovered that 'Taiwan red quinoa' could be infected by quinoa downy mildew and showed high resistance. It was further confirmed that the resistance identifications of quinoa downy mildew in the field were better to adopt ""Three-leaf method"" in the full flowering stage of quinoa. In comparison, indoor identification technology of the detached leaves has more advantages for researchers to study quinoa downy mildew and characterize germplasm for resistance, which should be the first choice in resistance identification. © 2022 Authors. All rights reserved.",Downy mildew; Germplasm resources; Quinoa; Resistance,NA,"G.-Q. Zhao; College of Pratacultural Science, Gansu Agricultural University, Lanzhou, Gansu Province, 730070, China; email: zhaogq@gsau.edu.cn",NA,China Agricultural University,10070435,NA,NA,NA,Chinese,Acta. Agrestia. Sin.,Article,Final,NA,Scopus,2-s2.0-85174342387
9,Morillo-Coronado A.C.; Manjarres-Hernández E.H.; Pedreros-Benavides M.C.,"Morillo-Coronado, Ana Cruz (57209509524); Manjarres-Hernández, Elsa Helena (57217164726); Pedreros-Benavides, María Camila (58944729300)",57209509524; 57217164726; 58944729300,"Genetic diversity of quinoa (Chenopodium quinoa Willd.) from Cundinamarca, Colombia",2022,Plant Genetic Resources: Characterisation and Utilisation,20,3,NA,223,229,2,10.1017/S1479262123000060,https://www.scopus.com/pages/publications/105025225394?origin=resultslist,"Facultad de Ciencias Agropecuarias, Programa Ingeniería Agronómica, Universidad Pedagógica y Tecnológica de Colombia, Avenida Central del Norte No39-115, Tunja, Boyacá, CP 150001, Colombia; Doctorado en Ciencias Biológicas y Ambientales, Facultad de Ciencias, Universidad Pedagógica y Tecnológica de Colombia, Avenida Central del Norte No39-115, Tunja, Boyacá, CP 150001, Colombia; Grupo de investigación Competitividad Innovación y Desarrollo Empresarial (CIDE), Facultad de Ciencias Agropecuarias, Universidad Pedagógica y Tecnológica de Colombia, Avenida Central del Norte No 39-115, Tunja, Boyacá, CP 150001, Colombia","Morillo-Coronado A.C., Facultad de Ciencias Agropecuarias, Programa Ingeniería Agronómica, Universidad Pedagógica y Tecnológica de Colombia, Avenida Central del Norte No39-115, Tunja, Boyacá, CP 150001, Colombia; Manjarres-Hernández E.H., Doctorado en Ciencias Biológicas y Ambientales, Facultad de Ciencias, Universidad Pedagógica y Tecnológica de Colombia, Avenida Central del Norte No39-115, Tunja, Boyacá, CP 150001, Colombia; Pedreros-Benavides M.C., Grupo de investigación Competitividad Innovación y Desarrollo Empresarial (CIDE), Facultad de Ciencias Agropecuarias, Universidad Pedagógica y Tecnológica de Colombia, Avenida Central del Norte No 39-115, Tunja, Boyacá, CP 150001, Colombia","Chenopodium quinoa W. is a species of South America with an exceptional nutritional content and wide agroclimatological adaptation. It has great genetic and phenotypic variability, however in Colombia there are few genetic improvement programmes that take advantage of its great genetic and productive potential. In Cundinamarca there are some adapted genotypes which have been selected by farmers. We evaluated 36 genotypes of Blanca de Jericó, Blanca Subachoque, Aurora, Púrpura and Tunkahuan from Cundinamarca, using eight ISSR markers. The analysis by the coefficient of Nei-Li at the level of similarity of 0.40 divided the population into three groups according their background genetic and the colour of oxalates. The percentage of polymorphic loci was higher than 90%. The average value of heterozygosity was 0.32, which is low given the selection processes that the evaluated germplasm has undergone. We found moderate genetic differentiation (Fst = 0.23). The analysis of molecular variance (AMOVA) showed higher variation (77%) groups than among groups (23%). The results revealed intra-population diversity, which suggests that farmers within their farms should undergo a more rigorous seed selection process. Our results demonstrate that ISSR markers are useful and powerful to assess the genetic relationships, polymorphism and genetic diversity of quinoa cultivars. The genetic characterization results reported in the present study will be promising for guiding the breeding of quinoa seed quality in Colombia. © The Author(s), 2023.",Genetic diversity; germplasm; molecular markers; plant breeding,NA,"A.C. Morillo-Coronado; Facultad de Ciencias Agropecuarias, Programa Ingeniería Agronómica, Universidad Pedagógica y Tecnológica de Colombia, Boyacá, Avenida Central del Norte No39-115, Tunja, CP 150001, Colombia; email: ana.morillo@uptc.edu.co",NA,Cambridge University Press,14792621,NA,NA,NA,English,Plant Genet. Resour. Charact. Util.,Article,Final,NA,Scopus,2-s2.0-105025225394
9,Romero M.; Mujica A.; Pineda E.; Ccamapaza Y.; Zavalla N.,"Romero, Maria (57211330931); Mujica, Angel (7003974103); Pineda, Edgardo (57211337588); Ccamapaza, Yesenia (57211334782); Zavalla, Nohely (57211330393)",57211330931; 7003974103; 57211337588; 57211334782; 57211330393,Genetic identity based on simple sequence repeat (Ssr) markers for quinoa (chenopodium quinoa willd.); [Identidad genética basada en marcadores de repetición de secuencia simple (Ssr) para quinua (chenopodium quinoa willd.).],2019,Ciencia e Investigacion Agraria,46,2,NA,166,178,20,10.7764/rcia.v46i2.2144,https://www.scopus.com/pages/publications/85073526739?origin=resultslist,"Universidad Nacional del Altiplano, Escuela Profesional de Biología, Puno, Peru","Romero M., Universidad Nacional del Altiplano, Escuela Profesional de Biología, Puno, Peru; Mujica A., Universidad Nacional del Altiplano, Escuela Profesional de Biología, Puno, Peru; Pineda E., Universidad Nacional del Altiplano, Escuela Profesional de Biología, Puno, Peru; Ccamapaza Y., Universidad Nacional del Altiplano, Escuela Profesional de Biología, Puno, Peru; Zavalla N., Universidad Nacional del Altiplano, Escuela Profesional de Biología, Puno, Peru","Molecular markers based on simple sequence repeats (SSRs) constitute a highly effective instrument in the identification of quinoa genotypes (Chenopodium quinoa), and they are very useful in the management and conservation of germplasm banks. The present study was carried out in the Molecular Biology Laboratories of the Megalaboratory of the National University of the Altiplano and the National Agrarian University la Molina. With the objective of determining a minimum group of highly informative initiators for the cultivation of quinoa to study and identify the obtained alleles and implementing and incorporating this technology into research of genetic identity, the molecular analysis of nine loci located by microsatellite markers (SSRs) was performed on a sample of 26 varieties of quinoa: Ayrampo, Amarilla de Marangani, Choclito, Chullpi, Huariponcho, Pandela, Sajama, Witulla, Kcancolla, Negra Collana, Salcedo, Pasankalla, Blanca de Juli, and Chenopodium petiolare from the CIP-Camacani and Blanca de Juli, Kcancolla, Negra Collana, Pasankalla, Altiplano, Illpa INIA, Salcedo, Ayara Blanca de Juli, Ayara Blanca de Arequipa, Ayara Cancolla, Ayara Pasankalla, and Ayara Salcedo from the INIA. Genomic DNA was extracted by PCR (GeneJET Plant Genomic DNA Purification), and 20 microsatellite regions were amplified. The amplified fragments were loaded on polyacrylamide gels to determine their size in base pairs, of which only nine showed products with reading quality (QCA012, QCA015, QCA021, QCA029, QCA034, QCA040, QCA053, QCA055 and QCA067). The fragments were evaluated for their allelic richness, heterozygosity (H) and polymorphic information content (PIC). The data were processed with Gen Alex software ver. 3.5 A total of 67 alleles were detected among the different regions analyzed, with an average of 7 alleles for loci ranging from 142 to 240 bp and an effective number of alleles (ENA) of 5.36. The mean heterozygosity was 0.80, and the mean Polymorphic Information Content (PIC) was 0.81. The markers were highly polymorphic; therefore, the most informative SSR primers in the present study would be made up of three markers with PIC, QCA053 (0.87), QCA015 (0.86) and QCA034 (0.86), for determining the genetic identity of Chenopodium quinoa Willd. These markers can be easily interpreted and are useful for the molecular characterization of quinoa varieties. Analysis of the hierarchical clusters using UPGMA (Unweighted Pair Group Method) clustering identified 5 groups at a similarity coefficient of 0.77 among the quinoa varieties studied in this research. © 2019, Pontificia Universidad Catolica de Chile, Facultad de Agronomia e Ingenieria Forestal. All rights reserved.",Chenopodium quinoa; Marker; Molecular genetics; Polymorphism,NA,"M. Romero; Universidad Nacional del Altiplano, Escuela Profesional de Biología, Puno, Peru; email: marirdg7@hotmail.com",NA,"Pontificia Universidad Catolica de Chile, Facultad de Agronomia e Ingenieria Forestal",03045609,NA,NA,NA,English,Cienc. Invest. Agrar.,Article,Final,All Open Access; Gold Open Access; Green Open Access,Scopus,2-s2.0-85073526739
9,Velasco L.; Matías J.; Cruz V.; Fondevilla S.,"Velasco, Leonardo (7006310827); Matías, Javier (36990275800); Cruz, Verónica (57209368678); Fondevilla, Sara (8449390700)",7006310827; 36990275800; 57209368678; 8449390700,Genetic and environmental influences on fatty acid and tocopherol diversity in quinoa germplasm,2025,Frontiers in Plant Science,16,NA,1541895,NA,NA,2,10.3389/fpls.2025.1541895,https://www.scopus.com/pages/publications/105007003966?origin=resultslist,"Departamento de Mejora Genética Vegetal, Instituto de Agricultura Sostenible – Consejo Superior de Investigaciones Científicas (IAS-CSIC), Córdoba, Spain; Centro de Investigaciones Científicas y Tecnológicas de Extremadura (CICYTEX), Instituto de Investigaciones Agrarias Finca La Orden, Badajoz, Spain","Velasco L., Departamento de Mejora Genética Vegetal, Instituto de Agricultura Sostenible – Consejo Superior de Investigaciones Científicas (IAS-CSIC), Córdoba, Spain; Matías J., Centro de Investigaciones Científicas y Tecnológicas de Extremadura (CICYTEX), Instituto de Investigaciones Agrarias Finca La Orden, Badajoz, Spain; Cruz V., Centro de Investigaciones Científicas y Tecnológicas de Extremadura (CICYTEX), Instituto de Investigaciones Agrarias Finca La Orden, Badajoz, Spain; Fondevilla S., Departamento de Mejora Genética Vegetal, Instituto de Agricultura Sostenible – Consejo Superior de Investigaciones Científicas (IAS-CSIC), Córdoba, Spain","Introduction: Quinoa (Chenopodium quinoa Willd.) is a food crop highly valued for being nutritious and health-promoting. As quinoa grains contain more oil than cereals, the fatty acid profile is an important nutritional criterion. The tocopherol family, with vitamin E and anti-inflammatory properties, are also relevant compounds for the nutritional quality of quinoa. Currently, information on the genetic diversity of these compounds in quinoa germplasm is limited. Methods: Fatty acid and tocopherol contents and profiles were analyzed, using gas chromatography and HPLC, respectively, in the seeds of 126 quinoa accessions from diverse origins grown in two locations in Spain in 2021 and 2022, following a completely randomised block design with three replications. Results: The germplasm exhibited a wide diversity for all the traits analysed, showing contrasting contents and profiles of fatty acids and tocopherols. Considering the data averaged over the four environments, particularly relevant variation was observed for total fatty acid, from 1.0 to 4.4% of grain weight; oleic acid, from 13.4 to 32.3% of total fatty acids; linoleic acid, from 48.0 to 67.4%; linolenic acid, from 1.8 to 8.4%; tocopherol content, from 22.3 to 121.6 mg kg-1 grain; α-tocopherol, from 24.6 to 81.4% of the total tocopherols; and γ-tocopherol, from, 18.6 to 75.4%. Broad-sense heritability (H2) was found to be high for linolenic acid content (0.86) and the concentrations of α- and γ-tocopherol (0.84). For most of the other traits, H2 ranged from 0.65 to 0.77. Principal component analysis successfully separated highland accessions from Bolivia and Peru and lowland accessions from Chile and the USA. Discussion: The existence of wide genetic diversity for grain oil content, fatty acid profile, and tocopherol content and profile in quinoa germplasm, together with the medium to high heritability of these traits, suggests the feasibility of improving these characters through breeding. Copyright © 2025 Velasco, Matías, Cruz and Fondevilla.",fatty acid profile; genetic diversity; geographic diversity; heritability estimates; oil content; quinoa breeding; tocopherols,NA,"L. Velasco; Departamento de Mejora Genética Vegetal, Instituto de Agricultura Sostenible – Consejo Superior de Investigaciones Científicas (IAS-CSIC), Córdoba, Spain; email: lvelasco@ias.csic.es",NA,Frontiers Media SA,1664462X,NA,NA,NA,English,Front. Plant Sci.,Article,Final,All Open Access; Gold Open Access; Green Open Access,Scopus,2-s2.0-105007003966
9,Cueva-Flores L.; Gutierrez-Rosales R.; Zeballos O.; Condori-Apfata J.; Lipa-Mamani L.; Macedo-Valdivia D.; Gomez-Pando L.; Zhang C.; Jellen E.N.; Mayta Anco M.E.,"Cueva-Flores, Leslie (58899099700); Gutierrez-Rosales, Raymundo (23018421000); Zeballos, Omar (57215597922); Condori-Apfata, Jorge (56524654100); Lipa-Mamani, Luis (57215610585); Macedo-Valdivia, Dennis (57219835393); Gomez-Pando, Luz (15047884000); Zhang, Cankui (16026138600); Jellen, Eric N. (6701925700); Mayta Anco, Mayela Elizabeth (58899750400)",58899099700; 23018421000; 57215597922; 56524654100; 57215610585; 57219835393; 15047884000; 16026138600; 6701925700; 58899750400,Effects of salt stress on tolerant accessions of quinoa at the morphological and metabolic levels,2024,Chilean Journal of Agricultural Research,84,1,NA,56,69,7,10.4067/S0718-58392024000100056,https://www.scopus.com/pages/publications/85185696134?origin=resultslist,"Universidad Nacional de San Agustín, Facultad de Agronomía, Arequipa, 04001, Peru; Universidad Nacional Agraria de La Molina, Facultad de Ingeniería Agrícola, Lima, 15012, Peru; Universidad Nacional Toribio Rodríguez de Mendoza de Amazonas, Facultad de Ingeniería y Ciencias Agrarias (FICA), Chachapoyas, 1001, Peru; Universidad Nacional Agraria de La Molina, Departamento de Fitotecnia, Facultad de Agronomía, Lima, 15012, Peru; Purdue University, Department of Agronomy and Center for Plant Biology, West Lafayette, 47907, IN, United States; Brigham Young University, Department of Plant and Wildlife Sciences, College of Life Sciences, Provo, 84602, UT, United States","Cueva-Flores L., Universidad Nacional de San Agustín, Facultad de Agronomía, Arequipa, 04001, Peru; Gutierrez-Rosales R., Universidad Nacional Agraria de La Molina, Facultad de Ingeniería Agrícola, Lima, 15012, Peru; Zeballos O., Universidad Nacional de San Agustín, Facultad de Agronomía, Arequipa, 04001, Peru; Condori-Apfata J., Universidad Nacional Toribio Rodríguez de Mendoza de Amazonas, Facultad de Ingeniería y Ciencias Agrarias (FICA), Chachapoyas, 1001, Peru; Lipa-Mamani L., Universidad Nacional de San Agustín, Facultad de Agronomía, Arequipa, 04001, Peru; Macedo-Valdivia D., Universidad Nacional de San Agustín, Facultad de Agronomía, Arequipa, 04001, Peru; Gomez-Pando L., Universidad Nacional Agraria de La Molina, Departamento de Fitotecnia, Facultad de Agronomía, Lima, 15012, Peru; Zhang C., Purdue University, Department of Agronomy and Center for Plant Biology, West Lafayette, 47907, IN, United States; Jellen E.N., Brigham Young University, Department of Plant and Wildlife Sciences, College of Life Sciences, Provo, 84602, UT, United States; Mayta Anco M.E., Universidad Nacional de San Agustín, Facultad de Agronomía, Arequipa, 04001, Peru","Quinoa (Chenopodium quinoa Willd.) is a facultative halophyte recognized for its genetic variability and high tolerance to salinity. The objective of this study was to evaluate the effect of NaCl on three accessions of quinoa from the Camacani germplasm bank of the National University of the Altiplano, Perú, at three NaCl concentrations (0, 200 and 400 mM) under greenhouse conditions. Four morphological variables (plant height, root length, percentage of root DM, and aerial DM), as well as seven metabolic variables (chlorophyll, proline, phenols, flavonoids, saponins, amino acids and proteins content by spectrophotometric analysis) and electrolyte leakage (EL) in leaves were analyzed. Increasing NaCl exposure was positively correlated with increases in EL, proline, and saponin, while negatively correlated with leaf protein content. In accession PECQ 20037, for example, foliar protein content varied from 18.7% at 0 mM NaCl to 10.57% at 400 mM NaCl. The results indicated that accessions PECQ 20037 and Negra Oruro tolerated the 400 mM NaCl concentration better than Sajama. © 2023 by the authors.",Chenopodium quinoa; metabolic variables; morphological variables; NaCl,NA,"M.E. Mayta Anco; Universidad Nacional de San Agustín, Facultad de Agronomía, Arequipa, 04001, Peru; email: mmaytaan@unsa.edu.pe",NA,"Instituto de Investigaciones Agropecuarias, INIA",07185820,NA,NA,NA,English,Chil. J. Agric. Res.,Article,Final,All Open Access; Gold Open Access; Green Open Access,Scopus,2-s2.0-85185696134
9,Nazeer S.; Akram M.Z.,"Nazeer, Samreen (55257817200); Akram, Muhammad Zubair (57909017000)",55257817200; 57909017000,"Elucidating Genotypic Variation in Quinoa via Multidimensional Agronomic, Physiological, and Biochemical Assessments",2025,Plants,14,15,2332,NA,NA,2,10.3390/plants14152332,https://www.scopus.com/pages/publications/105013151603?origin=resultslist,"Department of Food and Drug, University of Parma, Viale Parco Area delle Scienze 27/A, Parma, 43124, Italy; Department of Agricultural, Food and Environmental Sciences (DSA3), University of Perugia, Borgo XX Giugno, 74, Perugia, 06121, Italy","Nazeer S., Department of Food and Drug, University of Parma, Viale Parco Area delle Scienze 27/A, Parma, 43124, Italy; Akram M.Z., Department of Agricultural, Food and Environmental Sciences (DSA3), University of Perugia, Borgo XX Giugno, 74, Perugia, 06121, Italy","Quinoa (Chenopodium quinoa Willd.) has emerged as a climate-resilient, nutrient-dense crop with increasing global popularity because of its adaptability under current environmental variations. To address the limited understanding of quinoa’s genotypic performance under local agro-environmental conditions, this study hypothesized that elite genotypes would exhibit significant variation in agronomic, physiological, and biochemical traits. This study aimed to elucidate genotypic variability among 23 elite quinoa lines under field conditions in Faisalabad, Pakistan, using a multidimensional framework that integrated phenological, physiological, biochemical, root developmental, and yield-related attributes. The results revealed that significant variation was observed across all measured parameters, highlighting the diverse adaptive strategies and functional capacities among the tested genotypes. More specifically, genotypes Q4, Q11, Q15, and Q126 demonstrated superior agronomic potential and canopy-level physiological efficiencies, including high biomass accumulation, low infrared canopy temperatures and sustained NDVI values. Moreover, Q9 and Q52 showed enhanced accumulation of antioxidant compounds such as phenolics and anthocyanins, suggesting potential for functional food applications and breeding program for improving these traits in high-yielding varieties. Furthermore, root trait analysis revealed Q15, Q24, and Q82 with well-developed root systems, suggesting efficient resource acquisition and sufficient support for above-ground plant parts. Moreover, principal component analysis further clarified genotype clustering based on trait synergistic effects. These findings support the use of multidimensional phenotyping to identify ideotypes with high yield potential, physiological efficiency and nutritional value. The study provides a foundational basis for quinoa improvement programs targeting climate adaptability and quality enhancement. © 2025 by the authors.",abiotic stress resilience; adaptability; Chenopodium quinoaWilld; climate-proof plant; germplasm diversification; morpho-physiological attributes,NA,"M.Z. Akram; Department of Agricultural, Food and Environmental Sciences (DSA3), University of Perugia, Borgo XX Giugno, Perugia, 74, 06121, Italy; email: muhammadzubair.akram@unipg.it",NA,Multidisciplinary Digital Publishing Institute (MDPI),22237747,NA,NA,NA,English,Plants,Article,Final,All Open Access; Gold Open Access; Green Open Access,Scopus,2-s2.0-105013151603
9,De Santis G.; D'Ambrosio T.; Rinaldi M.; Rascio A.,"De Santis, Giuditta (7004812104); D'Ambrosio, Tiziana (57189867866); Rinaldi, Michele (7202149739); Rascio, Agata (6603146499)",7004812104; 57189867866; 7202149739; 6603146499,Heritabilities of morphological and quality traits and interrelationships with yield in quinoa (Chenopodium quinoa Willd.) genotypes in the Mediterranean environment,2016,Journal of Cereal Science,70,NA,NA,177,185,42,10.1016/j.jcs.2016.06.003,https://www.scopus.com/pages/publications/84975488130?origin=resultslist,"Council for Agricultural and Economic Research, Cereal Research Centre (CREA-CER), S.S. 673, Km 25.200, Foggia, 71122, Italy; Department of Science of Agricultural, Food and the Environment, University of Foggia, Via Napoli 25, Foggia, 71100, Italy","De Santis G., Council for Agricultural and Economic Research, Cereal Research Centre (CREA-CER), S.S. 673, Km 25.200, Foggia, 71122, Italy; D'Ambrosio T., Department of Science of Agricultural, Food and the Environment, University of Foggia, Via Napoli 25, Foggia, 71100, Italy; Rinaldi M., Council for Agricultural and Economic Research, Cereal Research Centre (CREA-CER), S.S. 673, Km 25.200, Foggia, 71122, Italy; Rascio A., Council for Agricultural and Economic Research, Cereal Research Centre (CREA-CER), S.S. 673, Km 25.200, Foggia, 71122, Italy","Twenty-five germplasm lines of Chenopodium quinoa, four of Chenopodium giganteum and one of Chenopodium berlandieri subsp. nuttalliae from different origins were evaluated for seed yield and morphological and quality traits in the southern Italy environment over a 2-year period. The aim was to select superior genotypes for production and quality traits that are well adapted to the Mediterranean climate. Significant variations were seen for all of the traits among these genotypes. Seed yield ranged from 0.11 t ha-1 to 3.05 t ha-1, with higher yields for 10 Chilean lines. Seed protein ranged from 15.8% to 19.8%, and total dietary fibre ranged from 9.4% to 21.3%. Seed yellow pigment concentration ranged from 10 μg g-1 to 18 μg g-1. Heritability estimates were relatively high for almost all of the traits considered, although the highest heritability was obtained for seed insoluble dietary fibre (0.94) and yellow pigment concentration (0.92). All of the morphological traits except 'days to flowering' and 'days to maturity' showed significant positive associations with seed yield, while the quality traits were negatively correlated with seed yield. The results indicate the superior genotypes that can be used directly as parents in future selection programmes for the development of high-yielding varieties that are well adapted to the Mediterranean environment. © 2016.",Heritability; Morphology; Quality; Quinoa seed yield,NA,"G. De Santis; Council for Agricultural and Economic Research, Cereal Research Centre (CREA-CER), Foggia, S.S. 673, Km 25.200, 71122, Italy; email: giuditta.desantis@crea.gov.it",NA,Academic Press,07335210,NA,JCSCD,NA,English,J. Cereal Sci.,Article,Final,NA,Scopus,2-s2.0-84975488130
9,Coronado A.C.M.; Hernández E.H.M.; Coronado Y.M.,"Coronado, Ana Cruz Morillo (59454666900); Hernández, Elsa Helena Manjarres (57217164726); Coronado, Yacenia Morillo (56007631200)",59454666900; 57217164726; 56007631200,Phenotypic diversity of agromorphological characteristics of quinoa (Chenopodium quinoa willd.) germplasm in colombia,2022,Scientia Agricola,79,4,e20210017,NA,NA,20,10.1590/1678-992X-2021-0017,https://www.scopus.com/pages/publications/85111623660?origin=resultslist,"Universidad Pedagógica y Tecnológica de Colombia, Facultad de Ciencias Agropecuarias, Avenida Central Norte #, Tunja, 39-115, Colombia; Corporación Colombiana de Investigación Agropecuaria, AGROSAVIA, Cra 36a–23, Palmira Valle del Cauca, Colombia","Coronado A.C.M., Universidad Pedagógica y Tecnológica de Colombia, Facultad de Ciencias Agropecuarias, Avenida Central Norte #, Tunja, 39-115, Colombia; Hernández E.H.M., Universidad Pedagógica y Tecnológica de Colombia, Facultad de Ciencias Agropecuarias, Avenida Central Norte #, Tunja, 39-115, Colombia; Coronado Y.M., Corporación Colombiana de Investigación Agropecuaria, AGROSAVIA, Cra 36a–23, Palmira Valle del Cauca, Colombia","Chenopodium quinoa Willd. is an Andean crop with great nutritional value, economic potential, and a broad genetic and phenotypic diversity with adaptation to different conditions. In Colombia, C. quinoa is cultivated mainly in Cundinamarca, Nariño and Boyacá, where studies have been conducted to characterize the germplasm and lack of seed materials, some challenges for the quinoa crop. This work assessed agromorphological characteristics of 50 quinoa genotypes from the germplasm collection of Boyacá the using a completely randomized design on the farm in Tunja. The multivariate analysis followed by a clustering approach were conducted on agromorphological descriptors, in which 16 were qualitative descriptors (e.g, panicle shape, episperm color, leaf shape) and five quantitative descriptors (e.g, plant height, panicle number). The results showed that higher coefficients of variation were found in characteristics associated to yield. The principal component analysis (PCA) of the quantitative variables showed that the first two components explained 88 % of the total variation with the characteristics of plant height, length, diameter, and panicle number showing the highest variability. The quantitative characteristic clusters comprised length and diameter panicle, weight 1,000 seeds, and plant height, while the qualitative characteristic clusters comprised stem shape, branching habit, panicle shape, and color of the axils. The factorial analysis of mixed data discriminated the materials with outstanding morphoagronomic characteristics. Agromorphological characterization revealed a broad variability, which should be conserved and used in genetic improvement programs of C. quinoa. © 2022, University of Sao Paolo. All rights reserved.",Andean cultivation; Genetic diversity; Phenotypic variability; Yield,NA,"A.C.M. Coronado; Universidad Pedagógica y Tecnológica de Colombia, Facultad de Ciencias Agropecuarias, Tunja, Avenida Central Norte #, 39-115, Colombia; email: ana.morillo@uptc.edu.co",NA,University of Sao Paolo,01039016,NA,NA,NA,English,Sci. Agric.,Article,Final,All Open Access; Gold Open Access; Green Open Access,Scopus,2-s2.0-85111623660
9,Asif A.; Khan S.; Asif B.; Ibrar D.; Hasnain Z.; Ismail M.S.; Rizwan M.; Ullah S.; Bashir S.; Rais A.; Irshad S.; Abbas T.; Farooq N.; Alkahtani J.; Elshikh M.S.,"Asif, Ariba (57482458100); Khan, Shahbaz (56443077600); Asif, Bareera (57877633100); Ibrar, Danish (57203154876); Hasnain, Zuhair (36600343900); Ismail, Muhammad Shoaib (57658748100); Rizwan, Muhammad (59068620500); Ullah, Sami (59725255100); Bashir, Saqib (57188988747); Rais, Afroz (57835868600); Irshad, Sohail (57202813087); Abbas, Tasawer (57190231672); Farooq, Naila (57194612499); Alkahtani, Jawaher (58161646900); Elshikh, Mohamed S. (57827291600)",57482458100; 56443077600; 57877633100; 57203154876; 36600343900; 57658748100; 59068620500; 59725255100; 57188988747; 57835868600; 57202813087; 57190231672; 57194612499; 58161646900; 57827291600,Preliminary Study on Growth and Yield Potential of Ten Elite Lines of Quinoa (Chenopodium quinoa) Cultivated under Varying Sowing Dates,2022,Plants,11,16,2116,NA,NA,7,10.3390/plants11162116,https://www.scopus.com/pages/publications/85137339780?origin=resultslist,"Department of Botany, University of Agriculture, Faisalabad, 38040, Pakistan; National Agricultural Research Centre, Islamabad, 45500, Pakistan; Department of Chemistry, Faculty of Chemical and Biological Sciences, Islamia University Bahawalpur, Bahawalpur, 63100, Pakistan; Department of Agronomy, PMA-Shah Arid Agriculture University, Rawalpindi, 46000, Pakistan; Department of Agronomy, MNS-University of Agriculture, Multan, 64200, Pakistan; Department of Agronomy, Gomal University, Dera Ismail Khan, 29220, Pakistan; Department of Soil Environmental Science, Ghazi University, Dera Ghazi Khan, 32200, Pakistan; Department of Botany, Sardar Bahadur Khan Women’s University, Quetta, 08763, Pakistan; Inservice Agriculture Training Institute, Sargodha, 40100, Pakistan; Department of Soil Environmental Sciences, College of Agriculture, University of Sargodha, Sargodha, 40100, Pakistan; Department of Botany and Microbiology, College of Science, King Saud University, Riyadh, 11451, Saudi Arabia","Asif A., Department of Botany, University of Agriculture, Faisalabad, 38040, Pakistan; Khan S., National Agricultural Research Centre, Islamabad, 45500, Pakistan; Asif B., Department of Chemistry, Faculty of Chemical and Biological Sciences, Islamia University Bahawalpur, Bahawalpur, 63100, Pakistan; Ibrar D., National Agricultural Research Centre, Islamabad, 45500, Pakistan; Hasnain Z., Department of Agronomy, PMA-Shah Arid Agriculture University, Rawalpindi, 46000, Pakistan; Ismail M.S., Department of Agronomy, MNS-University of Agriculture, Multan, 64200, Pakistan; Rizwan M., Department of Agronomy, MNS-University of Agriculture, Multan, 64200, Pakistan; Ullah S., Department of Agronomy, Gomal University, Dera Ismail Khan, 29220, Pakistan; Bashir S., Department of Soil Environmental Science, Ghazi University, Dera Ghazi Khan, 32200, Pakistan; Rais A., Department of Botany, Sardar Bahadur Khan Women’s University, Quetta, 08763, Pakistan; Irshad S., Department of Agronomy, MNS-University of Agriculture, Multan, 64200, Pakistan; Abbas T., Inservice Agriculture Training Institute, Sargodha, 40100, Pakistan; Farooq N., Department of Soil Environmental Sciences, College of Agriculture, University of Sargodha, Sargodha, 40100, Pakistan; Alkahtani J., Department of Botany and Microbiology, College of Science, King Saud University, Riyadh, 11451, Saudi Arabia; Elshikh M.S., Department of Botany and Microbiology, College of Science, King Saud University, Riyadh, 11451, Saudi Arabia","Optimization of agronomic practices for cultivation of quinoa, a super food and climate resilient crop, is critical to obtain its maximum grain yield under the current scenario of climate change. In the present experimentation, we evaluated the appropriate sowing time of ten elite lines of quinoa, already screened from USDA germplasm. Seeds of each line were sown in the experimental area at Square No. 22, Block No. 5, Directorate of Farm, University of Agriculture, Faisalabad, Pakistan on 15 November, 30 November and 15 December during quinoa cultivation season of 2019–2020. Sowing time significantly affected the emergence percentage, days taken to anthesis, chlorophyll contents, sodium and potassium concentrations in leaf, plant height, stem diameter, number of leaves and leaf area, panicle length, grain yield and 1000-grain weight. Lines; PIA-922, PIA-924, PIA-928 and PIA-929 performed better under first sowing and produced higher grain yield as compared to other lines. Similarly, PIA-921, PIA-922, PIA-925 and PIA-932 produced maximum biomass and grain yield under second sowing date while in case of third sowing date, PIA-926, PIA-928, PIA-930 and PIA-931 were observed more responsive regarding growth and yield attributes. A diversified pattern of agronomic, growth and yield contributing attributes of quinoa lines was observed when cultivated under varying sowing dates. The collected data will be very informative for the breeders and agronomists during selection and variety development process in future. © 2022 by the authors.",germplasm; growth; quinoa; sowing dates; yield,NA,"S. Khan; National Agricultural Research Centre, Islamabad, 45500, Pakistan; email: shahbaz2255@gmail.com; Z. Hasnain; Department of Agronomy, PMA-Shah Arid Agriculture University, Rawalpindi, 46000, Pakistan; email: zuhair@uaar.edu.pk",NA,MDPI,22237747,NA,NA,NA,English,Plants,Article,Final,All Open Access; Gold Open Access; Green Open Access,Scopus,2-s2.0-85137339780
9,Craine E.B.; Davies A.; Packer D.; Miller N.D.; Schmöckel S.M.; Spalding E.P.; Tester M.; Murphy K.M.,"Craine, Evan B. (57218659414); Davies, Alathea (57323505400); Packer, Daniel (57224536440); Miller, Nathan D. (55772101500); Schmöckel, Sandra M. (37075650500); Spalding, Edgar P. (7004739032); Tester, Mark (7003273484); Murphy, Kevin M. (57213539673)",57218659414; 57323505400; 57224536440; 55772101500; 37075650500; 7004739032; 7003273484; 57213539673,A comprehensive characterization of agronomic and end-use quality phenotypes across a quinoa world core collection,2023,Frontiers in Plant Science,14,NA,1101547,NA,NA,29,10.3389/fpls.2023.1101547,https://www.scopus.com/pages/publications/85149561823?origin=resultslist,"The Land Institute, Salina, KS, United States; Department of Chemistry, University of Wyoming, Laramie, WY, United States; Sustainable Seed Systems Laboratory, Department of Crop and Soil Sciences, Washington State University, Pullman, WA, United States; Department of Botany, University of Wisconsin-Madison, Madison, WI, United States; Department Physiology of Yield Stability, Institute of Crop Science, Faculty of Agriculture, University of Hohenheim, Stuttgart, Germany; Division of Biological and Environmental Sciences and Engineering (BESE), King Abdullah University of Science and Technology (KAUST), Thuwal, Saudi Arabia","Craine E.B., The Land Institute, Salina, KS, United States; Davies A., Department of Chemistry, University of Wyoming, Laramie, WY, United States; Packer D., Sustainable Seed Systems Laboratory, Department of Crop and Soil Sciences, Washington State University, Pullman, WA, United States; Miller N.D., Department of Botany, University of Wisconsin-Madison, Madison, WI, United States; Schmöckel S.M., Department Physiology of Yield Stability, Institute of Crop Science, Faculty of Agriculture, University of Hohenheim, Stuttgart, Germany; Spalding E.P., Department of Botany, University of Wisconsin-Madison, Madison, WI, United States; Tester M., Division of Biological and Environmental Sciences and Engineering (BESE), King Abdullah University of Science and Technology (KAUST), Thuwal, Saudi Arabia; Murphy K.M., Department of Chemistry, University of Wyoming, Laramie, WY, United States","Quinoa (Chenopodium quinoa Willd.), a pseudocereal with high protein quality originating from the Andean region of South America, has broad genetic variation and adaptability to diverse agroecological conditions, contributing to the potential to serve as a global keystone protein crop in a changing climate. However, the germplasm resources currently available to facilitate quinoa expansion worldwide are restricted to a small portion of quinoa’s total genetic diversity, in part because of day-length sensitivity and issues related to seed sovereignty. This study aimed to characterize phenotypic relationships and variation within a quinoa world core collection. The 360 accessions were planted in a randomized complete block design with four replicates in each of two greenhouses in Pullman, WA during the summer of 2018. Phenological stages, plant height, and inflorescence characteristics were recorded. Seed yield, composition, thousand seed weight, nutritional composition, shape, size, and color were measured using a high-throughput phenotyping pipeline. Considerable variation existed among the germplasm. Crude protein content ranged from 11.24% to 17.81% (fixed at 14% moisture). We found that protein content was negatively correlated with yield and positively correlated with total amino acid content and days to harvest. Mean essential amino acids values met adult daily requirements but not leucine and lysine infant requirements. Yield was positively correlated with thousand seed weight and seed area, and negatively correlated with ash content and days to harvest. The accessions clustered into four groups, with one-group representing useful accessions for long-day breeding programs. The results of this study establish a practical resource for plant breeders to leverage as they strategically develop germplasm in support of the global expansion of quinoa. Copyright © 2023 Craine, Davies, Packer, Miller, Schmöckel, Spalding, Tester and Murphy.",amino acids; high-throughput phenotyping; plant breeding; protein; quinoa,NA,"K.M. Murphy; Department of Chemistry, University of Wyoming, Laramie, United States; email: kmurphy2@wsu.edu",NA,Frontiers Media S.A.,1664462X,NA,NA,NA,English,Front. Plant Sci.,Article,Final,All Open Access; Gold Open Access; Green Open Access,Scopus,2-s2.0-85149561823
9,Fuentes F.F.; Martinez E.A.; Hinrichsen P.V.; Jellen E.N.; Maughan P.J.,"Fuentes, F.F. (57206375499); Martinez, E.A. (56218360900); Hinrichsen, P.V. (24495483900); Jellen, E.N. (6701925700); Maughan, P.J. (7003959730)",57206375499; 56218360900; 24495483900; 6701925700; 7003959730,Assessment of genetic diversity patterns in Chilean quinoa (Chenopodium quinoa Willd.) germplasm using multiplex fluorescent microsatellite markers,2009,Conservation Genetics,10,2,NA,369,377,103,10.1007/s10592-008-9604-3,https://www.scopus.com/pages/publications/67349199942?origin=resultslist,"Departamento de Agricultura Del Desierto, Universidad Arturo Prat, Iquique, Casilla 121, Chile; Centro de Estudios Avanzados en Zonas Áridas (CEAZA), Universidad de la Serena, La Serena, Casilla 599, Chile; Instituto de Investigaciones Agropecuarias, Centro Regional de Investigación la Platina, INIA, Santa Rosa, Santiago 11610, Chile; Department of Plant and Wildlife Sciences, Brigham Young University, 275 WIDB, Provo, UT 84602, United States","Fuentes F.F., Departamento de Agricultura Del Desierto, Universidad Arturo Prat, Iquique, Casilla 121, Chile; Martinez E.A., Centro de Estudios Avanzados en Zonas Áridas (CEAZA), Universidad de la Serena, La Serena, Casilla 599, Chile; Hinrichsen P.V., Instituto de Investigaciones Agropecuarias, Centro Regional de Investigación la Platina, INIA, Santa Rosa, Santiago 11610, Chile; Jellen E.N., Department of Plant and Wildlife Sciences, Brigham Young University, 275 WIDB, Provo, UT 84602, United States; Maughan P.J., Department of Plant and Wildlife Sciences, Brigham Young University, 275 WIDB, Provo, UT 84602, United States","Quinoa (Chenopodium quinoa Willd.) is a staple seed crop in the Andean region of South America. Improving quinoa productivity is a primary food-security issue for this region, and has been part of the impetus for the establishment of several new quinoa breeding programs throughout the Andean region. Chilean quinoa has been characterized as morphologically diverse and bifurcated into coastal and highland ecotypes. The success of emerging breeding programs will rely heavily on the development of core germplasm collections and germplasm evaluation-especially of the coastal quinoa ecotypes that are often neglected in traditional breeding programs. Thus, the objective of this study was to characterize and quantify the genetic diversity within 28 Altiplano and 31 coastal Chilean accessions of quinoa using microsatellite markers. To facilitate the analysis, we also report the development of seven sets of fluorescent multiplexed microsatellite PCR reactions that result in genetic information for 20 highly polymorphic microsatellite loci. A total of 150 alleles were detected among the quinoa accession, ranging from 2 to 20 alleles per locus and an average 7.5 allele/locus. Both cluster (UPGMA) and principal component analyses separated the accessions into two discrete groups. The first group contained quinoa accessions from the north (Andean highlands) and the second group consisted of accessions from the south (lowland or coastal). Three accessions from Europe were classified into the southern quinoa group. The data obtained in the diversity analyses highlights the relationships within and among northern and southern Chilean quinoa accessions and provides the quinoa scientific community with a new set of easy to use and highly informative genetic markers. © 2008 Springer Science+Business Media B.V.",Chenopodium quinoa; Coastal quinoa; Genetic diversity; Highland quinoa; Multiplex fluorescent SSR,Andes; South America; Chenopodium quinoa; cluster analysis; ecotype; food security; genetic marker; germplasm; herb; morphology; plant breeding; polymerase chain reaction; population genetics; principal component analysis; wild population,"F. F. Fuentes; Departamento de Agricultura Del Desierto, Universidad Arturo Prat, Iquique, Casilla 121, Chile; email: francfue@unap.cl",NA,NA,15729737,NA,CGOEA,NA,English,Conserv. Genet.,Article,Final,All Open Access; Green Open Access,Scopus,2-s2.0-67349199942
9,Zhang T.; Gu M.; Liu Y.; Lv Y.; Zhou L.; Lu H.; Liang S.; Bao H.; Zhao H.,"Zhang, Tifu (56137743800); Gu, Minfeng (57190248602); Liu, Yuhe (56461658400); Lv, Yuanda (55619105100); Zhou, Ling (57194435984); Lu, Haiyan (59054677400); Liang, Shuaiqiang (57195548857); Bao, Huabin (57190441768); Zhao, Han (55715783100)",56137743800; 57190248602; 56461658400; 55619105100; 57194435984; 59054677400; 57195548857; 57190441768; 55715783100,Development of novel InDel markers and genetic diversity in Chenopodium quinoa through whole-genome re-sequencing,2017,BMC Genomics,18,1,685,NA,NA,55,10.1186/s12864-017-4093-8,https://www.scopus.com/pages/publications/85028730142?origin=resultslist,"Jiangsu Academy of Agricultural Sciences, Provincial Key Laboratory of Agrobiology, Institute of Crop Germplasm and Biotechnology, Nanjing, Jiangsu, 210014, China; Xinyang Agricultural Experiment Station of Yancheng City, Yancheng, Jiangsu, 224336, China; University of Illinois at Urbana-Champaign, Department of Crop Sciences, Urbana, 61801, IL, United States","Zhang T., Jiangsu Academy of Agricultural Sciences, Provincial Key Laboratory of Agrobiology, Institute of Crop Germplasm and Biotechnology, Nanjing, Jiangsu, 210014, China; Gu M., Xinyang Agricultural Experiment Station of Yancheng City, Yancheng, Jiangsu, 224336, China; Liu Y., University of Illinois at Urbana-Champaign, Department of Crop Sciences, Urbana, 61801, IL, United States; Lv Y., Jiangsu Academy of Agricultural Sciences, Provincial Key Laboratory of Agrobiology, Institute of Crop Germplasm and Biotechnology, Nanjing, Jiangsu, 210014, China; Zhou L., Jiangsu Academy of Agricultural Sciences, Provincial Key Laboratory of Agrobiology, Institute of Crop Germplasm and Biotechnology, Nanjing, Jiangsu, 210014, China; Lu H., Jiangsu Academy of Agricultural Sciences, Provincial Key Laboratory of Agrobiology, Institute of Crop Germplasm and Biotechnology, Nanjing, Jiangsu, 210014, China; Liang S., Jiangsu Academy of Agricultural Sciences, Provincial Key Laboratory of Agrobiology, Institute of Crop Germplasm and Biotechnology, Nanjing, Jiangsu, 210014, China; Bao H., Jiangsu Academy of Agricultural Sciences, Provincial Key Laboratory of Agrobiology, Institute of Crop Germplasm and Biotechnology, Nanjing, Jiangsu, 210014, China; Zhao H., Jiangsu Academy of Agricultural Sciences, Provincial Key Laboratory of Agrobiology, Institute of Crop Germplasm and Biotechnology, Nanjing, Jiangsu, 210014, China","Background: Quinoa (Chenopodium quinoa Willd.) is a balanced nutritional crop, but its breeding improvement has been limited by the lack of information on its genetics and genomics. Therefore, it is necessary to obtain knowledge on genomic variation, population structure, and genetic diversity and to develop novel Insertion/Deletion (InDel) markers for quinoa by whole-genome re-sequencing. Results: We re-sequenced 11 quinoa accessions and obtained a coverage depth between approximately 7× to 23× the quinoa genome. Based on the 1453-megabase (Mb) assembly from the reference accession Riobamba, 8,441,022 filtered bi-allelic single nucleotide polymorphisms (SNPs) and 842,783 filtered InDels were identified, with an estimated SNP and InDel density of 5.81 and 0.58 per kilobase (kb). From the genomic InDel variations, 85 dimorphic InDel markers were newly developed and validated. Together with the 62 simple sequence repeat (SSR) markers reported, a total of 147 markers were used for genotyping the 129 quinoa accessions. Molecular grouping analysis showed classification into two major groups, the Andean highland (composed of the northern and southern highland subgroups) and Chilean coastal, based on combined STRUCTURE, phylogenetic tree and PCA (Principle Component Analysis) analyses. Further analysis of the genetic diversity exhibited a decreasing tendency from the Chilean coast group to the Andean highland group, and the gene flow between subgroups was more frequent than that between the two subgroups and the Chilean coastal group. The majority of the variations (approximately 70%) were found through an analysis of molecular variation (AMOVA) due to the diversity between the groups. This was congruent with the observation of a highly significant FST value (0.705) between the groups, demonstrating significant genetic differentiation between the Andean highland type of quinoa and the Chilean coastal type. Moreover, a core set of 16 quinoa germplasms that capture all 362 alleles was selected using a simulated annealing method. Conclusions: The large number of SNPs and InDels identified in this study demonstrated that the quinoa genome is enriched with genomic variations. Genetic population structure, genetic core germplasms and dimorphic InDel markers are useful resources for genetic analysis and quinoa breeding. © 2017 The Author(s).",Core germplasm; Genetic diversity; InDel; Population structure; Quinoa; SNP,Chenopodium quinoa; Genetic Markers; Genotype; INDEL Mutation; Phylogeny; Whole Genome Sequencing; allele; breeding; Chenopodium quinoa; classification; controlled study; gene flow; genetic analysis; genetic marker; genetic variability; genome; germplasm; human; indel mutation; nonhuman; phylogenetic tree; population structure; seashore; simple sequence repeat; simulation; single nucleotide polymorphism; Chenopodium quinoa; genetic marker; genetics; genotype; indel mutation; phylogeny; whole genome sequencing,"H. Zhao; Jiangsu Academy of Agricultural Sciences, Provincial Key Laboratory of Agrobiology, Institute of Crop Germplasm and Biotechnology, Nanjing, Jiangsu, 210014, China; email: zhaohan@jaas.ac.cn",NA,BioMed Central Ltd.,14712164,NA,BGMEE,28870149,English,BMC Genomics,Article,Final,All Open Access; Gold Open Access; Green Open Access,Scopus,2-s2.0-85028730142
9,Prajapat K.; Sanwal S.K.; Sharma P.C.,"Prajapat, Kailash (55309139500); Sanwal, Satish Kumar (15754643900); Sharma, Parbodh Chander (57693021300)",55309139500; 15754643900; 57693021300,"Screening of quinoa (Chenopodium quinoa Willd.) germplasms under high-SAR saline water on the basis of growth, yield, and multivariate analysis",2024,Journal of Biosciences,49,1,23,NA,NA,10,10.1007/s12038-023-00396-6,https://www.scopus.com/pages/publications/85179706115?origin=resultslist,"ICAR-Central Soil Salinity Research Institute, Haryana, Karnal, 132001, India","Prajapat K., ICAR-Central Soil Salinity Research Institute, Haryana, Karnal, 132001, India; Sanwal S.K., ICAR-Central Soil Salinity Research Institute, Haryana, Karnal, 132001, India; Sharma P.C., ICAR-Central Soil Salinity Research Institute, Haryana, Karnal, 132001, India","Increasing soil and underground water salinization with decreasing availability of fresh water has become a potential threat to sustainable crop production in arid and semi-arid areas globally. Introduction and evaluation of salt-tolerant halophytic crops is one of the sustainable ways to preserve productivity in saline ecosystems. This study was aimed to screen quinoa germplasms under high-sodium adsorption ratio (SAR) saline stress. Thirteen quinoa germplasms were evaluated under four levels [best available water (BAW), 8, 16, and 24 dSm−1] of high-SAR saline water irrigation. The evaluation was carried out based on growth, yield, and ionic content parameters along with statistical tools such as multivariate analysis, salt tolerance indices, and correlation. The results showed that the salinity levels of 16 and 24 dSm−1 resulted in increase of chlorophyll content relative to BAW and 8 dSm−1. The germplasm CSQ2 recorded the highest proline content (163.7 mg g−1 FW) at 24 dSm−1. Increasing levels of salinity reduced relative water content in plant leaves, and the germplasm CSQ2 showed minimal reduction of 4% at 24 dSm−1. Na+ and K+ contents in the plants increased with increasing salinity levels, while the K+/Na+ ratio decreased. The grain yield of quinoa germplasms ranged between 3.5 and 14.1 g plant−1. The germplasm EC507740 recorded the highest grain yield (7.0 g plant−1) followed by CSQ1 and CSQ2 at a maximum stress of 24 dSm−1. Principal component analysis (PCA) and correlation elucidated that Na+ content in plants was negatively correlated with all the studied traits except SPAD, proline content, and K+ content. The different salt tolerance indices indicated that the germplasms EC507740, CSQ1, CSQ2, EC507738, and IC411825 were more stable at high-SAR salinity, while PCA showed the germplasms EC507740 and CSQ2 as the most salt-tolerant germplasms. © 2024, Indian Academy of Sciences.",Growth; ionic content; principal component analysis; quinoa germplasm; salt tolerance indices; sodium adsorption ratio; yield,Adsorption; Chenopodium quinoa; Ecosystem; Multivariate Analysis; Proline; Salinity; ascorbate peroxidase; best available water; catalase; guaiacol peroxidase; potassium ion; proline; salt water; sodium ion; unclassified drug; adsorption; crop plant; crop yield; germplasm; growth; ion; multivariate analysis; principal component analysis; salinity tolerance; salinization; Article; Chenopodium quinoa; chlorophyll content; cluster analysis; controlled study; correlation analysis; dry weight; environmental parameters; enzyme activity; germplasm; grain yield; irrigation (agriculture); molecular stability; multivariate analysis; nonhuman; plant growth; plant height; plant leaf; plant root; plant yield; principal component analysis; saline stress; salinity; salt tolerance; shoot; sodium adsorption ratio; statistical analysis; vegetative growth; water salinity; adsorption; ecosystem,"K. Prajapat; ICAR-Central Soil Salinity Research Institute, Karnal, Haryana, 132001, India; email: kailash.prajapat@icar.gov.in",NA,Springer,02505991,NA,JOBSD,38287678,English,J. Biosci.,Article,Final,NA,Scopus,2-s2.0-85179706115
9,Carranza-Concha J.; Chairez-Huerta S.G.; Contreras-Martínez C.S.; García-Martínez E.,"Carranza-Concha, José (37760985600); Chairez-Huerta, Sofia G. (57290709000); Contreras-Martínez, Cristina S. (57195619116); García-Martínez, Eva (15820526700)",37760985600; 57290709000; 57195619116; 15820526700,CHARACTERIZATION OF NUTRITIONAL AND ANTIOXIDANT PROPERTIES OF QUINOA SEEDS (Chenopodium quinoa WILLD.); [CARACTERIZACIÓN DE LAS PROPIEDADES NUTRICIONALES Y ANTIOXIDANTES DE SEMILLAS DE QUINUA (Chenopodium quinoa WILLD.)],2021,Revista Fitotecnia Mexicana,44,3,NA,357,366,5,NA,https://www.scopus.com/pages/publications/85116762530?origin=resultslist,"Universidad Autónoma de Zacatecas, Departamento de Nutrición, Ejido La Escondida, Zacatecas, Mexico; Universitat Politècnica de València, Departamento de Tecnología de Alimentos, Valencia, Spain","Carranza-Concha J., Universidad Autónoma de Zacatecas, Departamento de Nutrición, Ejido La Escondida, Zacatecas, Mexico; Chairez-Huerta S.G., Universidad Autónoma de Zacatecas, Departamento de Nutrición, Ejido La Escondida, Zacatecas, Mexico; Contreras-Martínez C.S., Universidad Autónoma de Zacatecas, Departamento de Nutrición, Ejido La Escondida, Zacatecas, Mexico; García-Martínez E., Universitat Politècnica de València, Departamento de Tecnología de Alimentos, Valencia, Spain","Interest in the cultivation of quinoa pseudo-cereal (Chenopodium quinoa Willd.) has increased in recent years due to its nutritional value, as well as its antioxidant capacity and phytochemical content. The chemical composition of quinoa seeds and their bioactive compounds can differ between varieties. In this study, the nutritional composition, antioxidant properties and total phenolic content of Yellow quinoa seeds cultivated in Mexico were evaluated. The results were compared with four commercial quinoa varieties from Peru: Yellow, Black, Red and Peruvian Yellow. The chemical composition of seeds in this study varied as a function of germplasm and growing conditions. In general, samples were characterized by their high carbohydrate content, followed by protein, lipids and fiber. The Yellow quinoa grown in Mexico stood out for its high phenolic content, as well as for its antioxidant activity, probably influenced by the presence of saponins. © 2021. All Rights Reserved.",antioxidant capacity; Chenopodium quinoa Willd; nutritional composition; total phenols,NA,"J. Carranza-Concha; Universidad Autónoma de Zacatecas, Departamento de Nutrición, Ejido La Escondida, Mexico; email: joseconcha10@hotmail.com",NA,Sociedad Mexicana de Fitogenetica,01877380,NA,NA,NA,English,Rev. Fitotec. Mex.,Article,Final,NA,Scopus,2-s2.0-85116762530
9,Hafeez M.B.; Iqbal S.; Li Y.; Saddiq M.S.; Basra S.M.A.; Zhang H.; Zahra N.; Akram M.Z.; Bertero D.; Curti R.N.,"Hafeez, Muhammad Bilal (60033156200); Iqbal, Shahid (59380805900); Li, Yuanyuan (59789945900); Saddiq, Muhammad Sohail (57194836567); Basra, Shahzad M. A. (6507571481); Zhang, Hui (56902109500); Zahra, Noreen (57201492525); Akram, Muhammad Z. (57909017000); Bertero, Daniel (6603139565); Curti, Ramiro N. (39061195600)",60033156200; 59380805900; 59789945900; 57194836567; 6507571481; 56902109500; 57201492525; 57909017000; 6603139565; 39061195600,Assessment of Phenotypic Diversity in the USDA Collection of Quinoa Links Genotypic Adaptation to Germplasm Origin,2022,Plants,11,6,738,NA,NA,33,10.3390/plants11060738,https://www.scopus.com/pages/publications/85126024976?origin=resultslist,"Department of Agronomy, University of Agriculture, Faisalabad, 38040, Pakistan; Department of Agronomy, Muhammad Nawaz Shareef, University of Agriculture, Multan, 66000, Pakistan; Instititute of Plant Breeding and Biotechnology, Muhammad Nawaz Shareef, University of Agriculture, Multan, 66000, Pakistan; Shandong Provincial Key Laboratory of Plant Stress Research, College of Life Science, Shandong Normal University, Jinan, 250014, China; Department of Agronomy, Ghazi University, Dera Ghazi Khan, 32200, Pakistan; Department of Botany, University of Agriculture, Faisalabad, 38040, Pakistan; Cátedra de Producción Vegetal and Instituto de Investigaciones Fisiológicas y Ecológicas Vinculadas a la Agricultura (IFEVA)—CONICET, Facultad de Agronomía, Universidad de Buenos Aires, Buenos Aires, C1417DSE, Argentina; Laboratorio de Investigaciones Botánicas (LABIBO), Facultad de Ciencias Naturales and Sede Regional Sur, Universidad Nacional de Salta—CCT-CONICET, Salta, 4400, Argentina","Hafeez M.B., Department of Agronomy, University of Agriculture, Faisalabad, 38040, Pakistan; Iqbal S., Department of Agronomy, Muhammad Nawaz Shareef, University of Agriculture, Multan, 66000, Pakistan, Instititute of Plant Breeding and Biotechnology, Muhammad Nawaz Shareef, University of Agriculture, Multan, 66000, Pakistan; Li Y., Shandong Provincial Key Laboratory of Plant Stress Research, College of Life Science, Shandong Normal University, Jinan, 250014, China; Saddiq M.S., Department of Agronomy, Ghazi University, Dera Ghazi Khan, 32200, Pakistan; Basra S.M.A., Department of Agronomy, University of Agriculture, Faisalabad, 38040, Pakistan; Zhang H., Shandong Provincial Key Laboratory of Plant Stress Research, College of Life Science, Shandong Normal University, Jinan, 250014, China; Zahra N., Department of Botany, University of Agriculture, Faisalabad, 38040, Pakistan; Akram M.Z., Department of Agronomy, University of Agriculture, Faisalabad, 38040, Pakistan; Bertero D., Cátedra de Producción Vegetal and Instituto de Investigaciones Fisiológicas y Ecológicas Vinculadas a la Agricultura (IFEVA)—CONICET, Facultad de Agronomía, Universidad de Buenos Aires, Buenos Aires, C1417DSE, Argentina; Curti R.N., Laboratorio de Investigaciones Botánicas (LABIBO), Facultad de Ciencias Naturales and Sede Regional Sur, Universidad Nacional de Salta—CCT-CONICET, Salta, 4400, Argentina","Quinoa’s germplasm evaluation is the first step towards determining its suitability under new environmental conditions. The aim of this study was to introduce suitable germplasm to the lowland areas of the Faisalabad Plain that could then be used to introduce quinoa more effectively to that region. A set of 117 quinoa genotypes belonging to the USDA quinoa collection was evaluated for 11 phenotypic quantitative traits (grain yield (Y), its biological and numerical components plus phenological variables) in a RCBD during two consecutive growing seasons at the University of Agriculture, Faisalabad, Pakistan under mid-autumn sowings. Genotypic performance changed across the years, however most phenotypic traits showed high heritability, from 0.75 for Harvest Index (HI) to 0.97 for aerial biomass (B) and Y. Ordination and cluster analyses differentiated four groups dominated by genotypes from: Peru and the Bolivian Highlands (G1); the Bolivian Highlands (G2); the Ballón collection (regarded as a cross between Bolivian and Sea Level (Chilean) genotypes) plus Bolivian Highlands (G3); and Ballón plus Sea Level (G4), this latter group being the most differentiated one. This genetic structure shared similarities with previous groups identified using SSR markers and G×E data from an international quinoa test. G4 genotypes showed the highest Y associated with higher B and seed numbers (SN), while HI made a significant contribution to yield determination in G2 and seed weight (SW) in G3. G1 and G2 showed the lowest Y associated with a lower B and SN. Moreover, SW showed a strongly negative association with SN in G2. Accordingly, G4 followed by G3 are better suited to the lowland areas of Faisalabad plain and the physiological traits underlying yield determination among genotypic groups should be considered in future breeding programs. © 2022 by the authors. Licensee MDPI, Basel, Switzerland.",Breeding; Chenopodium quinoa Willd; Effects of genotype by environment interaction; Genetic structure; Germplasm; Heritability,NA,"Y. Li; Shandong Provincial Key Laboratory of Plant Stress Research, College of Life Science, Shandong Normal University, Jinan, 250014, China; email: yuanyuan_li@outlook.com; R.N. Curti; Laboratorio de Investigaciones Botánicas (LABIBO), Facultad de Ciencias Naturales and Sede Regional Sur, Universidad Nacional de Salta—CCT-CONICET, Salta, 4400, Argentina; email: rcurti@agro.uba.ar",NA,MDPI,22237747,NA,NA,NA,English,Plants,Article,Final,All Open Access; Gold Open Access; Green Open Access,Scopus,2-s2.0-85126024976
9,Baldera-Chapoñan V.-H.; De la Cruz G.; Oliva-Cruz S.; Lozano-Isla F.,"Baldera-Chapoñan, Victor-Hugo (60235563500); De la Cruz, Germán (49961331800); Oliva-Cruz, Segundo (58088348800); Lozano-Isla, Flavio (56430614100)",60235563500; 49961331800; 58088348800; 56430614100,Agromorphological Characterization of Quinoa (Chenopodium quinoa Willd.) Under Andean–Amazonian Region of Peru,2025,Plants,14,23,3689,NA,NA,2,10.3390/plants14233689,https://www.scopus.com/pages/publications/105024573199?origin=resultslist,"Facultad de Ingeniería y Ciencias Agrarias, Universidad Nacional Toribio Rodríguez de Mendoza de Amazonas (UNTRM), Chachapoyas, 01000, Peru; Facultad de Ciencias Agrarias, Universidad Nacional de San Cristóbal de Huamanga (UNSCH), Ayacucho, 05000, Peru; Instituto de Investigación para el Desarrollo Sustentable de Ceja de Selva, Universidad Nacional Toribio Rodríguez de Mendoza de Amazonas (UNTRM), Chachapoyas, 01000, Peru; Centro de Investigación e Innovación en Granos y Semillas, Universidad Nacional Toribio Rodríguez de Mendoza de Amazonas (UNTRM), Chachapoyas, 01000, Peru","Baldera-Chapoñan V.-H., Facultad de Ingeniería y Ciencias Agrarias, Universidad Nacional Toribio Rodríguez de Mendoza de Amazonas (UNTRM), Chachapoyas, 01000, Peru; De la Cruz G., Facultad de Ciencias Agrarias, Universidad Nacional de San Cristóbal de Huamanga (UNSCH), Ayacucho, 05000, Peru; Oliva-Cruz S., Facultad de Ingeniería y Ciencias Agrarias, Universidad Nacional Toribio Rodríguez de Mendoza de Amazonas (UNTRM), Chachapoyas, 01000, Peru, Instituto de Investigación para el Desarrollo Sustentable de Ceja de Selva, Universidad Nacional Toribio Rodríguez de Mendoza de Amazonas (UNTRM), Chachapoyas, 01000, Peru; Lozano-Isla F., Facultad de Ingeniería y Ciencias Agrarias, Universidad Nacional Toribio Rodríguez de Mendoza de Amazonas (UNTRM), Chachapoyas, 01000, Peru, Instituto de Investigación para el Desarrollo Sustentable de Ceja de Selva, Universidad Nacional Toribio Rodríguez de Mendoza de Amazonas (UNTRM), Chachapoyas, 01000, Peru, Centro de Investigación e Innovación en Granos y Semillas, Universidad Nacional Toribio Rodríguez de Mendoza de Amazonas (UNTRM), Chachapoyas, 01000, Peru","Quinoa (Chenopodium quinoa Willd.) is an Andean pseudocereal of high nutritional value and remarkable phenotypic diversity, recognized as a strategic crop for food security under increasing climatic variability. In this study, the agromorphological diversity of 158 accessions cultivated in the Andean–Amazonian region of Peru was evaluated with the aim of identifying superior materials for conservation and breeding programs. The experiment was conducted using an augmented design that included three check cultivars (INIA 415 Pasankalla, INIA 420 Negra Collana, and Blanca Juli). Diversity in eleven qualitative traits was quantified using the Shannon–Weaver (H′) and Nei (He) indices, whereas twelve quantitative traits were analyzed through principal component analysis (PCA) and hierarchical clustering. The results revealed substantial intra- and inter-accession variability, with He values ranging from 0.21 to 0.76 and H′ values from 0.40 to 1.79, reflecting marked differences in growth habit, panicle morphology, stem pigmentation, and tolerance to Peronospora variabilis and Epicauta spp. Multivariate analyses identified three contrasting groups and enabled the selection of outstanding accessions, including UNTRM-367-1149, UNTRM-367-1107, UNTRM-367-1078, UNTRM-367-1079, UNTRM-367-1081, UNTRM-367-1095, and UNTRM-367-1104, characterized by high yield potential, favorable reproductive architecture, early or intermediate maturity, and low downy mildew severity. These accessions represent promising genetic resources for developing quinoa varieties adapted to transitional Andean–Amazonian environments, contributing to improved crop productivity and resilience. © 2025 by the authors.",Andean crops; Chenopodium quinoa; food security; genetic diversity; germplasm; phenotypic plasticity; plant breeding,NA,"V.-H. Baldera-Chapoñan; Facultad de Ingeniería y Ciencias Agrarias, Universidad Nacional Toribio Rodríguez de Mendoza de Amazonas (UNTRM), Chachapoyas, 01000, Peru; email: victorhugobalderachaponan@gmail.com; F. Lozano-Isla; Facultad de Ingeniería y Ciencias Agrarias, Universidad Nacional Toribio Rodríguez de Mendoza de Amazonas (UNTRM), Chachapoyas, 01000, Peru; email: flavio.lozano@untrm.edu.pe",NA,Multidisciplinary Digital Publishing Institute (MDPI),22237747,NA,NA,NA,English,Plants,Article,Final,All Open Access; Gold Open Access; Green Open Access,Scopus,2-s2.0-105024573199
9,Morillo Coronado A.C.; Castro M.A.; Manjarres Hernandez E.H.,"Morillo Coronado, A.C. (57209509524); Castro, M.A. (58235849600); Manjarres Hernandez, E.H. (57217164726)",57209509524; 58235849600; 57217164726,Interpopulation characterization of quinoa (Chenopodium quinoa Willd.) from different agroecological environments of Colombia; [Caracterização interpopulacional de quinoa (Chenopodium quinoa Willd.) de diferentes ambientes agroecológicos da Colômbia],2023,Brazilian Journal of Biology,83,NA,e271954,1,NA,6,10.1590/1519-6984.271954,https://www.scopus.com/pages/publications/85158056504?origin=resultslist,"Universidad Pedagógica y Tecnológica de Colombia – UPTC, Facultad de Ciencias Agropecuarias, Grupo Competitividad, Innovación y Desarrollo Empresarial – CIDE, Boyacá, Tunja, Colombia","Morillo Coronado A.C., Universidad Pedagógica y Tecnológica de Colombia – UPTC, Facultad de Ciencias Agropecuarias, Grupo Competitividad, Innovación y Desarrollo Empresarial – CIDE, Boyacá, Tunja, Colombia; Castro M.A., Universidad Pedagógica y Tecnológica de Colombia – UPTC, Facultad de Ciencias Agropecuarias, Grupo Competitividad, Innovación y Desarrollo Empresarial – CIDE, Boyacá, Tunja, Colombia; Manjarres Hernandez E.H., Universidad Pedagógica y Tecnológica de Colombia – UPTC, Facultad de Ciencias Agropecuarias, Grupo Competitividad, Innovación y Desarrollo Empresarial – CIDE, Boyacá, Tunja, Colombia","Chenopodium quinoa Willd. it is an Andean cereal of great importance for human consumption due to its high nutritional value. In Colombia there is a high phenotypic and genotypic variability within quinoa crops, which has not been studied and has been maintained by the same farmers cycle after production cycle. The objective of this study was to carry out an interpopulation characterization of quinoa cultivated in different producing municipalities of the department of Boyacá, in Colombia, for which 19 morphological descriptors were used, which were evaluated in situ in nine municipalities and analyzed through descriptive statistics, principal component analysis, correlation and conglomerates. In the evaluation of the quantitative traits for all the populations, it was observed that the most variable descriptors were Number of teeth lower leaf (DHI), Lower leaf length (LHI), Width upper leaf (AHI) and Number of teeth upper leaf (DHS). Great segregation between and within individuals of Blanca de Jericó and Piartal was observed for panicle and leaf color and shape, stem color, presence of teeth, and axils on upper and lower leaves. A classification key is proposed that allows in the field to be able to morphologically differentiate the genotypes of Piartal and Blanca de Jericó. This research shows that among the most cultivated genotypes in the department of Boyacá, there is still an important phenotypic diversity given at the inter and intra-individual level, due to the phenological state and the agroclimatological conditions of the different producing regions. © 2023, Instituto Internacional de Ecologia. All rights reserved.",andean cereal; breeding; germplasm; morphological descriptors,Chenopodium quinoa; Colombia; Edible Grain; Genotype; Humans; Phenotype; Chenopodium quinoa; Colombia; food grain; genetics; genotype; human; phenotype,"A.C. Morillo Coronado; Universidad Pedagógica y Tecnológica de Colombia – UPTC, Facultad de Ciencias Agropecuarias, Grupo Competitividad, Innovación y Desarrollo Empresarial – CIDE, Tunja, Boyacá, Colombia; email: ana.morillo@uptc.edu.co",NA,Instituto Internacional de Ecologia,15196984,NA,NA,37132743,English,Braz. J. Biol.,Article,Final,All Open Access; Gold Open Access,Scopus,2-s2.0-85158056504
9,Salazar J.; de Lourdes Torres M.; Gutierrez B.; Torres A.F.,"Salazar, Juan (57207705887); de Lourdes Torres, María (55973684200); Gutierrez, Bernardo (57215091466); Torres, Andrés Francisco (55699229400)",57207705887; 55973684200; 57215091466; 55699229400,Molecular characterization of Ecuadorian quinoa (Chenopodium quinoa Willd.) diversity: implications for conservation and breeding,2019,Euphytica,215,3,60,NA,NA,29,10.1007/s10681-019-2371-z,https://www.scopus.com/pages/publications/85062288430?origin=resultslist,"Laboratorio de Biotecnología Vegetal, Colegio de Ciencias Biológicas Y Ambientales, Universidad San Francisco de Quito USFQ, Diego de Robles Y Vía Interoceánica, Cumbayá, Ecuador; Department of Zoology, University of Oxford, 11a Mansfield Road, Oxford, OX1 3SZ, United Kingdom; Wageningen UR Plant Breeding, Wageningen University and Research, PO Box 386, Wageningen, 6700 AJ, Netherlands","Salazar J., Laboratorio de Biotecnología Vegetal, Colegio de Ciencias Biológicas Y Ambientales, Universidad San Francisco de Quito USFQ, Diego de Robles Y Vía Interoceánica, Cumbayá, Ecuador; de Lourdes Torres M., Laboratorio de Biotecnología Vegetal, Colegio de Ciencias Biológicas Y Ambientales, Universidad San Francisco de Quito USFQ, Diego de Robles Y Vía Interoceánica, Cumbayá, Ecuador; Gutierrez B., Laboratorio de Biotecnología Vegetal, Colegio de Ciencias Biológicas Y Ambientales, Universidad San Francisco de Quito USFQ, Diego de Robles Y Vía Interoceánica, Cumbayá, Ecuador, Department of Zoology, University of Oxford, 11a Mansfield Road, Oxford, OX1 3SZ, United Kingdom; Torres A.F., Laboratorio de Biotecnología Vegetal, Colegio de Ciencias Biológicas Y Ambientales, Universidad San Francisco de Quito USFQ, Diego de Robles Y Vía Interoceánica, Cumbayá, Ecuador, Wageningen UR Plant Breeding, Wageningen University and Research, PO Box 386, Wageningen, 6700 AJ, Netherlands","Quinoa (Chenopodium quinoa Willd.) is recognized as an important crop to improve global food security. It has gained international recognition because of the nutritional value of its seeds and its broad agronomic resilience. Although several studies have attempted to characterize the genetic diversity of quinoa, none have focused on evaluating germplasm from Ecuador; the latter considered a relevant subcenter of diversity for the species. In this study, 84 accessions representing the species’ cultivated range in the Ecuadorian Andes were characterized using 15 species-specific SSR markers. The extent of allelic richness (196 alleles) and genetic heterozygosity (HE = 0.71) detected for these accessions demonstrate that Ecuadorian quinoa is highly diverse. Phenetic analyzes structured Ecuadorian germplasm into 3 subgroups; each containing genotypes from all surveyed provinces. Average expected heterozygosity was high for all 3 subgroups (0.53 ≤ HE ≤ 0.72), and Nei-pairwise comparisons showed significant genetic divergence among them (0.31 ≤ NeiDST ≤ 0.84). The lack of a clear geographic pattern in the genetic structure of Ecuadorian quinoa led us to believe that the 3 reported subgroups constitute independent genetic lineages representing ancestral landrace populations which have been disseminated throughout Ecuador via informal seed networks. Nevertheless, a Wilcoxon test showed that at least one subgroup had been subject to intensive inbreeding and selection; and possibly corresponds to the local commercial variety INIAP-Tunkahuan. Our results show that ancestral quinoa diversity in Ecuador has prevailed despite the introduction of commercial varieties, and should be preserved for future use in breeding programs. © 2019, The Author(s).",Breeding; Ecuador; Genetic diversity; Population structure; Quinoa; SSR,NA,"A.F. Torres; Laboratorio de Biotecnología Vegetal, Colegio de Ciencias Biológicas Y Ambientales, Universidad San Francisco de Quito USFQ, Cumbayá, Diego de Robles Y Vía Interoceánica, Ecuador; email: andres.torres@wur.nl",NA,Springer Netherlands,00142336,NA,EUPHA,NA,English,Euphytica,Article,Final,All Open Access; Hybrid Gold Open Access,Scopus,2-s2.0-85062288430
9,Nadiya Jan K.; Panesar P.S.; Singh S.,"Nadiya Jan, Khan (57225733855); Panesar, Paramjit S. (35585941700); Singh, Sukhcharn (57199513120)",57225733855; 35585941700; 57199513120,Effect of moisture content on the physical and mechanical properties of quinoa seeds,2019,International Agrophysics,33,1,NA,41,48,37,10.31545/intagr/104374,https://www.scopus.com/pages/publications/85065434767?origin=resultslist,"Department of Food Engineering and Technology, Sant Longowal Institute of Engineering and Technology, Sangrur, Punjab, 148106, India","Nadiya Jan K., Department of Food Engineering and Technology, Sant Longowal Institute of Engineering and Technology, Sangrur, Punjab, 148106, India; Panesar P.S., Department of Food Engineering and Technology, Sant Longowal Institute of Engineering and Technology, Sangrur, Punjab, 148106, India; Singh S., Department of Food Engineering and Technology, Sant Longowal Institute of Engineering and Technology, Sangrur, Punjab, 148106, India","The study was conducted to compare the engineering properties of Indian quinoa seeds with increase in moisture content. Close dependency of the properties on moisture content was observed. Two germplasms of quinoa IC-411824 and EC-507739 were investigated. The results showed that the principal dimensions of EC-507739 were higher than those of IC-411824. With an increase in moisture mean values of true density increased from 993 to 1166 kg m-3 for EC-507739 and from 984 to 1097 kg m-3 for IC-411824. Coefficient of friction showed an increase of 16.29, 16.00, and 18.93% against glass, galvanized iron and wood respectively in case of IC-411824. However, for EC-507739 increase of 19.12, 22.73, and 23.21% was observed against glass, galvanized iron and wood respectively. Mechanical properties were higher for EC-507739 than IC-411824 and decreased with increase in moisture content for both the varieties. Mechanical behavior of seed can be used in designing of grinding machines. © 2019 Institute of Agrophysics, Polish Academy of Sciences",K e y w o r d s: Indian quinoa seeds; Physical properties; Rupture energy; Rupture force,Chenopodium quinoa; bioengineering; germplasm; mechanical property; moisture content; physical property; rupture; seed,"K. Nadiya Jan; Department of Food Engineering and Technology, Sant Longowal Institute of Engineering and Technology, Sangrur, Punjab, 148106, India; email: khan14diya@gmail.com",NA,Polish Academy of Sciences,02368722,NA,NA,NA,English,Int. Agrophys.,Article,Final,All Open Access; Gold Open Access,Scopus,2-s2.0-85065434767
9,Fuentes F.F.; Bazile D.; Bhargava A.; Martínez E.A.,"Fuentes, F.F. (57206375499); Bazile, D. (24333883200); Bhargava, A. (11840251000); Martínez, E.A. (56218360900)",57206375499; 24333883200; 11840251000; 56218360900,"Implications of farmers' seed exchanges for on-farm conservation of quinoa, as revealed by its genetic diversity in Chile",2012,Journal of Agricultural Science,150,6,NA,702,716,89,10.1017/S0021859612000056,https://www.scopus.com/pages/publications/84868555384?origin=resultslist,"Departamento de Agricultura del Desierto y Biotecnología, Universidad Arturo Prat, Iquique, Casilla 121, Chile; CIRAD (Centre de Cooperation Internationale en Recherche Agronomique pour le Developpement), UPR47, GREEN, Montpellier, France; PUCV, Instituto de Geografía, Valparaíso, Av. Brasil 2241, Chile; Amity Institute of Biotechnology, Amity University Lucknow Campus, Lucknow-226010, India; Centro de Estudios Avanzados en Zonas Aridas (CEAZA), La Serena, Chile; PhD Program on Applied Biology and Ecology (Dr-BEA), Facultad de Ciencias del Mar, Universidad Católica del Norte, Coquimbo, Chile","Fuentes F.F., Departamento de Agricultura del Desierto y Biotecnología, Universidad Arturo Prat, Iquique, Casilla 121, Chile; Bazile D., CIRAD (Centre de Cooperation Internationale en Recherche Agronomique pour le Developpement), UPR47, GREEN, Montpellier, France, PUCV, Instituto de Geografía, Valparaíso, Av. Brasil 2241, Chile; Bhargava A., Amity Institute of Biotechnology, Amity University Lucknow Campus, Lucknow-226010, India; Martínez E.A., Centro de Estudios Avanzados en Zonas Aridas (CEAZA), La Serena, Chile, PhD Program on Applied Biology and Ecology (Dr-BEA), Facultad de Ciencias del Mar, Universidad Católica del Norte, Coquimbo, Chile","Quinoa cultivation in Chile presents an ancient and active complex of geographic, climatic, social and cultural interactions that has determined its current biodiversity in the three main growing zones (north, central and south). Importantly, these interactions involve the participation of farmers, whose activities are at the base of seed exchange networks due to their knowledge and in situ conservation of genetic diversity. The present study reports how a better understanding of farmers' seed exchanges and local production practices could impact the genetic structure and diversity of quinoa at national scale in Chile. Using field interviews and characterization of 20 microsatellite genetic markers in a multi-origin set of 34 quinoa accessions representative of Chile and the South American region, the phenetic analysis of germplasm was consistent with the current classification of quinoa ecotypes present in Chile and Andean zone. This allowed the identification of five populations, which were represented by quinoa of Salares (northern Chile), Coastal/Lowlands (central and southern Chile), Highlands (Peru, Bolivia and Argentina) and Inter-Andean Valleys (Ecuador and Colombia). The highly informative quality of the markers used revealed a wide genetic diversity among main growing areas in Chile, which correlated well with natural geographical-edaphic-climatic and social-linguistic context to the expansion of quinoa biodiversity. Additionally, in addition to ancient seed exchanges, this process is still governed by the diverse agricultural practices of Andean farmers. Genetic erosion is considered an imminent risk due to small-scale farming, where the influence of increased migration of people to urban systems and export-driven changes to the agro-ecosystems may further reduce the diversity of quinoa plants in cultivation. © Cambridge University Press 2012.",NA,Andes; Chile; Chenopodium quinoa; agricultural ecosystem; biodiversity; cereal; conservation genetics; cultivation; genetic marker; genetic structure; genetic variation; participatory approach,"F.F. Fuentes; Departamento de Agricultura del Desierto y Biotecnología, Universidad Arturo Prat, Iquique, Casilla 121, Chile; email: francfue@unap.cl",NA,NA,14695146,NA,JASIA,NA,English,J. Agric. Sci.,Article,Final,NA,Scopus,2-s2.0-84868555384
9,Fuentes F.; Bhargava A.,"Fuentes, F. (57206375499); Bhargava, A. (11840251000)",57206375499; 11840251000,Morphological Analysis of Quinoa Germplasm Grown Under Lowland Desert Conditions,2011,Journal of Agronomy and Crop Science,197,2,NA,124,134,77,10.1111/j.1439-037X.2010.00445.x,https://www.scopus.com/pages/publications/79952394427?origin=resultslist,"Departamento de Agricultura del Desierto y Biotecnología, Universidad Arturo Prat, Iquique, Chile; Amity Institute of Biotechnology, Amity University Uttar Pradesh (Lucknow Campus), Lucknow, India","Fuentes F., Departamento de Agricultura del Desierto y Biotecnología, Universidad Arturo Prat, Iquique, Chile; Bhargava A., Amity Institute of Biotechnology, Amity University Uttar Pradesh (Lucknow Campus), Lucknow, India","Twenty-eight quinoa accessions collected from the northern highlands (Andes) of Chile were assessed using eleven morphological descriptors. A complementary analysis of multivariate tools permitted a fuller understanding of interrelationships within this germplasm as it was assessed in a lowland desert environment. Through a frequency distribution, it was possible to make a general classification of accessions which were represented by plants having medium height and low grain yield. The accessions BS2 and BS1 registered the highest yields with mean values of 993.89 and 820.56kgha-1 respectively. On the other hand, accession B13 stood out as having good forage potential, with relatively high values for plant weight (PW, 349g DM) and plant height (PH) (1.91cm). The first four principal components accounted for 70% of the total variation among the accessions. The first PC (PC1), accounting for 36% of the total variation, included stem diameter, PW and PH with high positive, and harvest index and leaf tooth number with high negative coefficients. Principal component 2 (PC2) contributed for an additional 19% of the total variation and reflected the patterns of variation in leaf morphology all of which had high positive values. Cluster analysis allowed classification of the accessions into six discrete groups. The yield assessment in the Atacama Desert was considered low, probably due to the negative effects of the high-temperature stress around flowering. The data set presented in this study is the first report of quinoa assessed under lowland desert conditions and would assist in the development of new plant breeding programmes for quinoa in areas having similar agroclimatic factors as the Atacama Desert. © 2010 Blackwell Verlag GmbH.",Chenopodium quinoa; Desert; Grain yield; Multivariate analysis; Temperature stress,Andes; Atacama Desert; Chile; Chenopodium quinoa; cluster analysis; data set; desert; germplasm; height; herb; high temperature; leaf morphology; lowland environment; multivariate analysis; plant breeding; temperature effect; yield response,"F. Fuentes; Departamento de Agricultura del, Desierto y Biotecnología, Universidad Arturo Prat, Iquique, Chile; email: francfue@unap.cl",NA,NA,1439037X,NA,ZAPFA,NA,English,J. Agron. Crop. Sci.,Article,Final,NA,Scopus,2-s2.0-79952394427
9,Mason S.L.; Stevens M.R.; Jellen E.N.; Bonifacio A.; Fairbanks D.J.; Coleman C.E.; McCarty R.R.; Rasmussen A.G.; Maughan P.J.,"Mason, S.L. (8682237700); Stevens, M.R. (7402243451); Jellen, E.N. (6701925700); Bonifacio, A. (7004508682); Fairbanks, D.J. (7005621879); Coleman, C.E. (56211273000); McCarty, R.R. (8682237400); Rasmussen, A.G. (57206162227); Maughan, P.J. (7003959730)",8682237700; 7402243451; 6701925700; 7004508682; 7005621879; 56211273000; 8682237400; 57206162227; 7003959730,Development and use of microsatellite markers for germplasm characterization in quinoa (Chenopodium quinoa Willd.),2005,Crop Science,45,4,NA,1618,1630,72,10.2135/cropsci2004.0295,https://www.scopus.com/pages/publications/22844444716?origin=resultslist,"Dep. of Plant and Animal Sciences, Brigham Young Univ., Provo, UT 84602, United States; Foundation for the Promotion and Investigation of Andean Products (PROINPA), La Paz, Bolivia","Mason S.L., Dep. of Plant and Animal Sciences, Brigham Young Univ., Provo, UT 84602, United States; Stevens M.R., Dep. of Plant and Animal Sciences, Brigham Young Univ., Provo, UT 84602, United States; Jellen E.N., Dep. of Plant and Animal Sciences, Brigham Young Univ., Provo, UT 84602, United States; Bonifacio A., Foundation for the Promotion and Investigation of Andean Products (PROINPA), La Paz, Bolivia; Fairbanks D.J., Dep. of Plant and Animal Sciences, Brigham Young Univ., Provo, UT 84602, United States; Coleman C.E., Dep. of Plant and Animal Sciences, Brigham Young Univ., Provo, UT 84602, United States; McCarty R.R., Dep. of Plant and Animal Sciences, Brigham Young Univ., Provo, UT 84602, United States; Rasmussen A.G., Dep. of Plant and Animal Sciences, Brigham Young Univ., Provo, UT 84602, United States; Maughan P.J., Dep. of Plant and Animal Sciences, Brigham Young Univ., Provo, UT 84602, United States","Quinoa (Chenopodium quinoa Willd.) is a widely consumed food crop and a primary protein source for many of the indigenous inhabitants of the Andean region of South America. The objective of this study was to develop a collection of reproducible and highly informative microsatellite markers for quinoa. A total of 1276 clones were sequenced from three microsatellite-enriched (CA, ATT, ATG) libraries. Four hundred fifty-seven (36%) of the clones contained unique microsatellites. The most common repeated motifs, other than CA, AAT, and ATG, were GA and CAA. Flanking primers were designed for 397 microsatellite loci and screened using a panel of diverse quinoa accessions and one accession of C. berlandieri Moq., a wild relative of quinoa. Two hundred eight (52%) of the microsatellite markers were polymorphic among the quinoa accessions. An additional 25 of the microsatellite markers (6%) were polymorphic when the C. berlandieri accession was included in the analysis. Only in rare instances (nine) did a microsatellite amplify in quinoa and not in C. berlandieri. The number of observed alleles ranged from 2 to 13, with an average of four alleles detected per locus. Heterozygosity values ranged from 0.20 to 0.90 with a mean value of 0.57. Sixty-seven markers (32%) were highly polymorphic (H ≥ 0.70). These microsatellites markers are an ideal resource for use in managing quinoa germplasm, trait mapping and marker-assisted hreeding strategies. The wide cross-species transportability of these markers may extend their value to research involving other Chenopodium species. © Crop Science Society of America.",NA,Acer pensylvanicum; Chenopodium; Chenopodium berlandieri; Chenopodium quinoa,"P.J. Maughan; Dep. of Plant and Animal Sciences, Brigham Young Univ., Provo, UT 84602, United States; email: Jeff_Maughan@byu.edu",NA,NA,0011183X,NA,CRPSA,NA,English,Crop Sci.,Article,Final,All Open Access; Green Open Access,Scopus,2-s2.0-22844444716
9,Jiang Y.; Yasir M.; Cao Y.; Hu L.; Yan T.; Zhu S.; Lu G.,"Jiang, Yurong (55759421400); Yasir, Muhammad (57209020255); Cao, Yuefen (55764128200); Hu, Lejia (57823526800); Yan, Tongli (58064951900); Zhu, Shuijin (55510284700); Lu, Guoquan (16444722900)",55759421400; 57209020255; 55764128200; 57823526800; 58064951900; 55510284700; 16444722900,Physiological and Biochemical Characteristics and Response Patterns of Salinity Stress Responsive Genes (SSRGs) in Wild Quinoa (Chenopodium quinoa L.),2023,Phyton-International Journal of Experimental Botany,92,2,NA,399,410,4,10.32604/phyton.2022.022742,https://www.scopus.com/pages/publications/85146218455?origin=resultslist,"The Key Laboratory for Quality Improvement of Agricultural Products of Zhejiang Province, College of Advanced Agricultural Sciences, Zhejiang A&F University, Hangzhou, 311300, China; College of Agriculture and Biotechnology, Zhejiang University, Hangzhou, 310058, China","Jiang Y., The Key Laboratory for Quality Improvement of Agricultural Products of Zhejiang Province, College of Advanced Agricultural Sciences, Zhejiang A&F University, Hangzhou, 311300, China; Yasir M., The Key Laboratory for Quality Improvement of Agricultural Products of Zhejiang Province, College of Advanced Agricultural Sciences, Zhejiang A&F University, Hangzhou, 311300, China; Cao Y., The Key Laboratory for Quality Improvement of Agricultural Products of Zhejiang Province, College of Advanced Agricultural Sciences, Zhejiang A&F University, Hangzhou, 311300, China; Hu L., The Key Laboratory for Quality Improvement of Agricultural Products of Zhejiang Province, College of Advanced Agricultural Sciences, Zhejiang A&F University, Hangzhou, 311300, China; Yan T., The Key Laboratory for Quality Improvement of Agricultural Products of Zhejiang Province, College of Advanced Agricultural Sciences, Zhejiang A&F University, Hangzhou, 311300, China; Zhu S., College of Agriculture and Biotechnology, Zhejiang University, Hangzhou, 310058, China; Lu G., The Key Laboratory for Quality Improvement of Agricultural Products of Zhejiang Province, College of Advanced Agricultural Sciences, Zhejiang A&F University, Hangzhou, 311300, China","Cultivating salt-tolerant crops is a feasible way to effectively utilize saline-alkali land and solve the problem of underutilization of saline soils. Quinoa, a protein-comprehensive cereal in the plant kingdom, is an exceptional crop in terms of salt stress tolerance level. It seems an excellent model for the exploration of salt-tolerance mechanisms and cultivation of salt-tolerant germplasms. In this study, the seeds and seedlings of the quinoa cultivar Shelly were treated with different concentrations of NaCl solution. The physiological, biochemical characteristics and agronomic traits were investigated, and the response patterns of three salt stress-responsive genes (SSRGs) in quinoa were determined by real-time PCR. The optimum level of stress tolerance of quinoa cultivar Shelly was found in the range of 250–350 mM concentration of NaCl. Salt stress significantly induced expression of superoxide dismutase (SOD), peroxidase (POD), and particularly betaine aldehyde dehydrogenase (BADH). BADH was discovered to be more sensitive to salt stress and played an important role in the salt stress tolerance of quinoa seedlings, particularly at high NaCl concentrations, as it displayed upregulation until 24 h under 100 mM salt treatment. Moreover, it showed upregulation until 12 h under 250 mM salt stress. Taken together, these results suggest that BADH played an essential role in the salt-tolerance mechanism of quinoa. Based on the expression level and prompt response induced by NaCl, we suggest that the BADH can be considered as a molecular marker for screening salt-tolerant quinoa germplasm at the early stages of crop development. Salt treatment at different plant ontogeny or at different concentrations had a significant impact on quinoa growth. Therefore, an appropriate treatment approach needs to be chosen rationally in the process of screening salt-tolerant quinoa germplasm, which is useful to the utilization of saline soils. Our study provides a fundamental information to deepen knowledge of the salt tolerance mechanism of quinoa for the development of salt-tolerant germplasm in crop breeding programs. © 2023, Tech Science Press. All rights reserved.",NaCl stress; Salt tolerant; stress-responsive genes,NA,"S. Zhu; College of Agriculture and Biotechnology, Zhejiang University, Hangzhou, 310058, China; email: shjzhu@zju.edu.cn; G. Lu; The Key Laboratory for Quality Improvement of Agricultural Products of Zhejiang Province, College of Advanced Agricultural Sciences, Zhejiang A&F University, Hangzhou, 311300, China; email: 20090007@zafu.edu.cn",NA,Tech Science Press,00319457,NA,PHYBA,NA,English,Phyton-International Journal of Experimental Botany,Article,Final,All Open Access; Gold Open Access,Scopus,2-s2.0-85146218455
9,Munir H.; Basra S.M.A.; Cheema M.A.; Wahid A.,"Munir, Hassan (16686834400); Basra, Shahzad Maqsood Ahmed (6507571481); Cheema, Mumtaz Akhtar (13204812100); Wahid, Abdul (7004575589)",16686834400; 6507571481; 13204812100; 7004575589,Phenotypic flexibility in exotic quinoa (Chenopodium quinoa Willd.) germplasm for seedling vigor and viability,2011,Pakistan Journal of Agricultural Sciences,48,4,NA,255,261,4,NA,https://www.scopus.com/pages/publications/84864044567?origin=resultslist,"Department of Crop Physiology, University of Agriculture, Faisalabad-38040, Pakistan; Department of Agronomy, University of Agriculture, Faisalabad-38040, Pakistan; Department of Botany, University of Agriculture, Faisalabad-38040, Pakistan","Munir H., Department of Crop Physiology, University of Agriculture, Faisalabad-38040, Pakistan; Basra S.M.A., Department of Crop Physiology, University of Agriculture, Faisalabad-38040, Pakistan; Cheema M.A., Department of Agronomy, University of Agriculture, Faisalabad-38040, Pakistan; Wahid A., Department of Botany, University of Agriculture, Faisalabad-38040, Pakistan","Exotic quinoa genotypes were evaluated for seedling vigor, viability, heritability, and genotypic and phenotypic variations under lab. conditions. A total of 25 genotypes of quinoa underwent comparison. Distinct demarcation among these genotypes was observed for final germination percentage, mean germination time, time to 50% germination, germination index, root/shoot length and root:shoot ratio. Viable, vigorous genotypes and poorly performing genotypes were identified and grouped from the available exotic germplasm. This selection was made on the assumption that resistance to climatic adversities and better sustainability under poor storage conditions are issues of immense importance in postharvest handling of quinoa seed. For selection of vigorous quinoa genotypes, final germination percentage (more than 90%) and root (more than 3.5 cm) or shoot lengths (more than 4.0 cm) presented themselves as important associated traits, in addition to germination index (22 to 33) and seedling survival percentage (between 90-100%). However, final germination percentage and root length were demonstrated to be reliable and environment-proof traits for the crop. © 2012 Pakistan Journal of Agricultural Sciences, Faisalabad, Pakistan. All rights reserved.",Germination; Germplasm; Quinoa (Chenopodium quinoa Willd.); Seedling vigor,Chenopodium quinoa,"H. Munir; Department of Crop Physiology, University of Agriculture, Faisalabad-38040, Pakistan; email: hmbajwa@gmail.com",NA,NA,20760906,NA,NA,NA,English,Pak. J. Agric. Sci.,Article,Final,NA,Scopus,2-s2.0-84864044567
9,Christensen S.A.; Pratt D.B.; Pratt C.; Nelson P.T.; Stevens M.R.; Jellen E.N.; Coleman C.E.; Fairbanks D.J.; Bonifacio A.; Maughan P.J.,"Christensen, S.A. (59823887500); Pratt, D.B. (24463774200); Pratt, C. (57206326769); Nelson, P.T. (7402247276); Stevens, M.R. (7402243451); Jellen, E.N. (6701925700); Coleman, C.E. (56211273000); Fairbanks, D.J. (7005621879); Bonifacio, A. (7004508682); Maughan, P.J. (7003959730)",59823887500; 24463774200; 57206326769; 7402247276; 7402243451; 6701925700; 56211273000; 7005621879; 7004508682; 7003959730,Assessment of genetic diversity in the USDA and CIP-FAO international nursery collections of quinoa (Chenopodium quinoa Willd.) using microsatellite markers,2007,Plant Genetic Resources: Characterisation and Utilisation,5,2,NA,82,95,96,10.1017/S1479262107672293,https://www.scopus.com/pages/publications/34447128815?origin=resultslist,"Brigham Young University, Department of Plant and Animal Sciences, 275 WIDB, Provo, UT 84602, United States; Stephen F. Austin State University, Department of Biology, Nacogdoches, TX 75961, United States; Fundacion PROINPA, Cochabamba, Casilla Postal 4285, Bolivia","Christensen S.A., Brigham Young University, Department of Plant and Animal Sciences, 275 WIDB, Provo, UT 84602, United States; Pratt D.B., Stephen F. Austin State University, Department of Biology, Nacogdoches, TX 75961, United States; Pratt C., Brigham Young University, Department of Plant and Animal Sciences, 275 WIDB, Provo, UT 84602, United States; Nelson P.T., Brigham Young University, Department of Plant and Animal Sciences, 275 WIDB, Provo, UT 84602, United States; Stevens M.R., Brigham Young University, Department of Plant and Animal Sciences, 275 WIDB, Provo, UT 84602, United States; Jellen E.N., Brigham Young University, Department of Plant and Animal Sciences, 275 WIDB, Provo, UT 84602, United States; Coleman C.E., Brigham Young University, Department of Plant and Animal Sciences, 275 WIDB, Provo, UT 84602, United States; Fairbanks D.J., Brigham Young University, Department of Plant and Animal Sciences, 275 WIDB, Provo, UT 84602, United States; Bonifacio A., Fundacion PROINPA, Cochabamba, Casilla Postal 4285, Bolivia; Maughan P.J., Brigham Young University, Department of Plant and Animal Sciences, 275 WIDB, Provo, UT 84602, United States","Quinoa (Chenopodium quinoa Willd.) is a staple food crop for millions of impoverished rural inhabitants of Andean South America where it has been cultivated for millennia. Interest in quinoa, due largely to its superior nutritional characteristics, is fuelling a growing export market and has led to an increased focus on genetic research and the development of quinoa breeding programmes throughout South America. The success of these breeding programmes will rely heavily on the development of core germplasm collections and germplasm conservation. We report the development of a set of fluorescence-tagged microsatellite molecular markers that can be used to characterize genetic diversity within quinoa germplasm and we use this set of 36 microsatellites markers to genetically characterize the diversity of 121 accessions of C. quinoa held in the USDA germplasm bank, 22 accessions from the CIP-FAO international nursery collection and eight accessions representing parents from genetic mapping populations. A total of 420 alleles were detected among the quinoa accessions with an average of 11 alleles detected per microsatellite locus. Genetic heterogeneity was observed in 32% of the quinoa accessions at a given locus and suggests that many of these accessions represent heterogeneous seed lots or landraces. Both unweighted pair-group method with arithmetic averages (UPGMA) and principle components analysis (PCA) analyses partitioned the quinoa accessions into two main clusters. The first major cluster consisted of accessions from the Andean highlands of Peru, Bolivia, Ecuador, Argentina and extreme northeastern Chile. The other main cluster contained accessions from both the lowlands of Chile and a set of USDA accessions with no known passport data, collected by Emigdio Ballón. Using the patterns of genetic diversity detected within the C. quinoa accessions we discuss hypotheses regarding quinoa's centre of diversity, including highland and lowland ecotype clustering patterns, origin of lowland varieties, origin of domestication, and diversity levels in the USDA and CIP-FAO collections. © 2007 NIAB.",Chenopodium quinoa; Genetic diversity; Microsatellites; SSRs,Chenopodium quinoa,"P.J. Maughan; Brigham Young University, Department of Plant and Animal Sciences, 275 WIDB, Provo, UT 84602, United States; email: jeff_maughan@byu.edu",NA,NA,1479263X,NA,NA,NA,English,Plant Genet. Resour. Charact. Util.,Article,Final,NA,Scopus,2-s2.0-34447128815
9,Benlhabib O.; Boujartani N.; Maughan P.J.; Jacobsen S.E.; Jellen E.N.,"Benlhabib, Ouafae (6507502160); Boujartani, Noura (57190943608); Maughan, Peter J. (7003959730); Jacobsen, Sven E. (8607369400); Jellen, Eric N. (6701925700)",6507502160; 57190943608; 7003959730; 8607369400; 6701925700,Elevated genetic diversity in an F2:6 population of quinoa (chenopodium quinoa) developed through an inter-ecotype cross,2016,Frontiers in Plant Science,7,AUG2016,1201,NA,NA,28,10.3389/fpls.2016.01222,https://www.scopus.com/pages/publications/84984639997?origin=resultslist,"Departement de Production, Protection et Biotechnologies Vegetales, Agronomic and Veterinary Institute Hassan II, Rabat, Morocco; Department of Plant and Wildlife Sciences, Brigham Young University, Provo, UT, United States; Department of Plant and Environmental Sciences, Faculty of Life Sciences, University of Copenhagen, Copenhagen, Denmark","Benlhabib O., Departement de Production, Protection et Biotechnologies Vegetales, Agronomic and Veterinary Institute Hassan II, Rabat, Morocco; Boujartani N., Departement de Production, Protection et Biotechnologies Vegetales, Agronomic and Veterinary Institute Hassan II, Rabat, Morocco; Maughan P.J., Department of Plant and Wildlife Sciences, Brigham Young University, Provo, UT, United States; Jacobsen S.E., Department of Plant and Environmental Sciences, Faculty of Life Sciences, University of Copenhagen, Copenhagen, Denmark; Jellen E.N., Department of Plant and Wildlife Sciences, Brigham Young University, Provo, UT, United States","Quinoa (Chenopodium quinoa) is a seed crop of the Andean highlands and Araucanian coastal regions of South America that has recently expanded in use and production beyond its native range. This is largely due to its superb nutritional value, consisting of protein that is rich in essential amino acids along with vitamins and minerals. Quinoa also presents a remarkable degree of tolerance to saline conditions, drought, and frost. The present study involved 72 F2:6 recombinant-inbred lines and parents developed through hybridization between highland (0654) and coastal (NL-6) germplasm groups. The purpose was to characterize the quinoa germplasm developed, to assess the discriminating potential of 21 agro-morpho-phenological traits, and to evaluate the extent of genetic variability recovered through selfing. A vast amount of genetic variation was detected among the 72 lines evaluated for quantitative and qualitative traits. Impressive transgressive segregation was measured for seed yield (22.42 g/plant), while plant height and maturity had higher heritabilities (73 and 89%, respectively). Other notable characters segregating in the population included panicle and stem color, panicle form, and resistance to downy mildew. In the Principal Component analysis, the first axis explained 74% of the total variation and was correlated to plant height, panicle size, stem diameter, biomass, mildew reaction, maturation, and seed yield; those traits are relevant discriminatory characters. Yield correlated positively with panicle length and biomass. Unweighted Pair Group Method with Arithmetic Mean-based cluster analysis identified three groups: one consisting of late, mildew-resistant, high-yielding lines; one having semi-late lines with intermediate yield and mildew susceptibility; and a third cluster consisting of early to semi-late accessions with low yield and mildew susceptibility. This study highlighted the extended diversity regenerated among the 72 accessions and helped to identify potentially adapted quinoa genotypes for production in the Moroccan coastal environment. © 2016 Benlhabib, Boujartani, Maughan, Jacobsen and Jellen.",Breeding; Chenopodium; Downy mildew resistance; Genetic diversity; Peronospora variabilis; Quinoa,NA,"E.N. Jellen; Department of Plant and Wildlife Sciences, Brigham Young University, Provo, United States; email: jellen@byu.edu",NA,Frontiers Research Foundation,1664462X,NA,NA,NA,English,Front. Plant Sci.,Article,Final,All Open Access; Gold Open Access; Green Open Access,Scopus,2-s2.0-84984639997
9,Del Castillo C.; Winkel T.; Mahy G.; Bizoux J.-P.,"Del Castillo, Carmen (14824723500); Winkel, Thierry (36916561000); Mahy, Grégory (56033000500); Bizoux, Jean-Philippe (8702674700)",14824723500; 36916561000; 56033000500; 8702674700,Genetic structure of quinoa (Chenopodium quinoa Willd.) from the Bolivian altiplano as revealed by RAPD markers,2007,Genetic Resources and Crop Evolution,54,4,NA,897,905,42,10.1007/s10722-006-9151-z,https://www.scopus.com/pages/publications/34447339401?origin=resultslist,"Facultad de Agronomía, Universidad Mayor de San Andrés, La Paz, Bolivia; IRD, UR 060 Climat et Fonctionnement des Agroécosystèmes, La Paz, Bolivia; Faculté Universitaire des Sciences Agronomiques, Laboratoire d'Écologie, Gembloux, Belgium","Del Castillo C., Facultad de Agronomía, Universidad Mayor de San Andrés, La Paz, Bolivia; Winkel T., IRD, UR 060 Climat et Fonctionnement des Agroécosystèmes, La Paz, Bolivia; Mahy G., Faculté Universitaire des Sciences Agronomiques, Laboratoire d'Écologie, Gembloux, Belgium; Bizoux J.-P., Faculté Universitaire des Sciences Agronomiques, Laboratoire d'Écologie, Gembloux, Belgium","Quinoa (Chenopodium quinoa Willd.) is a pseudocereal originated from the Andes important for small farmers' food security as well as for commercial production. Recently, it has been claimed that in Bolivia genetic erosion could result from the marginalization of the crop in the north and from its commercial standardization in the south. The aim of this study was to quantify the hierarchical structure of the genetic variation present in eight quinoa field populations, consisting of cultivated and weedy individuals, representative of the altiplano and interandean valleys of Bolivia. Randomly amplified polymorphic DNA markers show that quinoa has a strong population structure and a high intra-population variation. An effect of geographical structure of the populations was highlighted, due to population isolation, not simply linked to distance but more probably to climatic and orographic barriers present in the studied zone. The population structure is also reinforced by the limited seed exchanges among farmers as revealed by field interviews. This population structure appears related to three major biogeographic zones: the northern and central altiplano, the interandean valley, and the southern Salar. Intrapopulation genetic diversity was higher than that expected for a mainly autogamous species, and higher than that reported in anterior studies based on germplasm collections. These results are commented in view of current knowledge on phylogeny and reproductive biology of the species, and their implications regarding genetic resources management are discussed. © 2006 Springer Science+Business Media, Inc.",Bolivia; Chenopodium quinoa; Genetic diversity; Genetic structure; RAPD,Bolivia; South America; Chenopodium quinoa; biogeography; cultivar; dicotyledon; genetic marker; genetic structure; genetic variation; germplasm; intrapopulation variation; molecular analysis; phylogeny; polymerase chain reaction; population structure; reproductive biology; weed,"T. Winkel; IRD, UR 060 Climat et Fonctionnement des Agroécosystèmes, La Paz, Bolivia; email: thierry.winkel@ird.fr",NA,NA,09259864,NA,GRCEE,NA,English,Genet. Resour. Crop. Evol.,Article,Final,All Open Access; Green Open Access,Scopus,2-s2.0-34447339401
9,Aydoǧdu M.; Koç A.,"Aydoǧdu, Mehmet (57200801423); Koç, Ali (57224742175)",57200801423; 57224742175,Screening quinoa (Chenopodium quinoa) germplasm for resistance to downy mildew (Peronospora variabilis) in Turkey,2021,Crop and Pasture Science,72,6,NA,416,425,4,10.1071/CP20508,https://www.scopus.com/pages/publications/85108199873?origin=resultslist,"Department of Plant Health, Bati Akdeniz Agricultural Research Institute, Antalya, 07100, Turkey; Department of Field Crops, Bati Akdeniz Agricultural Research Institute, Antalya, 07100, Turkey","Aydoǧdu M., Department of Plant Health, Bati Akdeniz Agricultural Research Institute, Antalya, 07100, Turkey; Koç A., Department of Field Crops, Bati Akdeniz Agricultural Research Institute, Antalya, 07100, Turkey","Downy mildew caused by Peronospora variabilis is a major fungal disease limiting yield of quinoa (Chenopodium quinoa) around the world. Existing quinoa cultivars do not have adequate levels of resistance to the disease. In the present study, 165 quinoa accessions were screened for resistance to the disease in two consecutive years. Disease ratings were performed by using a three-leaf scoring technique. In 2018, of 70 quinoa accessions, 47.14% were moderately resistant and 18.57% were highly resistant. However, in 2019, of 95 accessions, 44.21% showed moderately resistant reaction and 26.31% highly resistant reaction to the disease. The average of AUDPC (area under disease progress curve) of all the accessions was 1293.42 in 2018, and 931.68 in 2019. The disease caused significant (P < 0.01) cumulative defoliations in susceptible accessions. AUDPC was positively correlated (r = 0.796 in 2018, r = 0.896 in 2019) with defoliation rate and negatively correlated (r =-0.834 in 2018, r =-0.599 in 2019) with plant height. There were also negative correlations (r =-0.755 in 2018, r =-0.580 in 2019) between defoliation rate and plant height. The study not only revealed resistant germplasm but also showed the importance of screening downy mildew resistance by comparing disease-related agronomic characteristics.  © 2021 CSIRO.",agronomic characteristics; Peronospora variabilis; quinoa; resistance,Turkey; Chenopodium quinoa; Meleagris gallopavo; Peronospora variabilis; Peronosporaceae; disease resistance; fungal disease; fungus; germplasm,"M. Aydoǧdu; Department of Plant Health, Bati Akdeniz Agricultural Research Institute, Antalya, 07100, Turkey; email: mehmet9498@yahoo.com",NA,CSIRO,18360947,NA,NA,NA,English,Crop Pasture Sci.,Article,Final,NA,Scopus,2-s2.0-85108199873
9,Costa Tártara S.M.; Manifesto M.M.; Bramardi S.J.; Bertero H.D.,"Costa Tártara, S.M. (36464769400); Manifesto, M.M. (6504673609); Bramardi, S.J. (8656302200); Bertero, H.D. (6603139565)",36464769400; 6504673609; 8656302200; 6603139565,"Genetic structure in cultivated quinoa (Chenopodium quinoa Willd.), a reflection of landscape structure in Northwest Argentina",2012,Conservation Genetics,13,4,NA,1027,1038,35,10.1007/s10592-012-0350-1,https://www.scopus.com/pages/publications/84864312117?origin=resultslist,"Instituto de Recursos Biológicos CIRN-INTA, N Repetto y Los Reseros s/n, 1686 Hurlingham, Buenos Aires, Argentina; Consejo Nacional de Investigaciones Científicas y Técnicas, 1033 Buenos Aires, Av. Rivadavia 1917, Argentina; Facultad de Ciencias Agrarias, Universidad Nacional del Comahue, 8303 Cinco Saltos, Río Negro, Ruta 151, Km 12, Argentina; Facultad de Ciencias Agrarias y Forestales, Universidad Nacional de La Plata, 1900 Buenos Aires, Av. 60 s/n La Plata, Argentina; Cátedra de Producción Vegetal, Facultad de Agronomía, Universidad de Buenos Aires, 1417 Buenos Aires, Av. San Martín 4453, Argentina","Costa Tártara S.M., Instituto de Recursos Biológicos CIRN-INTA, N Repetto y Los Reseros s/n, 1686 Hurlingham, Buenos Aires, Argentina, Consejo Nacional de Investigaciones Científicas y Técnicas, 1033 Buenos Aires, Av. Rivadavia 1917, Argentina; Manifesto M.M., Instituto de Recursos Biológicos CIRN-INTA, N Repetto y Los Reseros s/n, 1686 Hurlingham, Buenos Aires, Argentina; Bramardi S.J., Facultad de Ciencias Agrarias, Universidad Nacional del Comahue, 8303 Cinco Saltos, Río Negro, Ruta 151, Km 12, Argentina, Facultad de Ciencias Agrarias y Forestales, Universidad Nacional de La Plata, 1900 Buenos Aires, Av. 60 s/n La Plata, Argentina; Bertero H.D., Consejo Nacional de Investigaciones Científicas y Técnicas, 1033 Buenos Aires, Av. Rivadavia 1917, Argentina, Cátedra de Producción Vegetal, Facultad de Agronomía, Universidad de Buenos Aires, 1417 Buenos Aires, Av. San Martín 4453, Argentina","Quinoa (Chenopodium quinoa Willd.), one of the main crops domesticated in the Andean highlands 1,000 of years ago, played an important role as a protein source. 35 germplasm accessions collected along the Northwest Argentina (NWA) region were studied using 22 microsatellite (SSR) markers. Results showed a great level of genetic diversity, differing from previous reports about the geographical distribution of quinoa variability. All SSR loci analysed were highly polymorphic detecting a total of 354 alleles among all populations, with an average of 16 alleles per locus. Cluster analyses grouped the accessions into four main clusters at the average genetic distance level (0.80), each of which represented a different environment of the NWA region: Puna (UHe = 0.42, ±0.07 SE), Dry Valleys (UHe = 0.27, ±0.05 SE), Eastern Humid Valleys (UHe = 0.16, ±0.04 SE) and a transition area with high altitudes between the last two environments (UHe = 0.25, ±0.03 SE). An eastward decreasing genetic diversity gradient was found. AMOVA analyses showed a strong genetic structure: a high population subdivision relative to the grouping by region (Fsr = 0.47) together with a high genetic differentiation among populations (Fst = 0.58) and a heterozygous defect (Fis = 0.63) in each of them. The variability structure, a reflection of the structure of the NWA landscapes, is discussed in connection with environmental variables. © 2012 Springer Science+Business Media B.V.",Cluster analysis; Genetic diversity; Germplasm; Microsatellites; Northwest Argentina; Quinoa,Andes; Argentina; Chenopodium quinoa; allele; cluster analysis; cultivation; dicotyledon; genetic marker; genetic structure; geographical distribution; germplasm; landscape structure; protein; upland region,"S. M. Costa Tártara; Instituto de Recursos Biológicos CIRN-INTA, N Repetto y Los Reseros s/n, 1686 Hurlingham, Buenos Aires, Argentina; email: scosta@cnia.inta.gov.ar",NA,NA,15729737,NA,CGOEA,NA,English,Conserv. Genet.,Article,Final,All Open Access; Green Open Access,Scopus,2-s2.0-84864312117
9,del Pozo A.; Ruf K.; Alfaro C.; Zurita A.; Guerra F.; Sagredo B.,"del Pozo, Alejandro (7005152626); Ruf, Kurt (57210735232); Alfaro, Christian (38460889400); Zurita, Andrés (58399005100); Guerra, Fernando (23488787500); Sagredo, Boris (6507867661)",7005152626; 57210735232; 38460889400; 58399005100; 23488787500; 6507867661,Traits associated with higher productivity and resilience to drought-prone Mediterranean environments of coastal-lowland quinoa (Chenopodium quinoa Willd.),2023,Field Crops Research,299,NA,108985,NA,NA,12,10.1016/j.fcr.2023.108985,https://www.scopus.com/pages/publications/85163327463?origin=resultslist,"Centro de Mejoramiento Genético y Fenómica Vegetal, Facultad de Ciencias Agrarias, Universidad de Talca, Talca, Chile; Centro Regional Investigación Rayentué, Instituto de Investigaciones Agropecuarias, Rengo, Chile; Centro Regional Investigación Intihuasi, Instituto de Investigaciones Agropecuarias, La Serena, Chile; Instituto de Ciencias Biológicas, Universidad de Talca, Campus Lircay, Talca, Chile","del Pozo A., Centro de Mejoramiento Genético y Fenómica Vegetal, Facultad de Ciencias Agrarias, Universidad de Talca, Talca, Chile; Ruf K., Centro de Mejoramiento Genético y Fenómica Vegetal, Facultad de Ciencias Agrarias, Universidad de Talca, Talca, Chile; Alfaro C., Centro Regional Investigación Rayentué, Instituto de Investigaciones Agropecuarias, Rengo, Chile; Zurita A., Centro Regional Investigación Intihuasi, Instituto de Investigaciones Agropecuarias, La Serena, Chile; Guerra F., Instituto de Ciencias Biológicas, Universidad de Talca, Campus Lircay, Talca, Chile; Sagredo B., Centro Regional Investigación Intihuasi, Instituto de Investigaciones Agropecuarias, La Serena, Chile","Quinoa (Chenopodium quinoa Willd.) is an Andean crop that has been cultivated for over 7000 years in Andean South America. Among the five quinoa ecotypes identified, the coastal-lowland ecotype is distributed in central-southern Chile. Little is known about the phenotypic variability of this germplasm and its productive potential. In this work, we evaluated a panel of 99 self-pollinating genotypes of quinoa under rainfed and irrigated conditions in the Mediterranean area of central Chile. The aim was i) to evaluate the phenotypic variability of agronomic and leaf photosynthetic traits; ii) to assess trait responses to environmental conditions (rainfed and irrigated) and their heritability; and iii) to identify traits and genotypes associated with high yield potential and resilience in drought-prone environments. The selected genotypes were evaluated under rainfed (Hidango; 34° 06' S, 71°47' W) and irrigated (Santa Rosa; 36°31' S, 71°54' W) conditions, in two growing seasons (2016/17 and 2017/18). In the most favorable environment (Santa Rosa 2016), the shoot dry weight (shoot DW) and grain yield (GY) of the different genotypes, ranged from 655 and 2787 g m-2 (average 1440 g m-2) and from 45 and 452 g m-2 (average 244 g m-2), respectively. Under rainfed conditions (at Hidango), the shoot DW and GY were reduced by 75 % and 74 %, respectively, compared to Santa Rosa 2016, but still, some genotypes produced more than 100 g m-2, with < 70 mm of precipitation, evidencing a high drought tolerance. The harvest index (HI) and grain weight (TKW) were less affected by drought; compared to Santa Rosa 2016, the reduction was 8–18 % and 25–29 %, respectively, in 2016/17 and 2017/18. Days from sowing to flowering (DSF) and from flowering to maturity (DFM) varied among genotypes and were negatively correlated with GY and HI. Under rainfed conditions, the fluorescence parameters F0 and Fm were reduced by 30 % during flowering and by 50 % during grain-filling, compared to irrigated conditions. The HI and TKW showed the highest heritability (0.69) and were highly correlated with GY in all environments. This study showed that traits associated with higher productivity and resilience of quinoa genotypes in rainfed Mediterranean environments were early maturating and with high HI, and TKW. Finally, a set of genotypes presenting a high stress tolerance index (STI), and therefore higher tolerance to drought conditions, were identified and are candidates for further research focused on the selection of parentals for more advanced breeding stages. © 2023 Elsevier B.V.",Chlorophyll content; Chlorophyll fluorescence; Drought stress; Grain yield; Harvest index; Heritability,Cameroon; Chile; Guatemala [Central America]; North West Region; Santa; Santa Rosa; South America; climate conditions; crop yield; dicotyledon; drought; ecotype; factor productivity; flowering; germplasm; resilience; sowing date,"A. del Pozo; Centro de Mejoramiento Genético y Fenómica Vegetal, Facultad de Ciencias Agrarias, Universidad de Talca, Talca, Chile; email: adelpozo@utalca.cl",NA,Elsevier B.V.,03784290,NA,FCRED,NA,English,Field Crops Res.,Article,Final,NA,Scopus,2-s2.0-85163327463
9,Barut M.; Nadeem M.A.; Karaköy T.; Baloch F.S.,"Barut, Muzaffer (57217031979); Nadeem, Muhammad Azhar (57202671363); Karaköy, Tolga (24481286100); Baloch, Faheem Shehzad (25824197600)",57217031979; 57202671363; 24481286100; 25824197600,DNA fingerprinting and genetic diversity analysis of world quinoa germplasm using IPBS-retrotransposon marker system,2020,Turkish Journal of Agriculture and Forestry,44,5,NA,479,491,43,10.3906/tar-2001-10,https://www.scopus.com/pages/publications/85085903473?origin=resultslist,"Department of Field Crops, Faculty of Agricultural and Natural Science, Bolu Abant İzzet Baysal University, Bolu, Turkey; Faculty of Agricultural Sciences and Technologies, Sivas University of Science and Technology, Sivas, Turkey; Department of Field Crops, Faculty of Agriculture, University of Çukurova, Adana, Turkey","Barut M., Department of Field Crops, Faculty of Agricultural and Natural Science, Bolu Abant İzzet Baysal University, Bolu, Turkey, Department of Field Crops, Faculty of Agriculture, University of Çukurova, Adana, Turkey; Nadeem M.A., Faculty of Agricultural Sciences and Technologies, Sivas University of Science and Technology, Sivas, Turkey; Karaköy T., Faculty of Agricultural Sciences and Technologies, Sivas University of Science and Technology, Sivas, Turkey; Baloch F.S., Department of Field Crops, Faculty of Agricultural and Natural Science, Bolu Abant İzzet Baysal University, Bolu, Turkey","Quinoa is an important staple food crop for millions of impoverished rural inhabitants of the Andean region. Quinoa is considered a good source of protein,vitamins, minerals, and antioxidants. This study aimed to investigate the genetic diversity and population structure of world quinoa germplasm originating from 8 countries through the iPBS-retrotransposon marker system. Molecular characterization was performed using the 11 most polymorphic primers. A total of 235 bands were recorded, of which 66.8% were polymorphic. Mean polymorphism information content (PIC) was 0.410. Various diversity indices including mean effective number of alleles (1.269), mean Shannon’s information index (0.160) and gene diversity (0.247) revealed the existence of sufficient amount of genetic diversity in studied germplasm. Bolivia–17 and Mexico–1 were found to be genetically distinct accessions and can be suggested as candidate parents for future breeding activities. Various diversity indices were also calculated among germplasm collection counries and the results clearly showed the existence of higher genetic diversity in Bolivian and Peruvian accessions. The model-based structure, neighbor-joining, and principal coordinate analysis (PCoA) grouped quinoa germplasm according to their collection country. Analysis of molecular variance (AMOVA) revealed that most of the variations (69%) in world quinoa germplasm are due to differences within populations. Findings of this study can be used for deeper understanding of the genetic relationship and in the determination of appropriate breeding and conservation strategies for quinoa. © TÜBİTAK.",Chenopodium quinoa; Germplasm characterization; Grain crop; Polymorphism; Population structure,Andes; Chenopodium quinoa; Crops; Forestry; Genes; Polymorphism; Analysis of molecular variances; Conservation strategies; Genetic relationships; Germplasm collections; Information contents; Molecular characterization; Population structures; Principal coordinate analysis; angiosperm; cereal; DNA; genetic variation; germplasm; molecular analysis; polymorphism; population structure; Biodiversity,"F.S. Baloch; Department of Field Crops, Faculty of Agricultural and Natural Science, Bolu Abant İzzet Baysal University, Bolu, Turkey; email: balochfaheem13@gmail.com",NA,Turkiye Klinikleri,1300011X,NA,NA,NA,English,Turk. J. Agric. For.,Article,Final,NA,Scopus,2-s2.0-85085903473
9,Delgado H.; Tapia C.; Manjarres-Hernández E.H.; Borja E.; Naranjo E.; Martín J.P.,"Delgado, Hipatia (58074739500); Tapia, César (54885967700); Manjarres-Hernández, Elsa Helena (57217164726); Borja, Edwin (58166436900); Naranjo, Edwin (58165590100); Martín, Juan Pedro (37461804300)",58074739500; 54885967700; 57217164726; 58166436900; 58165590100; 37461804300,Phenotypic Diversity of Quinoa Landraces Cultivated in the Ecuadorian Andean Region: In Situ Conservation and Detection of Promising Accessions for Breeding Programs,2024,Agriculture (Switzerland),14,3,336,NA,NA,7,10.3390/agriculture14030336,https://www.scopus.com/pages/publications/85188829371?origin=resultslist,"Departamento de Biotecnología-Biología Vegetal, Escuela Técnica Superior de Ingeniería Agronómica, Alimentaria y de Biosistemas, Universidad Politécnica de Madrid, Avda, Puerta de Hierro 2-4, Madrid, 28040, Spain; Instituto Nacional de Investigaciones Agropecuarias, Santa Catalina, Panamericana Sur Km, 1 vía Tambillo, Quito, 170201, Ecuador; Facultad de Ciencias, Universidad Pedagógica y Tecnológica de Colombia, Tunja, 150003, Colombia; Facultad de Ciencias Biológicas, Universidad de Valencia, C/, Doctor Moliner 50, Burjassot, Valencia, 46100, Spain","Delgado H., Departamento de Biotecnología-Biología Vegetal, Escuela Técnica Superior de Ingeniería Agronómica, Alimentaria y de Biosistemas, Universidad Politécnica de Madrid, Avda, Puerta de Hierro 2-4, Madrid, 28040, Spain; Tapia C., Instituto Nacional de Investigaciones Agropecuarias, Santa Catalina, Panamericana Sur Km, 1 vía Tambillo, Quito, 170201, Ecuador; Manjarres-Hernández E.H., Facultad de Ciencias, Universidad Pedagógica y Tecnológica de Colombia, Tunja, 150003, Colombia; Borja E., Facultad de Ciencias Biológicas, Universidad de Valencia, C/, Doctor Moliner 50, Burjassot, Valencia, 46100, Spain; Naranjo E., Instituto Nacional de Investigaciones Agropecuarias, Santa Catalina, Panamericana Sur Km, 1 vía Tambillo, Quito, 170201, Ecuador; Martín J.P., Departamento de Biotecnología-Biología Vegetal, Escuela Técnica Superior de Ingeniería Agronómica, Alimentaria y de Biosistemas, Universidad Politécnica de Madrid, Avda, Puerta de Hierro 2-4, Madrid, 28040, Spain","Quinoa (Chenopodium quinoa Willd.) is an ancestral crop in the Ecuadorian Andean region, and its landraces have always been of great social and food importance for the native population. Currently, there is no updated information about their phenotypic diversity and conservation status nor about the changes that have occurred in the last decades. A total of 268 accessions of quinoa landraces collected at two different times (1978–1988 and 2014–2015) in three representative Ecuadorian Andean provinces (Imbabura, Cotopaxi and Chimborazo) were evaluated for forty agro-morphological (17 quantitative and 23 qualitative) traits. Most of the quantitative traits showed high variability, some of them with great importance for commercialization and germplasm selection for breeding programs (e.g., panicle width, grain width, 1000-grain weight or seed yield per plant). Ten quantitative and eleven qualitative descriptors were significantly different between both collections. Regarding the presence/absence of saponin, all the accessions collected four decades ago had saponin, while it was found in only 18% of accessions collected more recently. The phenotypic relationships in the dendrogram did not show clustered accessions by their geographical origin or by collection. A selection index allowed us to detect a few accessions recently collected in Chimborazo with high promises for future breeding programs, with high seed yields per plant values and a reduced or no saponin content. The agro-morphological information obtained may be very useful for the suitable management and conservation of this ancestral plant genetic resource, both on the farm by indigenous farming communities and ex situ by the Germplasm Bank of the Ecuadorian National Institute for Agricultural Research (INIAP). © 2024 by the authors.",agro-morphological descriptors; native quinoas; on-farm conservation; promising germplasm; selection index,NA,"J.P. Martín; Departamento de Biotecnología-Biología Vegetal, Escuela Técnica Superior de Ingeniería Agronómica, Alimentaria y de Biosistemas, Universidad Politécnica de Madrid, Madrid, Avda, Puerta de Hierro 2-4, 28040, Spain; email: juanpedro.martin@upm.es",NA,Multidisciplinary Digital Publishing Institute (MDPI),20770472,NA,NA,NA,English,Agric.,Article,Final,All Open Access; Gold Open Access; Green Open Access,Scopus,2-s2.0-85188829371
9,Pandya A.; Thiele B.; Köppchen S.; Zurita-Silva A.; Usadel B.; Fiorani F.,"Pandya, Archis (57289311300); Thiele, Björn (7102797671); Köppchen, Stephan (26039215500); Zurita-Silva, Andres (6506264328); Usadel, Björn (6506402404); Fiorani, Fabio (6603934400)",57289311300; 7102797671; 26039215500; 6506264328; 6506402404; 6603934400,Characterization of Bioactive Phenolic Compounds in Seeds of Chilean Quinoa (Chenopodium quinoa Willd.) Germplasm,2023,Agronomy,13,8,2170,NA,NA,13,10.3390/agronomy13082170,https://www.scopus.com/pages/publications/85168654316?origin=resultslist,"Institute of Bio- and Geoscience, IBG-2: Plant Sciences, Forschungszentrum Jülich GmbH, Jülich, 52428, Germany; Institute of Bio- and Geoscience, IBG-3: Agrosphere Forschungszentrum Jülich GmbH, Jülich, 52428, Germany; Instituto de Investigaciones Agropecuarias (INIA), La Serena, 1700000, Chile; Institute of Bio- and Geoscience, IBG-4: Bioinformatics, Forschungszentrum Jülich GmbH, Jülich, 52428, Germany","Pandya A., Institute of Bio- and Geoscience, IBG-2: Plant Sciences, Forschungszentrum Jülich GmbH, Jülich, 52428, Germany; Thiele B., Institute of Bio- and Geoscience, IBG-2: Plant Sciences, Forschungszentrum Jülich GmbH, Jülich, 52428, Germany, Institute of Bio- and Geoscience, IBG-3: Agrosphere Forschungszentrum Jülich GmbH, Jülich, 52428, Germany; Köppchen S., Institute of Bio- and Geoscience, IBG-3: Agrosphere Forschungszentrum Jülich GmbH, Jülich, 52428, Germany; Zurita-Silva A., Instituto de Investigaciones Agropecuarias (INIA), La Serena, 1700000, Chile; Usadel B., Institute of Bio- and Geoscience, IBG-4: Bioinformatics, Forschungszentrum Jülich GmbH, Jülich, 52428, Germany; Fiorani F., Institute of Bio- and Geoscience, IBG-2: Plant Sciences, Forschungszentrum Jülich GmbH, Jülich, 52428, Germany","In recent years, quinoa (Chenopodium quinoa Willd.), an ancient Andean region crop, has received increased research attention because it is an excellent source of nutrients and also of bioactive phenolic compounds, which are potentially beneficial for human health. However, variation in the content and type of these metabolites in quinoa genetic resources remains, to a large extent, unexplored. We evaluated the composition of free and bound phenolic forms in the seeds of 111 Chilean quinoa accessions by using LC-DAD-MS/MS. The relative phenolic content ranged from 35.51 mg/100 g to 93.23 mg/100 g of seed dry weight. The free phenolic fraction accounted for 72% of the total phenolic content, while the bound fraction represented the remaining 28% of the total phenolic content. Our study also revealed a significant degree of variation in terms of individual phenolic compounds such as rutin, vanillic acid, quercetin, and their derivatives, which can have important implications for quinoa’s nutritional and functional properties. We conclude that our data reveal a significant phenotypic variation of bioactive phenolic content in the examined germplasm, which could be exploited in current and future genetic improvement programs in quinoa. © 2023 by the authors.",free and bound phenolic compounds; HPLC-DAD-MS/MS; quinoa,NA,"F. Fiorani; Institute of Bio- and Geoscience, IBG-2: Plant Sciences, Forschungszentrum Jülich GmbH, Jülich, 52428, Germany; email: f.fiorani@fz-juelich.de",NA,Multidisciplinary Digital Publishing Institute (MDPI),20734395,NA,NA,NA,English,Agronomy,Article,Final,All Open Access; Gold Open Access; Green Open Access,Scopus,2-s2.0-85168654316
9,Pandya A.; Thiele B.; Zurita-Silva A.; Usadel B.; Fiorani F.,"Pandya, Archis (57289311300); Thiele, Björn (7102797671); Zurita-Silva, Andres (6506264328); Usadel, Björn (6506402404); Fiorani, Fabio (6603934400)",57289311300; 7102797671; 6506264328; 6506402404; 6603934400,Determination and metabolite profiling of mixtures of triterpenoid saponins from seeds of chilean quinoa (Chenopodium quinoa) germplasm,2021,Agronomy,11,9,1867,NA,NA,23,10.3390/agronomy11091867,https://www.scopus.com/pages/publications/85116669726?origin=resultslist,"Institute of Bio-and Geoscience, IBG-2 Plant Sciences, Forschungszentrum Jülich GmbH, Jülich, 52428, Germany; Institute of Bio-and Geoscience, IBG-3: Agrosphere Forschungszentrum Jülich GmbH, Jülich, 52428, Germany; Instituto de Investigaciones Agropecuarias (INIA), La Serena, 1700000, Chile; Institute of Bio-and Geoscience, IBG-4 Bioinformatics, Forschungszentrum Jülich GmbH, Jülich, 52428, Germany","Pandya A., Institute of Bio-and Geoscience, IBG-2 Plant Sciences, Forschungszentrum Jülich GmbH, Jülich, 52428, Germany; Thiele B., Institute of Bio-and Geoscience, IBG-2 Plant Sciences, Forschungszentrum Jülich GmbH, Jülich, 52428, Germany, Institute of Bio-and Geoscience, IBG-3: Agrosphere Forschungszentrum Jülich GmbH, Jülich, 52428, Germany; Zurita-Silva A., Instituto de Investigaciones Agropecuarias (INIA), La Serena, 1700000, Chile; Usadel B., Institute of Bio-and Geoscience, IBG-4 Bioinformatics, Forschungszentrum Jülich GmbH, Jülich, 52428, Germany; Fiorani F., Institute of Bio-and Geoscience, IBG-2 Plant Sciences, Forschungszentrum Jülich GmbH, Jülich, 52428, Germany","The seed pericarp of Chenopodium quinoa Willd. (quinoa) contains a mixture of triterpenoid saponins conferring undesired organoleptic properties. In this study, we evaluated saponin content and their corresponding sapogenins in 114 different quinoa accessions. Relative saponin content ranged from 0.22 to 15.04 mg/g of seed dry weight among the genotypes studied and the genotype effect was significant (p < 0.001). About 75% of the genotypes could be classified as low-saponin content lines which is promising in view of ongoing plant breeding efforts. In addition to the quantitative determination of saponins, metabolic profiling was performed by LC-FTICR-MS and LC-MS/MS. We obtained highly accurate mass estimation from ion spectra allowing the identification of twelve saponins of the oleanane type. These differ in their aglycons and in the number and type of glycoside units. Interestingly, we identified a saponin compound that, to our knowledge, had not been reported previously. Our study highlights that there is considerable variability concerning saponin content in quinoa, which contributes to the valorization of genetic resources towards the identification of genotypes that could be utilized in current and future quinoa breeding programs. © 2021 by the authors. Licensee MDPI, Basel, Switzerland.",GC-MS; LC-FTICR-MS; LC-MS/MS; Quinoa; Sapogenins; Total saponins,NA,"A. Pandya; Institute of Bio-and Geoscience, IBG-2 Plant Sciences, Forschungszentrum Jülich GmbH, Jülich, 52428, Germany; email: a.pandya@fz-juelich.de",NA,MDPI,20734395,NA,NA,NA,English,Agronomy,Article,Final,All Open Access; Gold Open Access; Green Open Access,Scopus,2-s2.0-85116669726
9,Jarvis D.E.; Kopp O.R.; Jellen E.N.; Mallory M.A.; Pattee J.; Bonifacio A.; Coleman C.E.; Stevens M.R.; Fairbanks D.J.; Maughan P.J.,"Jarvis, D.E. (7102858018); Kopp, O.R. (15757549800); Jellen, E.N. (6701925700); Mallory, M.A. (57198352655); Pattee, J. (24328499300); Bonifacio, A. (7004508682); Coleman, C.E. (56211273000); Stevens, M.R. (7402243451); Fairbanks, D.J. (7005621879); Maughan, P.J. (7003959730)",7102858018; 15757549800; 6701925700; 57198352655; 24328499300; 7004508682; 56211273000; 7402243451; 7005621879; 7003959730,Simple sequence repeat marker development and genetic mapping in quinoa (Chenopodium quinoa Willd.),2008,Journal of Genetics,87,1,NA,39,51,62,10.1007/s12041-008-0006-6,https://www.scopus.com/pages/publications/44149103688?origin=resultslist,"Brigham Young University, Department of Plant and Animal Sciences, Provo, UT 84602, United States; Utah Valley State University, Biology Department, Orem, UT 84058, United States; Fundacion PROINPA, Cochabamba, Casilla Postal 4285, Bolivia","Jarvis D.E., Brigham Young University, Department of Plant and Animal Sciences, Provo, UT 84602, United States; Kopp O.R., Utah Valley State University, Biology Department, Orem, UT 84058, United States; Jellen E.N., Brigham Young University, Department of Plant and Animal Sciences, Provo, UT 84602, United States; Mallory M.A., Brigham Young University, Department of Plant and Animal Sciences, Provo, UT 84602, United States; Pattee J., Utah Valley State University, Biology Department, Orem, UT 84058, United States; Bonifacio A., Fundacion PROINPA, Cochabamba, Casilla Postal 4285, Bolivia; Coleman C.E., Brigham Young University, Department of Plant and Animal Sciences, Provo, UT 84602, United States; Stevens M.R., Brigham Young University, Department of Plant and Animal Sciences, Provo, UT 84602, United States; Fairbanks D.J., Brigham Young University, Department of Plant and Animal Sciences, Provo, UT 84602, United States; Maughan P.J., Brigham Young University, Department of Plant and Animal Sciences, Provo, UT 84602, United States","Quinoa is a regionally important grain crop in the Andean region of South America. Recently quinoa has gained international attention for its high nutritional value and tolerances of extreme abiotic stresses. DNA markers and linkage maps are important tools for germplasm conservation and crop improvement programmes. Here we report the development of 216 new polymorphic SSR (simple sequence repeats) markers from libraries enriched for GA, CAA and AAT repeats, as well as 6 SSR markers developed from bacterial artificial chromosome-end sequences (BES-SSRs). Heterozygosity (H) values of the SSR markers ranges from 0.12 to 0.90, with an average value of 0.57. A linkage map was constructed for a newly developed recombinant inbred lines (RIL) population using these SSR markers. Additional markers, including amplified fragment length polymorphisms (AFLPs), two 11S seed storage protein loci, and the nucleolar organizing region (NOR), were also placed on the linkage map. The linkage map presented here is the first SSR-based map in quinoa and contains 275 markers, including 200 SSR. The map consists of 38 linkage groups (LGs) covering 913 cM. Segregation distortion was observed in the mapping population for several marker loci, indicating possible chromosomal regions associated with selection or gametophytic lethality. As this map is based primarily on simple and easily-transferable SSR markers, it will be particularly valuable for research in laboratories in Andean regions of South America. © Indian Academy of Sciences.",11S; Genetic map; Heterozygosity; Microsatellites; NOR,"Amplified Fragment Length Polymorphism Analysis; Base Sequence; Chenopodium quinoa; Chromosome Mapping; DNA Primers; DNA, Plant; Genetic Markers; Minisatellite Repeats; Bacteria (microorganisms); Chenopodium quinoa; plant DNA; primer DNA; amplified fragment length polymorphism; article; Chenopodium quinoa; chromosome map; genetic marker; genetics; nucleotide sequence; variable number of tandem repeat","P. J. Maughan; Brigham Young University, Department of Plant and Animal Sciences, Provo, UT 84602, United States; email: Jeff_Maughan@byu.edu",NA,NA,00221333,NA,JOGNA,18560173,English,J. Genet.,Article,Final,NA,Scopus,2-s2.0-44149103688
9,Risi J.C.; Galwey N.W.,"Risi, J.C. (16442525000); Galwey, N.W. (59025706900)",16442525000; 59025706900,The pattern of genetic diversity in the Andean grain crop quinoa (Chenopodium quinoa Willd). I. Associations between characteristics,1989,Euphytica,41,1-2,NA,147,162,47,10.1007/BF00022424,https://www.scopus.com/pages/publications/0001266936?origin=resultslist,"Department of Applied Biology, University of Cambridge, CB2 3DX, United Kingdom","Risi J.C., Department of Applied Biology, University of Cambridge, CB2 3DX, United Kingdom; Galwey N.W., Department of Applied Biology, University of Cambridge, CB2 3DX, United Kingdom","A germplasm collection comprising 294 accessions of quinoa was evaluated at Cambridge, England, to assess its potential as a break crop for arable agriculture at temperate latitudes. The origins of the accessions ranged from 40°S to 2°N and from sea level to an altitude of 3800 m, and 19 discrete and continuous characteristics describing the plants' pigmentation and morphology and the duration of developmental phases were noted or measured. There was significant variation among accessions for all the continuous characteristics, and the plant and inflorescence dimensions were all fairly strongly correlated, but the associations between the durations of developmental phases were surprisingly weak, suggesting that there is great scope for manipulation of the pattern of development through breeding. Contingency tables revealed associations between pairs of discrete characteristics. The means and variances of many continuous characteristics differed according to the discrete characteristics: for example accessions with branched plants took longer to germinate and were more variable in this respect than those with unbranched plants. Sometimes one form of a discrete characteristic was associated with a homogeneous group of accessions but the alternative form was not: such a relationship would be easily lost in a multivariate analysis. On the basis of there relationships, and using knowledge of the accessions' origins, they were classified into seven groups. It is concluded that the plant characteristics required for temperate agriculture are present to a large extent in the accessions from near sea level in southern-central Chile, but that the seed characteristics are scattered throughout the germplasm. © 1989 Kluwer Academic Publishers.",Andean crops; Chenopodium quinoa; genetic diversity; germplasm evaluation; linear models; quinoa,NA,NA,NA,Kluwer Academic Publishers,15735060,NA,EUPHA,NA,English,Euphytica,Article,Final,NA,Scopus,2-s2.0-0001266936
9,García-Andrade J.M.; Cruz-Torres E.D.L.; Rubí-Arriaga M.; Laguna-Cerda A.; Sangerman-Jarquín D.Ma.,"García-Andrade, Juan Manuel (56694986200); Cruz-Torres, Eulogio De la (60015529400); Rubí-Arriaga, Martin (55989710200); Laguna-Cerda, Antonio (56013593900); Sangerman-Jarquín, Dora Ma. (57201720216)",56694986200; 60015529400; 55989710200; 56013593900; 57201720216,Molecular characterization of wild and cultivated Chenopodium berlandieri (Chenopodiaceae) from central Mexico; [Caracterización molecular de Chenopodium berlandieri (Chenopodiaceae) silvestres y cultivados del centro de México],2025,Revista Mexicana de Ciencias Agricolas,16,6,e3805,NA,NA,0,10.29312/remexca.v16i6.3805,https://www.scopus.com/pages/publications/105021329356?origin=resultslist,"Departamento de Biología, Instituto Nacional de Investigaciones Nucleares, Carretera México-Toluca s/n, La Marquesa, Ocoyoacac, CP. 52750, Mexico; Facultad de Ciencias Agrícolas-Campus El Cerrillo-Universidad Autónoma del Estado de México. El Cerrillo Piedras Blancas, Toluca, CP. 50200, Mexico; Campo Experimental Valle de México, INIFAP, Carretera Los Reyes-Texcoco km 13.5, Coatlinchán, Estado de México, Texcoco, Mexico","García-Andrade J.M., Departamento de Biología, Instituto Nacional de Investigaciones Nucleares, Carretera México-Toluca s/n, La Marquesa, Ocoyoacac, CP. 52750, Mexico; Cruz-Torres E.D.L., Departamento de Biología, Instituto Nacional de Investigaciones Nucleares, Carretera México-Toluca s/n, La Marquesa, Ocoyoacac, CP. 52750, Mexico; Rubí-Arriaga M., Facultad de Ciencias Agrícolas-Campus El Cerrillo-Universidad Autónoma del Estado de México. El Cerrillo Piedras Blancas, Toluca, CP. 50200, Mexico; Laguna-Cerda A., Facultad de Ciencias Agrícolas-Campus El Cerrillo-Universidad Autónoma del Estado de México. El Cerrillo Piedras Blancas, Toluca, CP. 50200, Mexico; Sangerman-Jarquín D.Ma., Campo Experimental Valle de México, INIFAP, Carretera Los Reyes-Texcoco km 13.5, Coatlinchán, Estado de México, Texcoco, Mexico","The genus Chenopodium contains two species of importance in the diet of Mesoamerica and South America, namely Chenopodium quinoa Willd. (Quinoa) and Chenopodium berlandieri subsp. nuttalliae, the genetic resources of which have not been characterized despite their great nutritional potential and adaptability. In order to molecularly characterize germplasm of red chia, huauzontle (Chenopodium berlandieri subsp. nuttalliae) and quinoa (Chenopodium quinoa Willd.), we molecularly studied 48 genotypes from the Germplasm Banks of the National Institute of Nuclear Research and the Plant Genetic Resources Laboratory of Brigham Young University. To determine the genetic variability, 14 microsatellite markers (SSRs), specific for Chenopodium, were used. Genetic affinity was assessed using the Jaccard similarity coefficient and the analysis of results was performed using the UPGMA method. The results indicate that, within the studied genotypes of both species, 175 alleles were produced, ranging from 8 (KGA16, QCA88) to 16 (QCA37, QAAT74, QCA57), these being the ones that obtained the most alleles per locus. The dendrogram showed that, at a coefficient of 0.9, four main groups were formed, where groups 1 and 2 join advanced lines of quinoa and red chia, mutants of red chia and huauzontle, groups 3 and 4 joins chia and huauzontle, and group five includes all the germplasm of the Plant Genetic Resources Laboratory of BYU, mostly made up of subspecies of Chenopodium zsachei, boscianum and zinatum. It was concluded that there is a great genetic affinity between quinoa, huauzontle and red chia, which opens the possibility of inter-and intraspecific crosses for the genetic improvement of both species. © 2025, National Institute of Forestry, Agricultural and Livestock Research. All rights reserved.",Chenopodium berlandieri subsp. nuttalliae; Chenopodium quinua; molecular markers; SSR,NA,"E.D.L. Cruz-Torres; Departamento de Biología, Instituto Nacional de Investigaciones Nucleares, Ocoyoacac, Carretera México-Toluca s/n, La Marquesa, CP. 52750, Mexico; email: eulogio.delacruz@inin.gob.mx",NA,"National Institute of Forestry, Agricultural and Livestock Research",20070934,NA,NA,NA,English,Rev.  Mex. Cienc. Agricolas.,Article,Final,All Open Access; Gold Open Access; Green Open Access,Scopus,2-s2.0-105021329356
9,Patiranage D.S.R.; Rey E.; Emrani N.; Wellman G.; Schmid K.; Schmöckel S.M.; Tester M.; Jung C.,"Patiranage, Dilan S. R. (57220128950); Rey, Elodie (58414287000); Emrani, Nazgol (56741486900); Wellman, Gordon (59265249100); Schmid, Karl (55217129300); Schmöckel, Sandra M. (37075650500); Tester, Mark (7003273484); Jung, Christian (55497510900)",57220128950; 58414287000; 56741486900; 59265249100; 55217129300; 37075650500; 7003273484; 55497510900,Genome-wide association study in quinoa reveals selection pattern typical for crops with a short breeding history,2022,eLife,11,NA,e66873,NA,NA,43,10.7554/elife.66873,https://www.scopus.com/pages/publications/85134610042?origin=resultslist,"Plant Breeding Institute, Christian-Albrechts-University of Kiel, Am Botanischen Garten 1-9, Kiel, 24118, Germany; King Abdullah University of Science and Technology (KAUST), Biological and Environmental Sciences & Engineering Division (BESE), Thuwal, 23955-6900, Saudi Arabia; Institute of Plant Breeding, Seed Science and Population Genetics, University of Hohenheim, Fruwirthstr. 21, Stuttgart, 70599, Germany; Department of Physiology of Yield Stability, University of Hohenheim, Fruwirthstr. 21, Stuttgart, 70599, Germany","Patiranage D.S.R., Plant Breeding Institute, Christian-Albrechts-University of Kiel, Am Botanischen Garten 1-9, Kiel, 24118, Germany; Rey E., King Abdullah University of Science and Technology (KAUST), Biological and Environmental Sciences & Engineering Division (BESE), Thuwal, 23955-6900, Saudi Arabia; Emrani N., Plant Breeding Institute, Christian-Albrechts-University of Kiel, Am Botanischen Garten 1-9, Kiel, 24118, Germany; Wellman G., King Abdullah University of Science and Technology (KAUST), Biological and Environmental Sciences & Engineering Division (BESE), Thuwal, 23955-6900, Saudi Arabia; Schmid K., Institute of Plant Breeding, Seed Science and Population Genetics, University of Hohenheim, Fruwirthstr. 21, Stuttgart, 70599, Germany; Schmöckel S.M., Department of Physiology of Yield Stability, University of Hohenheim, Fruwirthstr. 21, Stuttgart, 70599, Germany; Tester M., King Abdullah University of Science and Technology (KAUST), Biological and Environmental Sciences & Engineering Division (BESE), Thuwal, 23955-6900, Saudi Arabia; Jung C., Plant Breeding Institute, Christian-Albrechts-University of Kiel, Am Botanischen Garten 1-9, Kiel, 24118, Germany","Quinoa germplasm preserves useful and substantial genetic variation, yet it remains untapped due to a lack of implementation of modern breeding tools. We have integrated field and sequence data to characterize a large diversity panel of quinoa. Whole-genome sequencing of 310 accessions revealed 2.9 million polymorphic high confidence SNP loci. Highland and Lowland quinoa were clustered into two main groups, with FST divergence of 0.36 and LD decay of 6.5 and 49.8 Kb, respectively. A genome-wide association study using multi-year phenotyping trials uncovered 600 SNPs stably associated with 17 traits. Two candidate genes are associated with thousand seed weight, and a resistance gene analog is associated with downy mildew resistance. We also identified pleiotropically acting loci for four agronomic traits important for adaptation. This work demonstrates the use of re-sequencing data of an orphan crop, which is partially domesticated to rapidly identify marker-trait association and provides the underpinning elements for genomics27 enabled quinoa breeding. © 2022, eLife Sciences Publications Ltd. All rights reserved.",adaptation; Chenopodium quinoa; domestication; genetic variation; plant breeding; population structure; re-sequencing,"Chenopodium quinoa; Crops, Agricultural; Genome, Plant; Genome-Wide Association Study; Linkage Disequilibrium; Plant Breeding; Polymorphism, Single Nucleotide; agronomic trait; article; Chenopodium quinoa; crop; domestication; downy mildew; genetic marker; genetic susceptibility; genetic variation; genome-wide association study; genomics; nonhuman; phenotype; plant breeding; population structure; seed weight; single nucleotide polymorphism; crop; gene linkage disequilibrium; genetics; plant breeding; plant genome","N. Emrani; Plant Breeding Institute, Christian-Albrechts-University of Kiel, Kiel, Am Botanischen Garten 1-9, 24118, Germany; email: c.jung@plantbreeding.uni-kiel.de; C. Jung; Plant Breeding Institute, Christian-Albrechts-University of Kiel, Kiel, Am Botanischen Garten 1-9, 24118, Germany; email: n.emrani@plantbreeding.uni-kiel.de",NA,eLife Sciences Publications Ltd,2050084X,NA,NA,35801689,English,eLife,Article,Final,All Open Access; Gold Open Access; Green Open Access,Scopus,2-s2.0-85134610042
9,Habib Z.; Ijaz S.; Haq I.U.; Afzal I.; Ali G.M.,"Habib, Zakia (58404694300); Ijaz, Siddra (34978798700); Haq, Imran Ul (38861851700); Afzal, Irfan (14063121400); Ali, Ghulam Muhammad (35268078000)",58404694300; 34978798700; 38861851700; 14063121400; 35268078000,Identification of plastome-derived mini barcodes by DNA metabarcoding and comparative effectiveness to decipher their strength and resolving power for taxonomic topology-based phylogenetic determination of Chenopodium quinoa,2026,Molecular Biology Reports,53,1,467,NA,NA,0,10.1007/s11033-026-11616-1,https://www.scopus.com/pages/publications/105032342360?origin=resultslist,"Centre of Agricultural Biochemistry and Biotechnology (CABB), University of Agriculture, University Road, Faisalabad, Pakistan; Department of Plant Pathology, University of Agriculture, University Road, Faisalabad, Pakistan; Department of Agronomy, University of Agriculture, University Road, Faisalabad, Pakistan; Pakistan Agricultural Research Council (PARC), Islamabad, Pakistan","Habib Z., Centre of Agricultural Biochemistry and Biotechnology (CABB), University of Agriculture, University Road, Faisalabad, Pakistan; Ijaz S., Centre of Agricultural Biochemistry and Biotechnology (CABB), University of Agriculture, University Road, Faisalabad, Pakistan; Haq I.U., Department of Plant Pathology, University of Agriculture, University Road, Faisalabad, Pakistan; Afzal I., Department of Agronomy, University of Agriculture, University Road, Faisalabad, Pakistan; Ali G.M., Pakistan Agricultural Research Council (PARC), Islamabad, Pakistan","Background: Diversification of cropping systems with orphan crops directly concerns food security issues. Chenopodium species display a high degree of morphological semblance, which makes their taxonomic identification intricate and challenging. Methods and results: DNA barcoding of Chenopodium quinoa was made to characterize crop material imported through international trade for the prevailing cropping system. The phylogenetic reconstruction analysis using standard DNA barcodes rbcL and matK did not yield an optimal divergence threshold to resolve C. quinoa from other closely related Chenopodium species. Hence, identifying candidate DNA barcodes for resolving taxonomic diversity is a pressing need. Therefore, this study explored several candidate regions with low intraspecific but high interspecific divergence, and fourteen hypervariable regions were identified as candidate DNA barcodes. These hypervariable regions exhibit significant nucleotide diversity. The phylogenetic analysis revealed that candidate DNA barcodes possess an optimal divergence threshold compared to standard DNA barcodes and have shown more potential to delineate C. quinoa accessions as residents of an evolutionary distinct clade from other Chenopodium species. Mini-barcodes were developed from two hypervariable regions: the trnT(UGU)-trnL(UAA) intergenic spacer region and the rpl32-trnL region. These proved to have significant qualitative and quantitative identity accuracy for two C. quinoa and C. album seed experimental mixtures. Conclusion: The standard DNA barcodes were insufficient to discriminate C. quinoa from other Chenopodium species whereas the candidate DNA barcodes and developed mini-barcodes showed high accuracy in species discrimination and germplasm authentication. © The Author(s), under exclusive licence to Springer Nature B.V. 2026.",Chloroplast genome; Divergence hotspot regions; Nucleotide diversity; Phylogenetic analysis,DNA; nucleotide; Article; Chenopodium quinoa; chloroplast; chloroplast genome; comparative effectiveness; controlled study; DNA barcoding; DNA extraction; DNA sequencing; gene amplification; gene sequence; gene structure; haplotype; high throughput sequencing; metagenome; nonhuman; nucleotide sequence; phylogenetic tree; phylogeny; polymerase chain reaction; Sanger sequencing; sequence alignment; sequence analysis; single nucleotide polymorphism; taxonomy; article; barcode; Chenopodium quinoa; chloroplast genome; optical resolution,"S. Ijaz; Centre of Agricultural Biochemistry and Biotechnology (CABB), University of Agriculture, Faisalabad, University Road, Pakistan; email: siddraijazkhan@yahoo.com",NA,Springer Science and Business Media B.V.,03014851,NA,MLBRB,41790309,English,Mol. Biol. Rep.,Article,Final,NA,Scopus,2-s2.0-105032342360
9,Manjarres-Hernández E.H.; De la cruz R.,"Manjarres-Hernández, Elsa Helena (57217164726); De la cruz, Richard (56437752300)",57217164726; 56437752300,Phenotyping of Colombian quinoa cultivars by seed morphobiometry,2025,Euphytica,221,4,33,NA,NA,2,10.1007/s10681-025-03475-x,https://www.scopus.com/pages/publications/86000303850?origin=resultslist,"Facultad de Ciencias, Universidad Pedagógica y Tecnológica de Colombia, Tunja, Colombia","Manjarres-Hernández E.H., Facultad de Ciencias, Universidad Pedagógica y Tecnológica de Colombia, Tunja, Colombia; De la cruz R., Facultad de Ciencias, Universidad Pedagógica y Tecnológica de Colombia, Tunja, Colombia","Quinoa cultivation is notable for the nutritional value of its grain and its ability to adapt to diverse environmental conditions. However, morphobiometric and seed quality studies on quinoa are scarce, especially regarding Colombian germplasm. In this context, the objective of this research was to determine the phenotype of 21 quinoa cultivars from the Boyacá department based on 11 seed morphobiometric parameters. In addition, characteristics such as seed color, shape, and edge were evaluated. The seeds of the cultivars mainly exhibited a cylindrical shape (77%), with a smooth edge being the most common (66%). The most frequent seed colors were white and beige. The 11 seed morphobiometric parameters showed a wide range of variation, and it was established that the most discriminative parameters for differentiating the cultivars were yield, total projected area, shape coefficient, weight of 100 seeds, and seed diameter. Finally, it was concluded that with these parameters, it is possible to select cultivars to initiate quinoa breeding programs. © The Author(s) 2025.",Chenopodium quinoa; Phenotyping; Plant breeding; Seed morphobiometry,NA,"E.H. Manjarres-Hernández; Facultad de Ciencias, Universidad Pedagógica y Tecnológica de Colombia, Tunja, Colombia; email: elsa.manjarres@uptc.edu.co",NA,Springer Science and Business Media B.V.,00142336,NA,EUPHA,NA,English,Euphytica,Article,Final,All Open Access; Hybrid Gold Open Access,Scopus,2-s2.0-86000303850
9,Bhargava A.; Shukla S.; Ohri D.,"Bhargava, Atul (11840251000); Shukla, Sudhir (57223924084); Ohri, Deepak (6603029676)",11840251000; 57223924084; 6603029676,Genetic variability and interrelationship among various morphological and quality traits in quinoa (Chenopodium quinoa Willd.),2007,Field Crops Research,101,1,NA,104,116,154,10.1016/j.fcr.2006.10.001,https://www.scopus.com/pages/publications/33845912681?origin=resultslist,"Division of Genetics and Plant Breeding, National Botanical Research Institute, Lucknow, 226001, India","Bhargava A., Division of Genetics and Plant Breeding, National Botanical Research Institute, Lucknow, 226001, India; Shukla S., Division of Genetics and Plant Breeding, National Botanical Research Institute, Lucknow, 226001, India; Ohri D., Division of Genetics and Plant Breeding, National Botanical Research Institute, Lucknow, 226001, India","Evaluation of seed yield, morphological variability and nutritional quality of 27 germplasm lines of Chenopodium quinoa and 2 lines of C. berlandieri subsp. nuttalliae was carried out in subtropical North Indian conditions over a 2-year period. Seed yield ranged from 0.32 to 9.83 t/ha, higher yields being shown by four Chilean, two US, one Argentinian and one Bolivian line. Two lines of C. berlandieri subsp. nuttalliae exhibited high values for most of the morphological traits but were low yielding. Seed protein among various lines ranged from 12.55 to 21.02% with an average of 16.22 ± 0.47%. Seed carotenoid was in the range of 1.69-5.52 mg/kg, while leaf carotenoid was much higher and ranged from 230.23 to 669.57 mg/kg. Genetic gain as percent of mean was highest for dry weight/plant, followed by seed yield and inflorescence length. All morphological traits except days to flowering, days to maturity and inflorescence length exhibited significant positive association with seed yield. The association of leaf carotenoid with total chlorophyll and seed carotenoid was positive and highly significant. The path analysis revealed that 1000 seed weight had highest positive direct relationship with seed yield (1.057), followed by total chlorophyll (0.559) and branches/plant (0.520). Traits showing high negative direct effect on seed yield were leaf carotenoid (-0.749), seed size (-0.678) and days to flowering (-0.377). Total chlorophyll exerted strongest direct positive effect (0.722) on harvest index, followed by seed yield (0.505) and seed protein (0.245). © 2006 Elsevier B.V. All rights reserved.",Carotenoid; Chenopodium quinoa; Correlation; Genetic advance; Harvest index; Heritability; Protein; Seed yield; Selection approaches,Carotenoids; Genes; Genetic Engineering; Harvesting; Heritability; Proteins; Seeds; Argentina; Asia; Bolivia; Chile; Eurasia; India; North America; South America; South Asia; United States; Chenopodium quinoa; Genes; Harvesting; Proteins; Seed; carotenoid; chlorophyll; genetic variation; germplasm; morphology; nutritional status; protein; seed production; subtropical region; Chenopodium quinoa; Genetic advance; Germplasm; Harvest index; Seed yield; Selection approaches; Genetic engineering,"A. Bhargava; Division of Genetics and Plant Breeding, National Botanical Research Institute, Lucknow, 226001, India; email: atul_238@rediffmail.com",NA,NA,03784290,NA,FCRED,NA,English,Field Crops Res.,Article,Final,NA,Scopus,2-s2.0-33845912681
9,Coles N.D.; Coleman C.E.; Christensen S.A.; Jellen E.N.; Stevens M.R.; Bonifacio A.; Rojas-Beltran J.A.; Fairbanks D.J.; Maughan P.J.,"Coles, N.D. (6701729700); Coleman, C.E. (56211273000); Christensen, S.A. (59823887500); Jellen, E.N. (6701925700); Stevens, M.R. (7402243451); Bonifacio, A. (7004508682); Rojas-Beltran, J.A. (7801488186); Fairbanks, D.J. (7005621879); Maughan, P.J. (7003959730)",6701729700; 56211273000; 59823887500; 6701925700; 7402243451; 7004508682; 7801488186; 7005621879; 7003959730,Development and use of an expressed sequenced tag library in quinoa (Chenopodium quinoa Willd.) for the discovery of single nucleotide polymorphisms,2005,Plant Science,168,2,NA,439,447,38,10.1016/j.plantsci.2004.09.007,https://www.scopus.com/pages/publications/10344249448?origin=resultslist,"Dept. of Plant and Animal Sciences, Brigham Young University, 285 WIDB, Provo, UT 84602, USA, United States; Found. Prom. Invest. of Andean Prod., La Paz, Bolivia, Bolivia","Coles N.D., Dept. of Plant and Animal Sciences, Brigham Young University, 285 WIDB, Provo, UT 84602, USA, United States; Coleman C.E., Dept. of Plant and Animal Sciences, Brigham Young University, 285 WIDB, Provo, UT 84602, USA, United States; Christensen S.A., Dept. of Plant and Animal Sciences, Brigham Young University, 285 WIDB, Provo, UT 84602, USA, United States; Jellen E.N., Dept. of Plant and Animal Sciences, Brigham Young University, 285 WIDB, Provo, UT 84602, USA, United States; Stevens M.R., Dept. of Plant and Animal Sciences, Brigham Young University, 285 WIDB, Provo, UT 84602, USA, United States; Bonifacio A., Found. Prom. Invest. of Andean Prod., La Paz, Bolivia, Bolivia; Rojas-Beltran J.A., Found. Prom. Invest. of Andean Prod., La Paz, Bolivia, Bolivia; Fairbanks D.J., Dept. of Plant and Animal Sciences, Brigham Young University, 285 WIDB, Provo, UT 84602, USA, United States; Maughan P.J., Dept. of Plant and Animal Sciences, Brigham Young University, 285 WIDB, Provo, UT 84602, USA, United States","Quinoa (Chenopodium quinoa Willd.) is a widely consumed food crop and a primary protein source for many of the indigenous inhabitants of the Andean region of South America. In this study, we report the development of immature seed and floral expressed sequenced tag (EST) libraries and the identification of single nucleotide polymorphisms (SNPs) for quinoa. A total of 424 cDNA clones derived from immature seed and floral tissue were sequenced and analyzed for homology with known gene sequences. Three hundred and eleven of the clones were identified as homologues of known plant proteins, 38 were homologous to Arabidopsis proteins with no known function and 75 do not share significant homology with any protein in the queried databases. Interestingly, several of the annotated ESTs were present in relatively high abundance and have putative functions related to plant defense. Based on EST sequence information, fragments of 34 ESTs were amplified and sequenced in five quinoa accessions and one related weed species, C. berlandieri. Analysis of the quinoa EST sequences revealed a total of 51 SNPs in 20 EST sequences, including 38 single-base changes and 13 insertions-deletions (indels), with an average 1 SNP per 462 base pairs (bp) and 1 indel per 1812 bp. When the C. berlandieri accession was included in the analysis, 29 of the EST clones screened had at least one SNP present and an additional 81 SNPs were identified, bringing the total number of SNPs discovered to 132 (1 per 179 bp). The EST clones and SNP markers identified in this manuscript are of particular value in ongoing efforts to characterize gene expression and regulation associated with seed development, while the SNPs identified have immediate application for genetic mapping experiments, germplasm development, and the investigation of evolutionary relationships within the genus Chenopodium. © 2004 Elsevier Ireland Ltd. All rights reserved.",Cleaved amplified polymorphic sequence (CAPS) marker; Expressed sequence tags (ESTs); Indels; Single nucleotide polymorphisms (SNPs),Clones; Data Bases; Nucleic Acids; Plants; Proteins; Seeds; Acer pensylvanicum; Arabidopsis; Chenopodium; Chenopodium berlandieri; Chenopodium quinoa; Cloning; Database systems; DNA; Nucleic acids; Proteins; Seed; Expressed sequenced tag (EST) libraries; Indigenous inhabitants; Primary protein source; Plants (botany),"Dept. of Plant and Animal Sciences, Brigham Young University, 285 WIDB, Provo, UT 84602, USA, United States; email: jeff_maughan@byu.edu",NA,NA,01689452,NA,PLSCE,NA,English,Plant Sci.,Article,Final,NA,Scopus,2-s2.0-10344249448
9,Zhang J.-H.; Wang S.-Y.; Yang E.-Z.; Shi F.-Y.; Li J.-N.; Liu R.-X.; Guo Z.-B.,"Zhang, Jin-Hao (59323085100); Wang, Shu-Yan (57280985500); Yang, En-Ze (59322877000); Shi, Feng-Yuan (59323194300); Li, Jia-Na (59323306700); Liu, Rui-Xiang (55739630500); Guo, Zhan-Bin (58040027600)",59323085100; 57280985500; 59322877000; 59323194300; 59323306700; 55739630500; 58040027600,Genetic Diversity Analysis of Phenotypic Traits in Chenopodium quinoa Willd. Germplasm Resources; [藜麦种质资源表型性状遗传多样性分析],2022,Chinese Journal of Grassland,44,12,NA,37,46,5,10.16742/j.zgcdxb.20220072,https://www.scopus.com/pages/publications/85196353828?origin=resultslist,"College of Agricultural, Inner Mongolia Agricultural University, Hohhot, 010019, China; College of Desert Control Engineering Science, Inner Mongolia Agricultural University, Hohhot, 010011, China; Inner Mongolia Yiji Biotechnology Co. LTD, Hohhot, 010011, China","Zhang J.-H., College of Agricultural, Inner Mongolia Agricultural University, Hohhot, 010019, China; Wang S.-Y., College of Agricultural, Inner Mongolia Agricultural University, Hohhot, 010019, China; Yang E.-Z., College of Agricultural, Inner Mongolia Agricultural University, Hohhot, 010019, China; Shi F.-Y., College of Agricultural, Inner Mongolia Agricultural University, Hohhot, 010019, China; Li J.-N., College of Agricultural, Inner Mongolia Agricultural University, Hohhot, 010019, China; Liu R.-X., College of Desert Control Engineering Science, Inner Mongolia Agricultural University, Hohhot, 010011, China; Guo Z.-B., Inner Mongolia Yiji Biotechnology Co. LTD, Hohhot, 010011, China","In this study, genetic diversity, correlation, principal component analysis and cluster analysis were conducted on 18 agronomic and phenotypic traits of 60 quinoa resources, in order to screen germplasm resources suitable for planting in Inner Mongolia. The results showed that this batch of quinoa materials had rich genetic diversity, and the coefficient of variation was between 13.75% to 66.74%. The correlation analysis showed that the grain weight per panicle was significantly positively correlated with plant height, stem diameter, effective panicle number, main panicle diameter, leaf length, effective branch number and main panicle length (P <0.01), significantly positively correlated with leaf width (P <0.05), and significantly negatively correlated with grain color (P <0.05). The principal component analysis showed that the cumulative contribution rate of six principal components was 72.50%, which were yield component, plant morphology and panicle color component, plant yield component, plant color component, plant type component and panicle morphology component. Cluster analysis showed that 60 quinoa materials could be divided into three groups when the genetic distance was four. Among them, three materials in group Ⅲ had the characteristics of tall plant, strong stems, many effective branches, large leaf area, long main panicle, high yield and good comprehensive traits, which could further carry out genetic improvement and fine traits exploration, providing theoretical basis and information support for the protection, utilization and screening of quinoa germplasm resources. © 2022 Editorial Department of Chinese Journal of Grassland. All rights reserved.",Genetic diversity; Germplasm resources; Phenotypic traits; Quinoa,NA,"S.-Y. Wang; College of Agricultural, Inner Mongolia Agricultural University, Hohhot, 010019, China; email: wangshuyan2006@163.com",NA,Editorial Department of Chinese Journal of Grassland,16735021,NA,NA,NA,Chinese,Chin. J. Grassl.,Article,Final,NA,Scopus,2-s2.0-85196353828
10,Valentová K.; Lebeda A.; Doležalová I.; Jirovský D.; Simonovska B.; Vovk I.; Kosina P.; Gasmanová N.; Dziechciarková M.; Ulrichová J.,"Valentová, Kateřina (6602269085); Lebeda, Aleš (7003954160); Doležalová, Ivana (7801457659); Jirovský, David (56032919000); Simonovska, Breda (6701829391); Vovk, Irena (7007159759); Kosina, Pavel (6603126524); Gasmanová, Nikol (12775502500); Dziechciarková, Marta (55942587300); Ulrichová, Jitka (7004551641)",6602269085; 7003954160; 7801457659; 56032919000; 6701829391; 7007159759; 6603126524; 12775502500; 55942587300; 7004551641,The biological and chemical variability of yacon,2006,Journal of Agricultural and Food Chemistry,54,4,NA,1347,1352,57,10.1021/jf052645u,https://www.scopus.com/pages/publications/33644872991?origin=resultslist,"Institute of Medical Chemistry and Biochemistry, Faculty of Medicine, Palacký University, CZ-77515 Olomouc, Hněvotínská 3, Czech Republic; Department of Botany, Faculty of Science, Palacký University, CZ-78371 Olomouc, Šlechtitelů 11, Czech Republic; Department of Analytical Chemistry, Faculty of Science, Palacký University, CZ-77146 Olomouc, Svobody Str. 8, Czech Republic; Laboratory for Food Chemistry, National Institute of Chemistry, SI-1000 Ljubljana, Hajdrihova 19, Slovenia; Pediatric Clinic of Faculty Hospital, Faculty of Medicine, Palacký University, CZ-77520 Olomouc, I.P. Pavlova 6, Czech Republic","Valentová K., Institute of Medical Chemistry and Biochemistry, Faculty of Medicine, Palacký University, CZ-77515 Olomouc, Hněvotínská 3, Czech Republic; Lebeda A., Department of Botany, Faculty of Science, Palacký University, CZ-78371 Olomouc, Šlechtitelů 11, Czech Republic; Doležalová I., Department of Botany, Faculty of Science, Palacký University, CZ-78371 Olomouc, Šlechtitelů 11, Czech Republic; Jirovský D., Department of Analytical Chemistry, Faculty of Science, Palacký University, CZ-77146 Olomouc, Svobody Str. 8, Czech Republic; Simonovska B., Laboratory for Food Chemistry, National Institute of Chemistry, SI-1000 Ljubljana, Hajdrihova 19, Slovenia; Vovk I., Laboratory for Food Chemistry, National Institute of Chemistry, SI-1000 Ljubljana, Hajdrihova 19, Slovenia; Kosina P., Institute of Medical Chemistry and Biochemistry, Faculty of Medicine, Palacký University, CZ-77515 Olomouc, Hněvotínská 3, Czech Republic; Gasmanová N., Department of Botany, Faculty of Science, Palacký University, CZ-78371 Olomouc, Šlechtitelů 11, Czech Republic; Dziechciarková M., Department of Botany, Faculty of Science, Palacký University, CZ-78371 Olomouc, Šlechtitelů 11, Czech Republic, Pediatric Clinic of Faculty Hospital, Faculty of Medicine, Palacký University, CZ-77520 Olomouc, I.P. Pavlova 6, Czech Republic; Ulrichová J., Institute of Medical Chemistry and Biochemistry, Faculty of Medicine, Palacký University, CZ-77515 Olomouc, Hněvotínská 3, Czech Republic","This paper focuses on the biological and chemical variability of four yacon (Smallanthus sonchifolius) accessions cultivated under field conditions. Significant variations in tuber shape, weight, content of oligofructans, as well as in leaf isozymes, phenolics, and relative DNA contents were found. Accessions 6 and 88 were the most productive (up to 3.01 and 3.74 kg/plant); accession 48 was the most balanced from the yield aspect in three vegetative periods. A significantly higher content of β-(2→1) oligofructans was noted in accessions 48 and 88 as compared to 6 and 60. No difference in sucrose, glucose, and fructose level was observed. Only accession 6 exhibited separate acid phosphatase and esterase isoforms. Accessions 6 and 60 had the highest content of phenolics, and accession 88 had the lowest relative DNA content. Large yacon intraspecific variation may be useful in future detailed research as a good background for breeding, growing, and utilization in industrial processing. © 2006 American Chemical Society.",Agronomic suitability; Germplasm; Growing; Industrial processing; Isozymes; Leaves; Morphology; Phenolics; Relative DNA content; Saccharides; Smallanthus sonchifolius; Tubers; Variability; Yield,Polymnia sonchifolia; Smallanthus sonchifolius,"K. Valentová; Institute of Medical Chemistry and Biochemistry, Faculty of Medicine, Palacký University, CZ-77515 Olomouc, Hněvotínská 3, Czech Republic; email: kata.valentova@email.cz",NA,American Chemical Society,00218561,NA,JAFCA,NA,English,J. Agric. Food Chem.,Article,Final,NA,Scopus,2-s2.0-33644872991
10,Lebeda A.; Dolezalova I.; Valentova K.; Gasmanova N.; Dziechciarkova M.; Ulrichova J.,"Lebeda, A. (7003954160); Dolezalova, I. (7801457659); Valentova, K. (6602269085); Gasmanova, N. (12775502500); Dziechciarkova, M. (55942587300); Ulrichova, J. (7004551641)",7003954160; 7801457659; 6602269085; 12775502500; 55942587300; 7004551641,Yacon (Smallanthus sonchifolius) - A traditional crop of Andean Indians as a challenge for the future - The news about biological variation and chemical substances content,2008,Acta Horticulturae,765,NA,NA,127,136,4,10.17660/ActaHortic.2008.765.15,https://www.scopus.com/pages/publications/42149190094?origin=resultslist,"Palacký University in Olomouc, Faculty of Science, Department of Botany, 783 71 Olomouc, Šlechtitelů 11, Czech Republic; Palacký University in Olomouc, Faculty of Medicine and Dentistry, Department of Medical Chemistry and Biochemistry, 77515 Olomouc, Hněvotínská 3, Czech Republic; Palacký University in Olomouc, Faculty of Medicine and Dentistry, Faculty Hospital, 775 20 Olomouc, I.P. Pavlova 6, Czech Republic","Lebeda A., Palacký University in Olomouc, Faculty of Science, Department of Botany, 783 71 Olomouc, Šlechtitelů 11, Czech Republic; Dolezalova I., Palacký University in Olomouc, Faculty of Science, Department of Botany, 783 71 Olomouc, Šlechtitelů 11, Czech Republic; Valentova K., Palacký University in Olomouc, Faculty of Medicine and Dentistry, Department of Medical Chemistry and Biochemistry, 77515 Olomouc, Hněvotínská 3, Czech Republic; Gasmanova N., Palacký University in Olomouc, Faculty of Science, Department of Botany, 783 71 Olomouc, Šlechtitelů 11, Czech Republic; Dziechciarkova M., Palacký University in Olomouc, Faculty of Science, Department of Botany, 783 71 Olomouc, Šlechtitelů 11, Czech Republic, Palacký University in Olomouc, Faculty of Medicine and Dentistry, Faculty Hospital, 775 20 Olomouc, I.P. Pavlova 6, Czech Republic; Ulrichova J., Palacký University in Olomouc, Faculty of Medicine and Dentistry, Department of Medical Chemistry and Biochemistry, 77515 Olomouc, Hněvotínská 3, Czech Republic","Yacon (Smallanthus sonchifolius (Poepp. & Endl.) H. Robinson) genotypes were planted under field conditions in the Czech Republic. Subsequently, a set of 25 genotypes was studied for variation in morphotypes, weight, saccharide content of tubers, disease and pest occurrence, DNA content, isozyme polymorphism, and phenolic content in leaves with the aim of finding the most suitable genotype(s) for industrial processing. A significant variation in tuber shape, weight, and content of glucose, fructose, sucrose, oligofructans and phenolics was found. The same was concluded for DNA content and leaf isozyme polymorphism. The results over the three growing periods showed that the most productive was genotype 68, with an average root tuber weight of 2.8 kg per plant, and genotypes 85 and 51, with 2.7 kg and 2.6 kg per plant, respectively. From the yield point of view, accession 48 was the most balanced. Significantly lower levels of glucose and fructose and higher levels of oligofructans in accessions 48 and 88 were noted compared to accessions 6 and 60. Accessions 6 and 60 had the highest content of phenolics. In the final part of the paper, yacon use in human nutrition, medicine, industry and commerce is discussed. Surprisingly, we conclude that yacon may be considered as a challenging crop for the areas outside the Andes.",Agronomic suitability; Germplasm; Industrial processing; Isozymes; Leaves; Morphology; Phenolics; Production; Saccharides; Tubers; Variability; Yield,Polymnia sonchifolia; Smallanthus sonchifolius; Tuber (truffle),NA,NA,International Society for Horticultural Science,05677572,978-906605710-4,NA,NA,English,Acta Hortic.,Conference paper,Final,NA,Scopus,2-s2.0-42149190094
10,Santa Cruz-Padilla A.E.; Vásquez-Orrillo J.L.; Rodríguez López S.Y.; Eugenio Leiva A.; Bardales-Lozano R.M.; Seminario J.F.; Murga-Orrillo H.,"Santa Cruz-Padilla, Angel Esteban (60090542100); Vásquez-Orrillo, Jorge Luis (59679672700); Rodríguez López, Silvia Yanina (58108941200); Eugenio Leiva, Araceli (60091501800); Bardales-Lozano, Ricardo Manuel (56096732100); Seminario, Juan F. (57201452199); Murga-Orrillo, Hipolito (57189231810)",60090542100; 59679672700; 58108941200; 60091501800; 56096732100; 57201452199; 57189231810,Phenotypic variability of Smallanthus sonchifolius germplasm of Peru,2025,Genetic Resources,6,12,NA,26,38,0,10.46265/genresj.ZDEW3901,https://www.scopus.com/pages/publications/105015412795?origin=resultslist,"Instituto Nacional de Innovación Agraria (INIA), Estación Experimental Agraria Baños del Inca, Subdirección de Recursos Genéticos, Jirón. Wiracocha s/n, Los Baños del Inca, 06004, Peru; Universidad Nacional de la Amazonía Peruana (UNAP), Departamento Académico de Suelos y Cultivos, Facultad de Agronomía, Iquitos, Jirón Nauta, 16002, Peru; Universidad Nacional de Cajamarca, Facultad de Ciencias Agrarias, Programa de Raíces y Tubérculos Andinos, Av. Atahualpa 1050. C.P. 06003, Cajamarca, Peru; Universidad Nacional Autónoma del Alto Amazonas (UNAAA), Escuela Profesional de Ingeniería Agrónoma, Prol. Libertad 1220 - 1228 - Yurimaguas, Loreto, Alto Amazonas, Peru","Santa Cruz-Padilla A.E., Instituto Nacional de Innovación Agraria (INIA), Estación Experimental Agraria Baños del Inca, Subdirección de Recursos Genéticos, Jirón. Wiracocha s/n, Los Baños del Inca, 06004, Peru; Vásquez-Orrillo J.L., Instituto Nacional de Innovación Agraria (INIA), Estación Experimental Agraria Baños del Inca, Subdirección de Recursos Genéticos, Jirón. Wiracocha s/n, Los Baños del Inca, 06004, Peru; Rodríguez López S.Y., Instituto Nacional de Innovación Agraria (INIA), Estación Experimental Agraria Baños del Inca, Subdirección de Recursos Genéticos, Jirón. Wiracocha s/n, Los Baños del Inca, 06004, Peru; Eugenio Leiva A., Instituto Nacional de Innovación Agraria (INIA), Estación Experimental Agraria Baños del Inca, Subdirección de Recursos Genéticos, Jirón. Wiracocha s/n, Los Baños del Inca, 06004, Peru; Bardales-Lozano R.M., Universidad Nacional de la Amazonía Peruana (UNAP), Departamento Académico de Suelos y Cultivos, Facultad de Agronomía, Iquitos, Jirón Nauta, 16002, Peru; Seminario J.F., Universidad Nacional de Cajamarca, Facultad de Ciencias Agrarias, Programa de Raíces y Tubérculos Andinos, Av. Atahualpa 1050. C.P. 06003, Cajamarca, Peru; Murga-Orrillo H., Universidad Nacional Autónoma del Alto Amazonas (UNAAA), Escuela Profesional de Ingeniería Agrónoma, Prol. Libertad 1220 - 1228 - Yurimaguas, Loreto, Alto Amazonas, Peru","Smallanthus sonchifolius (yacon) is a functional food native to the South American Andes. Its tuberous root and leaves are the main parts consumed; however, few studies have been carried out on its phenotypic variability. This study aimed to characterize 214 yacon accessions from the Germplasm Bank of the Instituto Nacional de Innovación Agraria (INIA), Peru. Twelve qualitative and seven quantitative variables were used. Accession Y-74 showed the largest leaf dimensions, while Y-28 showed the highest productivity per plant. Multiple correspondence analysis and principal component analysis revealed that the variables propagule color, leaf shape, root pulp color, leaf length and width, root weight per plant, and yield contributed significantly to the discrimination and identification of promising accessions. The geographical grouping of the accessions showed differences between accessions from the north and south of Peru. The qualitative phylogenetic tree showed 12 morphological groups discriminated mainly by leaf morphology and root characteristics, while the dendrogram analysis identified four clusters, with Cluster II standing out with an average yield of 73.5t/ha of tuberous roots. These results are important, as they allowed the identification of promising accessions and useful traits that can contribute to improving productivity and promoting the expansion of yacon cultivation at national and international levels. © Copyright 2025 the Authors.",Andes; functional food; Germplasm; phenotypic; yacon,NA,"A.E. Santa Cruz-Padilla; Instituto Nacional de Innovación Agraria (INIA), Estación Experimental Agraria Baños del Inca, Subdirección de Recursos Genéticos, Jirón. Wiracocha s/n, Los Baños del Inca, 06004, Peru; email: asantacruz@inia.gob.pe; J.L. Vásquez-Orrillo; Instituto Nacional de Innovación Agraria (INIA), Estación Experimental Agraria Baños del Inca, Subdirección de Recursos Genéticos, Jirón. Wiracocha s/n, Los Baños del Inca, 06004, Peru; email: jorge.vasquez.orrillo@gmail.com",NA,Bioversity International,27083764,NA,NA,NA,English,Genet. Resour.,Article,Final,All Open Access; Gold Open Access; Green Open Access,Scopus,2-s2.0-105015412795
10,Vegas Albino D.P.; Guevara O.B.; Cavero A.V.,"Vegas Albino, Diana P (57205105373); Guevara, Olga Bracamonte (56095523000); Cavero, Andrés Valladolid (56904127500)",57205105373; 56095523000; 56904127500,Morphologic characterization of six parental varieties of yacón (Smallanthus sonchifolius) and thirteen crosses obtained from a hybridization plan; [Caracterización morfológica de seis variedades parentales de yacón (Smallanthus sonchifolius) y trece cruzas obtenidas de un plan de hibridación],2015,Revista Peruana de Biologia,22,2,NA,175,192,1,10.15381/rpb.v22i2.11352,https://www.scopus.com/pages/publications/84944322004?origin=resultslist,"Laboratorio de Citogenética, Facultad de Ciencias Biológicas, Universidad Nacional Mayor de San Marcos, Casilla 11-058, Lima, Peru; Andean Roots SRL, Carretera Central Huánuco-Lima, km. 40, Ambo, Huánuco, Peru","Vegas Albino D.P., Laboratorio de Citogenética, Facultad de Ciencias Biológicas, Universidad Nacional Mayor de San Marcos, Casilla 11-058, Lima, Peru; Guevara O.B., Laboratorio de Citogenética, Facultad de Ciencias Biológicas, Universidad Nacional Mayor de San Marcos, Casilla 11-058, Lima, Peru; Cavero A.V., Andean Roots SRL, Carretera Central Huánuco-Lima, km. 40, Ambo, Huánuco, Peru","The aim of this study is to characterize morphologically the parental and plants and those obtained from the diallel crosses, to identify the variety obtained and to confirm the hybrid nature of these. Three morphological descriptors of root were used to characterize the parental and 68 of the 162 plants obtained from crosses, each with their replication, in total 834 plants were evaluated. Finally 44 hybrids were obtained, 8 plants with no specific hybridization to no identify if there was cross but inheriting only the characters of the female parent or are replications of this, 9 plants with a non-specific hybrid origin unable to determine whether there was hybridization inheriting shared characters by both parents or single characters of the female parent or not; 7 plants whose male parent is not corresponding to the cross, 2 replications of three hybrids and one replication 1 of 1 of 9 plants with a non-specific hybrid origin also presented a different male parent. The parental V24 showed precocity and the loss of irregular reddish purple specks (anthocyanins indicator) was observed in 44 plants with parental that has this character. © Los Autores.",Descriptor; Genetic diversity; Germplasm; Hybrid; Morphological characterization,NA,"D.P.V. Albino; Laboratorio de Citogenética, Facultad de Ciencias Biológicas, Universidad Nacional Mayor de San Marcos, Lima, Casilla 11-058, Peru; email: diana_vegas_albino@hotmail.com",NA,"Facultad de Ciencias Biologicas, Universidad Nacional Mayor de San Marcos",15610837,NA,NA,NA,Spanish,Rev. Peru. Biol.,Article,Final,All Open Access; Gold Open Access; Green Open Access,Scopus,2-s2.0-84944322004
