"Authors","Author full names","Author(s) ID","Title","Year","Source title","Volume","Issue","Art. No.","Page start","Page end","Cited by","DOI","Link","Affiliations","Authors with affiliations","Abstract","Author Keywords","Index Keywords","Correspondence Address","Editors","Publisher","ISSN","ISBN","CODEN","PubMed ID","Language of Original Document","Abbreviated Source Title","Document Type","Publication Stage","Open Access","Source","EID"
"Nepal N.; Condori-Apfata J.A.; Gaire R.; Anco M.E.M.; Scofield S.; Zhang C.; Mohammadi M.","Nepal, Nirman (57201855795); Condori-Apfata, Jorge Alberto (56524654100); Gaire, Rupesh (57192113073); Anco, Mayela Elizabeth Mayta (58899750400); Scofield, Steven (6701646563); Zhang, Cankui (16026138600); Mohammadi, Mohsen (56994080000)","57201855795; 56524654100; 57192113073; 58899750400; 6701646563; 16026138600; 56994080000","Phenotypic and genotypic resources for the USDA quinoa (Chenopodium quinoa) genebank accessions","2023","Crop Science","63","5","","2685","2698","5","10.1002/csc2.21037","https://www.scopus.com/pages/publications/85163276699?origin=resultslist","Agronomy Department, Purdue University, West Lafayette, IN, United States; Facultad de Ingeniería y Ciencias Agrarias, Universidad Nacional Toribio Rodriguez de Mendoza, Amazonas, Chachapoyas, Peru; Bayer Crop Science, West Lafayette, IN, United States; Universidad Nacional de San Agustín, Arequipa, Peru; USDA-ARS, Crop Production and Pest Control Research, West Lafayette, IN, United States","Nepal N., Agronomy Department, Purdue University, West Lafayette, IN, United States; Condori-Apfata J.A., Facultad de Ingeniería y Ciencias Agrarias, Universidad Nacional Toribio Rodriguez de Mendoza, Amazonas, Chachapoyas, Peru; Gaire R., Bayer Crop Science, West Lafayette, IN, United States; Anco M.E.M., Universidad Nacional de San Agustín, Arequipa, Peru; Scofield S., USDA-ARS, Crop Production and Pest Control Research, West Lafayette, IN, United States; Zhang C., Agronomy Department, Purdue University, West Lafayette, IN, United States; Mohammadi M., Agronomy Department, Purdue University, West Lafayette, IN, United States","Quinoa (Chenopodium quinoa) is a nutritious grain, with balanced composition of amino acids, and a facultative halophyte. Under greenhouse conditions, we assessed 148 quinoa accessions from the USDA genebank for grain weight, phenological, and morphological characteristics. For all traits, the analysis of variance revealed a significant difference among accessions. The accessions matured as late as 146 days after planting and produced grain weight up to 19.6 g/plant. Days to maturity showed negative correlation with grain weight per plant, whereas the number of branches was positively correlated with grain weight per plant. By adopting the NsiI/BfaI combination to enhance the genotyping-by-sequencing technique, we were able to generate 59,248 filtered single nucleotide polymorphism markers by mapping to the reference genome. Molecular markers showed an average heterozygosity of 11.76% across the accessions with a range of 4.9%–21.9%. The first two principal component analyses (PCAs) explained nearly 50% of molecular markers. The genetic diversity analysis using PCA revealed the presence of four main groups. Groups A and B consisted of mainly Bolivian and Peruvian accessions with relatively slower maturity and taller plant stature. In contrast, groups C and D were mainly accessions registered from USA and Chile with relatively faster maturity and shorter plant stature. Groups C and D together have shown far more private single nucleotide polymorphisms than accessions in A and B groups, indicating the higher levels of diversity within these groups and more levels of similarities among individuals of A and B groups. Marker-trait association revealed significant markers for grain weight per plant and days to flowering. We only analyzed linkage disequilibrium on the scaffolds that harbor these marker-trait associations. LD expressed in r2 persisted as high as 0.2 in ranges greater than 600 kb for scaffold 1992 but dropped more quickly for scaffold 1843. These phenotypic and genotypic resources will serve as a reference for the cataloging and conservation of germplasm and, for the selection of a core collection for the improvement of quinoa to address food security. © 2023 Purdue University. Crop Science published by Wiley Periodicals LLC on behalf of Crop Science Society of America.","","","M. Mohammadi; Agronomy Department, Purdue University, West Lafayette, 915 West State St, 47907, United States; email: Mohamm20@Purdue.edu","","John Wiley and Sons Inc","0011183X","","CRPSA","","English","Crop Sci.","Article","Final","All Open Access; Hybrid Gold Open Access","Scopus","2-s2.0-85163276699"
"Laosatit K.; Taytragool S.; Pimsaythong K.; Somta P.; Tanadul O.-U.-M.","Laosatit, Kularb (36872678000); Taytragool, Siriporn (57226114523); Pimsaythong, Kotchakon (57226126410); Somta, Prakit (12784489000); Tanadul, Orn-U-Ma (56037455500)","36872678000; 57226114523; 57226126410; 12784489000; 56037455500","Genetic diversity of quinoa (Chenopodium quinoa Willd.) germplasm as revealed by sequence-related amplified polymorphism markers","2021","Agriculture and Natural Resources","55","3","","341","348","4","10.34044/j.anres.2021.55.3.03","https://www.scopus.com/pages/publications/85110483163?origin=resultslist","Department of Agronomy, Faculty of Agriculture at Kamphaeng Saen, Kasetsart University, Kamphaeng Saen Campus, Nakhon Pathom, 73140, Thailand; Program in Agricultural Biotechnology, Faculty of Agriculture at Kamphaeng Saen, Kasetsart University, Kamphaeng Saen Campus, Nakhon Pathom, 73140, Thailand; Center for Agricultural Biotechnology, Kasetsart University, Kamphaeng Saen Campus, Nakhon Pathom, 73140, Thailand; Center of Excellence on Agricultural Biotechnology: (AG-BIO/PERDO-CHE), Bangkok, 10900, Thailand","Laosatit K., Department of Agronomy, Faculty of Agriculture at Kamphaeng Saen, Kasetsart University, Kamphaeng Saen Campus, Nakhon Pathom, 73140, Thailand; Taytragool S., Program in Agricultural Biotechnology, Faculty of Agriculture at Kamphaeng Saen, Kasetsart University, Kamphaeng Saen Campus, Nakhon Pathom, 73140, Thailand; Pimsaythong K., Program in Agricultural Biotechnology, Faculty of Agriculture at Kamphaeng Saen, Kasetsart University, Kamphaeng Saen Campus, Nakhon Pathom, 73140, Thailand; Somta P., Department of Agronomy, Faculty of Agriculture at Kamphaeng Saen, Kasetsart University, Kamphaeng Saen Campus, Nakhon Pathom, 73140, Thailand; Tanadul O.-U.-M., Department of Agronomy, Faculty of Agriculture at Kamphaeng Saen, Kasetsart University, Kamphaeng Saen Campus, Nakhon Pathom, 73140, Thailand, Center for Agricultural Biotechnology, Kasetsart University, Kamphaeng Saen Campus, Nakhon Pathom, 73140, Thailand, Center of Excellence on Agricultural Biotechnology: (AG-BIO/PERDO-CHE), Bangkok, 10900, Thailand","Quinoa (Chenopodium quinoa Willd.) is an excellent example of a functional food being rich in antioxidants and well balanced regarding carbohydrates, lipids and protein, providing an ideal source of essential amino acids for human nutrition. Its nutritional characteristic has been emphasized both in developed and undeveloped regions resulting in many countries growing quinoa as a healthy food. Breeding programs for quinoa in new regions need diverse genetic variety. Therefore, the genetic diversity of 135 quinoa accessions was determined using 21 sequence-related amplified polymorphism (SRAP) markers generated from eight primer pairs. The polymorphic information content (PIC) was in the range 0.10-0.25 with an average of 0.19. Overall genetic diversity was relatively low in the range 0.17-0.40, with a mean of 0.32. Population structure, neighbor-joining tree and principal coordinate analyses revealed that the quinoa accessions were clustered into two groups. One was composed of 85 accessions mainly from the USA and Peru and some accessions from Chile and Bolivia. The other one comprised 50 accessions largely from Bolivia and Chile and some accessions from Peru. The results from this study suggested that the genetic diversity of the quinoa accessions from the USA was relatively low compared with other reports. Therefore, plant breeders need to develop new cultivars by crossing quinoa from different genetic groups or to access additional ex situ germplasm collections. Copyright © 2021. This is an open access article under the CC BY-NC-ND license (http://creativecommons.org/licenses/by-nc-nd/4.0/), production and hosting by Kasetsart University of Research and Development Institute on behalf of Kasetsart University.","Chenopodium quinoa; Genetic structure; Pseudocereal; Sequence-related amplified polymorphism (SRAP)","","O.-U.-M. Tanadul; Department of Agronomy, Faculty of Agriculture at Kamphaeng Saen, Kasetsart University, Kamphaeng Saen Campus, Nakhon Pathom, 73140, Thailand; email: agromt@ku.ac.th","","Kasetsart University","24681458","","","","English","Agric. Nat. Resour.","Article","Final","All Open Access; Gold Open Access","Scopus","2-s2.0-85110483163"
"Risi J.C.; Galwey N.W.","Risi, J.C. (16442525000); Galwey, N.W. (59025706900)","16442525000; 59025706900","The pattern of genetic diversity in the Andean grain crop quinoa (Chenopodium quinoa Willd). II. Multivariate methods","1989","Euphytica","41","1-2","","135","145","23","10.1007/BF00022423","https://www.scopus.com/pages/publications/0038187716?origin=resultslist","Department of Applied Biology, University of Cambridge, Cambridge, CB2 3DX, United Kingdom","Risi J.C., Department of Applied Biology, University of Cambridge, Cambridge, CB2 3DX, United Kingdom; Galwey N.W., Department of Applied Biology, University of Cambridge, Cambridge, CB2 3DX, United Kingdom","Discrete and continuous characteristics related to plant morphology and pigmentation and to the duration of developmental phases were measured or noted in a diverse collection of quinoa germplasm. In a principal component analysis of the continuous characteristics, the first principal component was found to distinguish those accessions which germinate rapidly to produce small plants with small inflorescences, and the second component those which produced a large inflorescence relatively quickly, but there was no clear cut-off between important and unimportant variables or components. A canonical variate analysis of the continuous characteristics provided criteria for distinguishing ecotypes of quinoa, but suggested that these were artificial with the exception of a subtropical type from the Yungas region of Bolivia. A hierarchical cluster analysis of all the characteristics confirmed that the variety Amarilla de Maranganí was unusual, but otherwise did not produce clear clusters. Accessions from near sea level in Chile formed a particularly homogeneous group. The impossibility of describing the variation in terms of a few axes or clusters means that a vast range of combinations of characteristics is available to breeders. © 1989 Kluwer Academic Publishers.","Andean crops; canonical variate analysis; Chenopodium quinoa; cluster analysis; multivariate methods; principal component analysis; principal coordinate analysis; quinoa","","","","Kluwer Academic Publishers","15735060","","EUPHA","","English","Euphytica","Article","Final","","Scopus","2-s2.0-0038187716"
"Tang Y.-M.; Liu Y.-Z.; Zhang Y.-H.; Cao Y.-N.; Song P.-P.; Hou L.-M.; Peng L.-X.","Tang, Yuan-Mou (58776063600); Liu, Yi-Zhi (58932661200); Zhang, Yan-Hong (59070156800); Cao, Ya-Nan (57204763101); Song, Pan-Pan (57212024273); Hou, Li-Ming (59584183700); Peng, Lian-Xin (55174743200)","58776063600; 58932661200; 59070156800; 57204763101; 57212024273; 59584183700; 55174743200","A comparative analysis of the nutrient and phytochemical richness among different varieties of quinoa in China","2024","Food Science and Nutrition","12","6","","4473","4485","10","10.1002/fsn3.4113","https://www.scopus.com/pages/publications/85191065521?origin=resultslist","Key Laboratory of Coarse Cereal Processing of Ministry of Agriculture and Rural Affairs, Chengdu University, Chengdu, China; Affiliated Hospital of Chengdu University of Chinese Medicine, Sichuan, Chengdu, China","Tang Y.-M., Key Laboratory of Coarse Cereal Processing of Ministry of Agriculture and Rural Affairs, Chengdu University, Chengdu, China; Liu Y.-Z., Key Laboratory of Coarse Cereal Processing of Ministry of Agriculture and Rural Affairs, Chengdu University, Chengdu, China; Zhang Y.-H., Key Laboratory of Coarse Cereal Processing of Ministry of Agriculture and Rural Affairs, Chengdu University, Chengdu, China; Cao Y.-N., Key Laboratory of Coarse Cereal Processing of Ministry of Agriculture and Rural Affairs, Chengdu University, Chengdu, China; Song P.-P., Key Laboratory of Coarse Cereal Processing of Ministry of Agriculture and Rural Affairs, Chengdu University, Chengdu, China; Hou L.-M., Affiliated Hospital of Chengdu University of Chinese Medicine, Sichuan, Chengdu, China; Peng L.-X., Key Laboratory of Coarse Cereal Processing of Ministry of Agriculture and Rural Affairs, Chengdu University, Chengdu, China","Quinoa is a nutrient-dense pseudocereal that has garnered global attention for its potential to bolster food security and nutrition. Despite its celebrated status, the detailed nutritional profiles of various quinoa varieties remain poorly understood, which poses a significant barrier to the strategic cultivation and utilization of quinoa's genetic diversity to combat malnutrition. The impetus for this research lies in the urgent need to identify superior quinoa strains that can be tailored to meet specific nutritional requirements and adapt to diverse agro-ecological zones. Our findings reveal substantial variation in nutrient content across different quinoa varieties, highlighting the variety ZLZX-8 as a particularly nutrient-rich strain with the highest levels of protein, fat, essential fatty acids, amino acids, and key minerals such as Mg, K, and Zn. Moreover, ZLZX-8's exceptional antioxidant capacity suggests it may have additional health benefits beyond its macronutrient profile. In contrast, ZLZX-7 stands out for its dietary fiber and phenolic content, which are critical for digestive health and disease prevention, respectively. Meanwhile, ZLZX-5, with its high starch content, could be better suited for energy production in dietary applications. Notably, the study also uncovers a correlation between grain color and nutrient profile, with colored quinoa varieties exhibiting superior fiber, inositol, phenolic content, and antioxidant activity compared to their white counterparts. This work lays the groundwork for an informed selection of quinoa varieties that can enhance dietary quality, support local and global food systems, and contribute to the fight against malnutrition. © 2024 The Authors. Food Science & Nutrition published by Wiley Periodicals LLC.","bioactive compounds; germplasm diversity; nutritional composition; quality evaluation; quinoa (Chenopodium quinoa)","","L.-X. Peng; Key Laboratory of Coarse Cereal Processing of Ministry of Agriculture and Rural Affairs, Chengdu University, Chengdu, China; email: penglianxin@cdu.edu.cn; L.-M. Hou; Affiliated Hospital of Chengdu University of Chinese Medicine, Chengdu, Sichuan, China; email: 37761617@qq.com","","John Wiley and Sons Inc","20487177","","","","English","Food Sci. Nutr.","Article","Final","All Open Access; Green Open Access; Hybrid Gold Open Access","Scopus","2-s2.0-85191065521"
"De la Cruz G.; Saldaña C.L.; Menéndez F.; Neyra E.; Arbizu C.I.","De la Cruz, Germán (49961331800); Saldaña, Carla L. (57220931483); Menéndez, Francisco (59710565400); Neyra, Edgar (8202407100); Arbizu, Carlos I. (57189988464)","49961331800; 57220931483; 59710565400; 8202407100; 57189988464","Microsatellite Markers Determine the Genetic Structure and Diversity of Landraces of Quinoa from Ayacucho, Peru","2025","Agronomy","15","3","611","","","0","10.3390/agronomy15030611","https://www.scopus.com/pages/publications/105001172223?origin=resultslist","Laboratorio de Genética y Biotecnología Vegetal, Universidad Nacional San Cristóbal de Huamanga, Portal Constitución 57, Ayacucho, 05001, Peru; Instituto de Investigación en Ganadería y Biotecnología, Universidad Nacional Toribio Rodríguez de Mendoza de Amazonas, Cl. Higos Urco 342, Amazonas, 01001, Peru; Department of Plant Science, The Pennsylvania State University, University Park, 16802, PA, United States; Huck Institutes of the Life Sciences, The Pennsylvania State University, University Park, 16802, PA, United States; Unidad de Genómica, Facultad de Ciencias e Ingenieria, Universidad Peruana Cayetano Heredia (UPCH), Av. Honorio Delgado 430, Lima, 15102, Peru; Facultad de Medicina, Universidad Peruana Cayetano Heredia (UPCH), Av. Honorio Delgado 430, Lima, 15102, Peru; Facultad de Ingeniería y Ciencias Agrarias, Universidad Nacional Toribio Rodríguez de Mendoza de Amazonas (UNTRM), Cl. Higos Urco 342, Amazonas, 01001, Peru","De la Cruz G., Laboratorio de Genética y Biotecnología Vegetal, Universidad Nacional San Cristóbal de Huamanga, Portal Constitución 57, Ayacucho, 05001, Peru; Saldaña C.L., Instituto de Investigación en Ganadería y Biotecnología, Universidad Nacional Toribio Rodríguez de Mendoza de Amazonas, Cl. Higos Urco 342, Amazonas, 01001, Peru; Menéndez F., Department of Plant Science, The Pennsylvania State University, University Park, 16802, PA, United States, Huck Institutes of the Life Sciences, The Pennsylvania State University, University Park, 16802, PA, United States; Neyra E., Unidad de Genómica, Facultad de Ciencias e Ingenieria, Universidad Peruana Cayetano Heredia (UPCH), Av. Honorio Delgado 430, Lima, 15102, Peru, Facultad de Medicina, Universidad Peruana Cayetano Heredia (UPCH), Av. Honorio Delgado 430, Lima, 15102, Peru; Arbizu C.I., Facultad de Ingeniería y Ciencias Agrarias, Universidad Nacional Toribio Rodríguez de Mendoza de Amazonas (UNTRM), Cl. Higos Urco 342, Amazonas, 01001, Peru","Quinoa (Chenopodium quinoa, Amaranthaceae) is a pseudocereal native to the Andes of South America that contains high protein content and adequate nutrient levels. Peru possesses an abundant morphological diversity of quinoas and is among the top producers and exporters worldwide of this precious crop. However, knowledge about the genetic and population components of quinoa from the Peruvian Andes is still limited. Here, we used 13 microsatellite markers to determine the genetic diversity and population structure of 105 landraces of quinoa cultivated in 11 provinces of Ayacucho, the southern Peruvian Andes. A total of 285 bands were manually scored, generating a 105 × 285 presence/absence data set. Principal coordinate analysis, similar to a dendrogram using the UPGMA clustering algorithm, showed that quinoa from Ayacucho is grouped into three clusters without a clear geographic component. Estimation of the genetic diversity indices was conducted considering the three populations (C1: south 1, C2: south 2, C3: north) determined by STRUCTURE analysis, showing mean expected heterozygosity was 0.08, which may be attributed to high rates of inbreeding and genetic drift, as Ayacucho suffered decades of sociopolitical violence, promoting the migration of farmers. The highest population divergence (FST) was exhibited for C2 and C3 (0.03), whereas the lowest was for C1 and C3 (0.02). Analysis of molecular variance revealed the greatest variation within populations (80.07%) and indicated that variability between populations is 19.93%. Microsatellite markers were effective; however, more studies of the genetic components of quinoa from other Peruvian Andean localities are still needed. We expect that this work will help pave the way towards the development of modern breeding programs of quinoa in Peru, with accurate strategies for the conservation of this nutritious crop. © 2025 by the authors.","Andean crop; germplasm; molecular markers; SSR","Andes; Ayacucho; Peru; conservation status; genetic marker; genetic structure; germplasm; heterozygosity; inbreeding; population structure; protein; reproductive behavior; tuber","C.I. Arbizu; Facultad de Ingeniería y Ciencias Agrarias, Universidad Nacional Toribio Rodríguez de Mendoza de Amazonas (UNTRM), Amazonas, Cl. Higos Urco 342, 01001, Peru; email: carlos.arbizu@untrm.edu.pe","","Multidisciplinary Digital Publishing Institute (MDPI)","20734395","","","","English","Agronomy","Article","Final","All Open Access; Gold Open Access; Green Open Access","Scopus","2-s2.0-105001172223"
"Vidueiros S.M.; Curti R.N.; Dyner L.M.; Binaghi M.J.; Peterson G.; Bertero H.D.; Pallaro A.N.","Vidueiros, S.M. (15060584800); Curti, R.N. (39061195600); Dyner, L.M. (23481954700); Binaghi, M.J. (8296961900); Peterson, G. (7402563085); Bertero, H.D. (6603139565); Pallaro, A.N. (6602691854)","15060584800; 39061195600; 23481954700; 8296961900; 7402563085; 6603139565; 6602691854","Diversity and interrelationships in nutritional traits in cultivated quinoa (Chenopodium quinoa Willd.) from Northwest Argentina","2015","Journal of Cereal Science","62","","","87","93","57","10.1016/j.jcs.2015.01.001","https://www.scopus.com/pages/publications/84961290371?origin=resultslist","Department of Nutrition, Faculty of Pharmacy and Biochemistry, University of Buenos Aires, Junín 956- 2nd Floor, Buenos Aires, 1113, Argentina; Department of Plant Production, Faculty of Agronomy, University of Buenos Aires and IFEVA-Conicet, Av. San Martin 4453, Buenos Aires, 1417, Argentina; Botanical Research Laboratory (LABIBO-CONICET), National University of Salta, Argentina; Department of Food Science, Faculty of Pharmacy and Biochemistry, University of Buenos Aires, Argentina; PROPIA, University of La Plata, Argentina","Vidueiros S.M., Department of Nutrition, Faculty of Pharmacy and Biochemistry, University of Buenos Aires, Junín 956- 2nd Floor, Buenos Aires, 1113, Argentina; Curti R.N., Department of Plant Production, Faculty of Agronomy, University of Buenos Aires and IFEVA-Conicet, Av. San Martin 4453, Buenos Aires, 1417, Argentina, Botanical Research Laboratory (LABIBO-CONICET), National University of Salta, Argentina; Dyner L.M., Department of Food Science, Faculty of Pharmacy and Biochemistry, University of Buenos Aires, Argentina; Binaghi M.J., Department of Food Science, Faculty of Pharmacy and Biochemistry, University of Buenos Aires, Argentina; Peterson G., PROPIA, University of La Plata, Argentina; Bertero H.D., Department of Plant Production, Faculty of Agronomy, University of Buenos Aires and IFEVA-Conicet, Av. San Martin 4453, Buenos Aires, 1417, Argentina; Pallaro A.N., Department of Nutrition, Faculty of Pharmacy and Biochemistry, University of Buenos Aires, Junín 956- 2nd Floor, Buenos Aires, 1113, Argentina","Quinoa (Chenopodium quinoa Willd.) is one of the oldest crops in the American continent. It has been recognized as an extremely nutritious grain all over the world. The importance that quinoa could play in nutrition is being emphasized not only in developing countries but also in the developed world. This is the first study reporting the nutritional characterization of Argentinean quinoa germplasm and describing diversity and interrelationships among nutritional traits, less studied in quinoa, which could provide tools for breeding strategies. Nutritional properties of quinoa accessions collected in different eco-regions from Northwest Argentina but grown on the same environment show a wide range of variation with only subtle differences according to the population's region of origin. However, Argentinean quinoa germplasm did not show clear genetic structure across regions based on nutritional traits as is the case with phenotypic and genotypic traits evaluated on a similar set of accessions. © 2015 Elsevier Ltd.","Argentinean quinoa germplasm; Breeding strategies; Interrelationships; Nutritional properties","Chenopodium quinoa","","","Academic Press","07335210","","JCSCD","","English","J. Cereal Sci.","Article","Final","All Open Access; Bronze Open Access; Green Open Access","Scopus","2-s2.0-84961290371"
"García-Godos P.; Cueva-Castillo J.M.","García-Godos, Paula (57222185798); Cueva-Castillo, Judith M. (57222982165)","57222185798; 57222982165","Genetic variability of 29 Peruvian quinoa (Chenopodium quinoa Willd) accessions using AFLP markers and multivariate analysis","2021","Scientia Agropecuaria","12","1","","57","64","3","10.17268/SCI.AGROPECU.2021.007","https://www.scopus.com/pages/publications/85104334877?origin=resultslist","Laboratorio de Biotecnología Facultad de Ciencias Biológicas, Universidad Nacional San Cristóbal de Huamanga, Portal Independencia N 57, Huamanga, Ayacucho, Peru","García-Godos P., Laboratorio de Biotecnología Facultad de Ciencias Biológicas, Universidad Nacional San Cristóbal de Huamanga, Portal Independencia N 57, Huamanga, Ayacucho, Peru; Cueva-Castillo J.M., Laboratorio de Biotecnología Facultad de Ciencias Biológicas, Universidad Nacional San Cristóbal de Huamanga, Portal Independencia N 57, Huamanga, Ayacucho, Peru","Aiming to determine the genetic variability of accessions of Chenopodium quinoa Willd. ""Quinoa"" from the Germplasm Bank of INIA-Ayacucho, analyze 29 accessions, which were characterized using AFLP molecular markers. The quality of the DNA extracted by the Doyle and modified Doyle method was optimal for all samples, obtaining modifications in a range of 100-400 ng / μl. In the standardization of the AFLP technique, it was determined that the proteins between 100 and 200 ng / μl of digested DNA were adequate to efficiently develop the AFLP technique, and it was also determined that the preamplification products that allowed the resolution amplification profiles variables were higher with a 1:4 ratio. A total of 7 primer combinations generated 220 DNA bands, being 201 polymorphic loci. Molecular data grouped the accessions into seven groups at a similarity of 0.81 ultrametric units, of which a group is made up of 23 accessions and the remaining six made up of a single accession. It was found that the mean genetic variance was 0.306 ± 0.011, with a Shannon information index of 0.463 ± 0.015, these results showed that in the 29 quinoa accessions it presents a high degree of genetic variability and there is no duplicate accession. The study determines the genetic relationship and is essential to raise the genetic improvement and conservation of quinoa. © 2021 Universidad Nacional de Trujillo. All right reserved.","AFLPs; Chenopodium quinoa Willd; Genetic diversity; Genetic variability.; Genetic variation; Germplasm","","P. García-Godos; Laboratorio de Biotecnología Facultad de Ciencias Biológicas, Universidad Nacional San Cristóbal de Huamanga, Huamanga, Ayacucho, Portal Independencia N 57, Peru; email: paula.garciagodos@unsch.edu.pe","","Universidad Nacional de Trujillo","20779917","","","","English","Scientia Agropecu.","Article","Final","All Open Access; Gold Open Access; Green Open Access","Scopus","2-s2.0-85104334877"
"Danielsen S.; Munk L.","Danielsen, S. (7005913667); Munk, L. (6701529313)","7005913667; 6701529313","Evaluation of disease assessment methods in quinoa for their ability to predict yield loss caused by downy mildew","2004","Crop Protection","23","3","","219","228","59","10.1016/j.cropro.2003.08.010","https://www.scopus.com/pages/publications/1642446066?origin=resultslist","International Potato Center, Lima 12, Apdo. 1558, Peru; Department of Plant Biology, Roy. Vet. and Agric. University, 1871 Frederiksberg C, Thorvaldsensvej 40, Denmark; Danish Govt. Inst. Seed Pathol. D., Frederiksberg C, 1871, Thorvaldsensvej 57, Denmark","Danielsen S., International Potato Center, Lima 12, Apdo. 1558, Peru, Department of Plant Biology, Roy. Vet. and Agric. University, 1871 Frederiksberg C, Thorvaldsensvej 40, Denmark, Danish Govt. Inst. Seed Pathol. D., Frederiksberg C, 1871, Thorvaldsensvej 57, Denmark; Munk L., Department of Plant Biology, Roy. Vet. and Agric. University, 1871 Frederiksberg C, Thorvaldsensvej 40, Denmark","Seven disease assessment methods to measure severity of downy mildew (Peronospora farinosa f.sp. chenopodii) were tested in eight cultivars of quinoa (Chenopodium quinoa) in two field experiments in Peru, one at low (Lima) and one at high (Huancayo) disease pressure. Two levels of downy mildew were established by means of fungicide treatments. Area under disease progress curve (AUDPC) values were calculated for each method and correlated to the grain yield. In addition to the severity measurements, spectral reflectance was measured throughout the growth season in Huancayo and area under reflectance curve (AURC) values calculated and correlated to yield. The disease level was ten-fold higher in Huancayo compared to Lima. AUDPC based on the Three-leaf method (mean disease severity of three leaves per plant selected randomly from the lower, middle and upper part of the plant), showed the highest negative correlation to yield (r=-0.736) and is regarded as the best method to predict yield loss caused by downy mildew. In addition, this method proved to be the quickest and easiest compared to the other six methods included in the study, which were based on assessments of disease severity of the entire plant or parts of the plant. Yield losses recorded in the tested cultivars ranged from 33% to 99% under the high-disease conditions. The reflectance method was superior to all other methods by showing a higher correlation between AURC and yield (r=0.853), which is explained by its ability to measure pathogen-induced defoliation. Remote sensing is an excellent tool to compare the effect of treatments on disease severity within a cultivar. However, the method does not allow for comparison of disease severity among cultivars as the spectral reflectance is determined by size, shape and colour of the plant. The Three-leaf method provides an easy, cheap and readily applicable tool for researchers and plant breeders to study downy mildew of quinoa, characterise germplasm for resistance and compare results across regions and years. © 2003 Elsevier Ltd. All rights reserved.","Chenopodium quinoa; Disease assessment; Downy mildew; Peronospora farinosa f. sp. chenopodii; Quinoa; Reflectance; Yield loss","Peru; South America; Chenopodium; Chenopodium quinoa; Chenopodium quinoa; Peronospora; Peronospora farinosa; Peronospora farinosa; assessment method; crop yield; disease severity; fungal disease; spectral reflectance; yield response","S. Danielsen; Danish Govt. Inst. Seed Pathol. D., Frederiksberg C, 1871, Thorvaldsensvej 57, Denmark; email: soda@kvl.dk","","Elsevier BV","02612194","","CRPTD","","English","Crop Prot.","Article","Final","","Scopus","2-s2.0-1642446066"
"Ortiz R.; Madsen S.; Ruiz-Tapia E.N.; Jacobsen S.-E.; Mujica-Sánchez A.; Christiansen J.L.; Stølen O.","Ortiz, Rodomiro (7102061400); Madsen, Sten (8433594800); Ruiz-Tapia, Enrique N. (6507131954); Jacobsen, Sven-Erik (8607369400); Mujica-Sánchez, Angel (7003974103); Christiansen, Jørgen L. (56240491400); Stølen, Olav (6602114054)","7102061400; 8433594800; 6507131954; 8607369400; 7003974103; 56240491400; 6602114054","Validating a core collection of Peruvian quinoa germplasm","1999","Genetic Resources and Crop Evolution","46","3","","285","290","15","10.1023/A:1008636232584","https://www.scopus.com/pages/publications/0033429353?origin=resultslist","Roy. Vet. and Agric. University, Department of Agricultural Sciences, DK-1871 Frederiksberg C, Copenhagen, 40 Thorvaldsensvej, Denmark; Univ. Nacional del Altiplano-Puno, Puno, Av. del Ejército 329, Peru; Centro Internacional de la Papa, Lima, Apartado 1558, Peru","Ortiz R., Roy. Vet. and Agric. University, Department of Agricultural Sciences, DK-1871 Frederiksberg C, Copenhagen, 40 Thorvaldsensvej, Denmark; Madsen S., Roy. Vet. and Agric. University, Department of Agricultural Sciences, DK-1871 Frederiksberg C, Copenhagen, 40 Thorvaldsensvej, Denmark; Ruiz-Tapia E.N., Roy. Vet. and Agric. University, Department of Agricultural Sciences, DK-1871 Frederiksberg C, Copenhagen, 40 Thorvaldsensvej, Denmark, Univ. Nacional del Altiplano-Puno, Puno, Av. del Ejército 329, Peru; Jacobsen S.-E., Centro Internacional de la Papa, Lima, Apartado 1558, Peru; Mujica-Sánchez A., Univ. Nacional del Altiplano-Puno, Puno, Av. del Ejército 329, Peru; Christiansen J.L., Roy. Vet. and Agric. University, Department of Agricultural Sciences, DK-1871 Frederiksberg C, Copenhagen, 40 Thorvaldsensvej, Denmark; Stølen O., Roy. Vet. and Agric. University, Department of Agricultural Sciences, DK-1871 Frederiksberg C, Copenhagen, 40 Thorvaldsensvej, Denmark","A Peruvian quinoa core collection, containing 103 chosen ecotypes or landraces, was defined on a geographically stratified non-overlapping sampling procedure. The objective was to determine whether this protocol was correct. Hence, a phenotypic distance matrix among 76 accessions from this core collection was created by calculating the difference between each pair of accessions for each characteristic. These 76 accessions were chosen because they had complete data for eight morphological descriptors. The diversity index was calculated by averaging all the differences in the phenotypic value for each quantitative descriptor divided by the respective range, and considering a matching coefficient for the qualitative descriptors, i.e., 0 for characteristics that matched, and 1 if they did not. The total sum of squares from the analyses of variance for the phenotypic diversity index, based on morphological descriptors, was partitioned between and within Peruvian Departments. The between Department cluster variance was smaller (0.0022) than the within Department cluster variance (0.0144), because accessions with the same stem colour or similar inflorescence type and colour were grouped together irrespective of their Department. This was further corroborated by the average linkage cluster analysis, which was performed on the phenotypic diversity matrix to study the pattern of variation and the relationship between the quinoa landraces of this core subset according to their geographical origin. Within each sub-cluster (based on above qualitative descriptors) accessions were ranked by their Department of collection, which indicated that the sampling method was appropriate for choosing accessions for the Peruvian quinoa core collection.","Average linkage cluster analysis; Chenopodium quinoa; Geographical variation; Salt tolerance","analysis of variance; cluster analysis; genetic diversity; germplasm; inflorescence; landrace; Peru; phenotype; plant genetics; plant morphology; quantitative analysis","R. Ortiz; Royal Vet. and Agricultural Univ., Department of Agricultural Sciences, DK-1871 Frederiksberg C, Copenhagen, 40 Thorvaldsensvej, Denmark; email: ro@kvl.dk","","","09259864","","GRCEE","","English","Genet. Resour. Crop. Evol.","Article","Final","","Scopus","2-s2.0-0033429353"
"Quan Y.; Liu B.; Yuan F.; Li X.; Chen Z.","Quan, Youjuan (57896112500); Liu, Bo (57212449381); Yuan, Feimin (57424080900); Li, Xiang (57210945774); Chen, Zhiguo (55705604700)","57896112500; 57212449381; 57424080900; 57210945774; 55705604700","Karyotype Analysis of C. Quinoa Varieties with Different Seed Color; [不同籽粒颜色藜麦品种的核型分析]","2020","Acta Agriculturae Boreali-Sinica","35","","","72","77","0","10.7668/hbnxb.20191704","https://www.scopus.com/pages/publications/85208482943?origin=resultslist","Key Laboratory of Adaptation and Evolution of Plateaubiota, Northwest Plateau Institute of Biology, Chinese Academy of Science, Key Laboratory of Crop Molecular Breeding, Qinghai Provinces, Xining, 810008, China; University of Chinese Academy of Sciences, Beijing, 100049, China; Northwest Agriculture and Forestry University, Yangling, 712100, China","Quan Y., Key Laboratory of Adaptation and Evolution of Plateaubiota, Northwest Plateau Institute of Biology, Chinese Academy of Science, Key Laboratory of Crop Molecular Breeding, Qinghai Provinces, Xining, 810008, China, University of Chinese Academy of Sciences, Beijing, 100049, China; Liu B., Key Laboratory of Adaptation and Evolution of Plateaubiota, Northwest Plateau Institute of Biology, Chinese Academy of Science, Key Laboratory of Crop Molecular Breeding, Qinghai Provinces, Xining, 810008, China, University of Chinese Academy of Sciences, Beijing, 100049, China; Yuan F., Northwest Agriculture and Forestry University, Yangling, 712100, China; Li X., Key Laboratory of Adaptation and Evolution of Plateaubiota, Northwest Plateau Institute of Biology, Chinese Academy of Science, Key Laboratory of Crop Molecular Breeding, Qinghai Provinces, Xining, 810008, China, University of Chinese Academy of Sciences, Beijing, 100049, China; Chen Z., Key Laboratory of Adaptation and Evolution of Plateaubiota, Northwest Plateau Institute of Biology, Chinese Academy of Science, Key Laboratory of Crop Molecular Breeding, Qinghai Provinces, Xining, 810008, China","In order to determine the chromosome number and karyotype characteristics of the main Chenopodi-um varieties in Qinghai Province, three quinoa varieties with different seed colors Qaidam black-1 ( abbreviated as black quinoa) , Qaidam white-1 ( abbreviated as white quinoa) and Qaidam red-1 (abbreviated as red quinoa) were used as materials, and their root tips were sliced by using squashing method. Karyotype analysis was carried out through the steps of ice-water mixture pretreatment, Carnot fixed solution,45% acetic acid hydrolysis ,flame drying and pressing, microscopic examination, DAPI staining,fluorescence microscope photography etc. The results showed that :The chromosome numbers of the three color varieties were all 4n =36 ,and no aneuploid or polyploid phenomenon was found. The karyotype formula and the relative length composition of chromosome of black quinoa were 4n = 36 =32m(4AST) + 4sm,4n =36 =2L + 18M2 + 12M1 + 4S;the karyotype formula and the relative length of chromosome of white quinoa were 4n = 36 = 34 m ( 4 SAT) + 2sm ,4n =36 =2L + 20 M2 + 14 Ml; the karyotype formula and the relative length of chromosome of red quinoa were 4n =36 =34m(4SAT) +2sm,4n =36 =6L + 8M2 + 14M1 +8S. All varieties belong to 2B type and the asymmetry index were 58. 20% ,58. 22% and 58. 72% ,respectively, indicating that these varieties were more evolved. All the three varieties have two pairs of satellite, but there were differences in loction, which may be related to the heterologous origin of quinoa, self-pollination and other factors. This study can provide cytological basis for cross breeding, ploidy breeding, germplasm resource identification and gene mapping of C. quinoa. © 2020 Editorial Department of Acta Agriculurae Boreali-Sinica. All rights reserved.","Chenopodium quinoa Willd.; Chromosome; Karyotypic analysis; Seed color","","","","Editorial Department of Acta Agriculurae Boreali-Sinica","10007091","","","","Chinese","Acta. Agrícultur. Boreali. Sinica.","Article","Final","","Scopus","2-s2.0-85208482943"
"Mora-Ocación M.S.; Morillo-Coronado A.C.; Manjarres-Hernández E.H.","Mora-Ocación, Mary S. (57497447900); Morillo-Coronado, Ana Cruz. (57209509524); Manjarres-Hernández, Elsa Helena. (57217164726)","57497447900; 57209509524; 57217164726","Extraction and Quantification of Saponins in Quinoa (Chenopodium quinoa Willd.) Genotypes from Colombia","2022","International Journal of Food Science","2022","","7287487","","","35","10.1155/2022/7287487","https://www.scopus.com/pages/publications/85126616056?origin=resultslist","Escuela de Ingeniería Agronómica, Universidad Pedagógica y Tecnológica de Colombia, Tunja, 150003, Colombia; Escuela de Ciencias Biológicas, Universidad Pedagógica y Tecnológica de Colombia, Tunja, 150003, Colombia","Mora-Ocación M.S., Escuela de Ingeniería Agronómica, Universidad Pedagógica y Tecnológica de Colombia, Tunja, 150003, Colombia; Morillo-Coronado A.C., Escuela de Ingeniería Agronómica, Universidad Pedagógica y Tecnológica de Colombia, Tunja, 150003, Colombia; Manjarres-Hernández E.H., Escuela de Ciencias Biológicas, Universidad Pedagógica y Tecnológica de Colombia, Tunja, 150003, Colombia","Quinoa has a high nutraceutical potential because of the presence of secondary metabolites called saponins, which have industrial and medicinal uses and protect against attacks by pathogens. These compounds are found especially in the seed coat and give the grain a bitter taste; therefore, they must be eliminated before consumption. Despite the potential use in Colombia, there are few studies aimed at quantifying this metabolite. Therefore, the objective of this research was to evaluate two extraction methodologies (physical and chemical) and two methods for quantifying saponins in five quinoa genotypes grown in Colombia. The most efficient extraction method was the physical method. The saponin contents of the five genotypes were variable. The cluster analysis differentiated the genotypes into two groups: low saponin content (<4.49 mg/g seed) and high saponin content (>14.76 mg/g seeds). Blanca de Jericó had the lowest saponin content (<0.40%), and Amarilla de Maranganí had the highest content (>0.18%). Identifying more efficient methodologies for extracting and quantifying saponins will allow a better characterization of the germplasm and selection of genotypes with desirable characteristics for both consumption and industrial use.  © 2022 Mary S. Mora-Ocación et al.","","","E.H. Manjarres-Hernández; Escuela de Ciencias Biológicas, Universidad Pedagógica y Tecnológica de Colombia, Tunja, 150003, Colombia; email: elsa.manjarres@uptc.edu.co","","Hindawi Limited","23567015","","","","English","Int. J. Food Sci.","Article","Final","All Open Access; Gold Open Access; Green Open Access","Scopus","2-s2.0-85126616056"
"Barberini M.L.; Lee Y.S.; Guerrero L.D.; Obertello M.; Mazzella M.A.; Bertero D.; Grotewold E.; Muschietti J.P.","Barberini, María L. (57200710358); Lee, Yun Sun (25632420500); Guerrero, Leandro D. (57008797800); Obertello, Mariana (8926864600); Mazzella, María A. (7003555928); Bertero, Daniel (6603139565); Grotewold, Erich (26642884100); Muschietti, Jorge P. (6603569745)","57200710358; 25632420500; 57008797800; 8926864600; 7003555928; 6603139565; 26642884100; 6603569745","Comparative transcriptomic, proteomic, and amino acid content analyses of quinoa (Chenopodium quinoa) seed accessions from diverse geographic locations","2025","BMC Plant Biology","25","1","1002","","","1","10.1186/s12870-025-06913-z","https://www.scopus.com/pages/publications/105012264700?origin=resultslist","Instituto de Investigaciones en Ingeniería Genética y Biología Molecular, Dr. Héctor Torres (INGEBI-CONICET), Vuelta de Obligado 2490, Buenos Aires, C1428ADN, Argentina; Departamento de Biodiversidad y Biología Experimental, Facultad de Ciencias Exactas y Naturales, Universidad de Buenos Aires, Int. Güiraldes 2160, Ciudad Universitaria, Pabellón II, Buenos Aires, C1428EGA, Argentina; Department of Biochemistry and Molecular Biology, Michigan State University, East Lansing, 48824, MI, United States; Departamento de Fisiología y Biología Molecular, Facultad de Ciencias Exactas y Naturales, Universidad de Buenos Aires, Int. Güiraldes 2160, Ciudad Universitaria, Pabellón II, Buenos Aires, C1428EGA, Argentina; Instituto de Investigaciones Fisiológicas y Ecológicas Vinculadas a La Agricultura (IFEVA-CONICET), Av. San Martín 4453, Buenos Aires, C1417DSE, Argentina; Cátedra de Producción Vegetal, Facultad de Agronomía, Universidad de Buenos Aires (FAUBA), Av. San Martín 4453, Buenos Aires, C1417DSE, Argentina; Present Address: Crop Biotechnology Institute, Institutes of Green-bioScience and Technology and Department of International Agricultural Technology, Seoul National University, Pyeongchang, 25354, South Korea; Department of International Agricultural Technology, Seoul National University, Pyeongchang, 25354, South Korea","Barberini M.L., Instituto de Investigaciones en Ingeniería Genética y Biología Molecular, Dr. Héctor Torres (INGEBI-CONICET), Vuelta de Obligado 2490, Buenos Aires, C1428ADN, Argentina; Lee Y.S., Department of Biochemistry and Molecular Biology, Michigan State University, East Lansing, 48824, MI, United States, Present Address: Crop Biotechnology Institute, Institutes of Green-bioScience and Technology and Department of International Agricultural Technology, Seoul National University, Pyeongchang, 25354, South Korea, Department of International Agricultural Technology, Seoul National University, Pyeongchang, 25354, South Korea; Guerrero L.D., Instituto de Investigaciones en Ingeniería Genética y Biología Molecular, Dr. Héctor Torres (INGEBI-CONICET), Vuelta de Obligado 2490, Buenos Aires, C1428ADN, Argentina; Obertello M., Instituto de Investigaciones en Ingeniería Genética y Biología Molecular, Dr. Héctor Torres (INGEBI-CONICET), Vuelta de Obligado 2490, Buenos Aires, C1428ADN, Argentina, Departamento de Fisiología y Biología Molecular, Facultad de Ciencias Exactas y Naturales, Universidad de Buenos Aires, Int. Güiraldes 2160, Ciudad Universitaria, Pabellón II, Buenos Aires, C1428EGA, Argentina; Mazzella M.A., Instituto de Investigaciones en Ingeniería Genética y Biología Molecular, Dr. Héctor Torres (INGEBI-CONICET), Vuelta de Obligado 2490, Buenos Aires, C1428ADN, Argentina; Bertero D., Instituto de Investigaciones Fisiológicas y Ecológicas Vinculadas a La Agricultura (IFEVA-CONICET), Av. San Martín 4453, Buenos Aires, C1417DSE, Argentina, Cátedra de Producción Vegetal, Facultad de Agronomía, Universidad de Buenos Aires (FAUBA), Av. San Martín 4453, Buenos Aires, C1417DSE, Argentina; Grotewold E., Department of Biochemistry and Molecular Biology, Michigan State University, East Lansing, 48824, MI, United States; Muschietti J.P., Instituto de Investigaciones en Ingeniería Genética y Biología Molecular, Dr. Héctor Torres (INGEBI-CONICET), Vuelta de Obligado 2490, Buenos Aires, C1428ADN, Argentina, Departamento de Biodiversidad y Biología Experimental, Facultad de Ciencias Exactas y Naturales, Universidad de Buenos Aires, Int. Güiraldes 2160, Ciudad Universitaria, Pabellón II, Buenos Aires, C1428EGA, Argentina","Background: Quinoa (Chenopodium quinoa), a pseudocereal native to the Andean regions, is mainly characterized by the quality and nutritional value of its proteins due to an excellent balance of essential amino acids. To identify nutritional attributes and compare different germplasm accessions, we conducted comparative transcriptomic and proteomic studies on a total of five quinoa accessions. These include four accessions from different genetic groups representing dry valleys, dry highlands, transition areas, and humid valleys in the Northwest Argentina region (NWA), as well as QQ74, a sequenced Chilean coastal accession. Results: We analyzed the quinoa seed transcriptome of four different accessions by aligning the RNA-seq results with the second version of the QQ74 genome (QQ74-V2). After filtering and normalizing 29,355 transcripts, we observed that QQ74 was most distinct compared to NWA accessions. Subsequently, we performed a transcript differential analysis in the ten pairwise comparisons and identified a total of 3,014 differentially expressed genes (DEGs). A Gene Ontology (GO) enrichment analysis of these DEGs showed that the accession representing the NWA transition area was enriched in terms related to oxidative phosphorylation and heat response. Furthermore, using 2D-gel electrophoresis followed by mass spectrometry, we demonstrated that storage proteins, specifically 11S globulin, 13S globulin and vicilin-like antimicrobial peptides, were the most abundant proteins in quinoa seeds of the five accessions. In addition, we observed that some of these proteins were differentially expressed between accessions. In terms of total amino acid content, statistically significant differences between some of the accessions were found only for lysine and leucine. Conclusions: The comparison of RNA-seq profiles among accessions grown in various geographical regions unveiled DEGs that could play a role in heat tolerance and plant development. These genes may contribute to the enhancement of quinoa through selective breeding processes. © The Author(s) 2025.","2D Gel Proteomics; Chenopodium quinoa; Gene Ontology; Heat Response; Oxidative Phosphorylation; Transcriptome Analysis","Amino Acids; Argentina; Chenopodium quinoa; Gene Expression Profiling; Gene Expression Regulation, Plant; Plant Proteins; Proteome; Proteomics; Seeds; Transcriptome; amino acid; plant protein; proteome; transcriptome; Argentina; chemistry; Chenopodium quinoa; comparative study; gene expression profiling; gene expression regulation; genetics; metabolism; plant seed; proteomics","J.P. Muschietti; Instituto de Investigaciones en Ingeniería Genética y Biología Molecular, Dr. Héctor Torres (INGEBI-CONICET), Buenos Aires, Vuelta de Obligado 2490, C1428ADN, Argentina; email: prometeo@dna.uba.ar","","BioMed Central Ltd","14712229","","","40745271","English","BMC Plant Biol.","Article","Final","All Open Access; Gold Open Access; Green Open Access","Scopus","2-s2.0-105012264700"
"De Santis G.; Maddaluno C.; D’Ambrosio T.; Rascio A.; Rinaldi M.; Troisi J.","De Santis, Giuditta (7004812104); Maddaluno, Carmen (57003667200); D’Ambrosio, Tiziana (57192706138); Rascio, Agata (6603146499); Rinaldi, Michele (7202149739); Troisi, Jacopo (38362669600)","7004812104; 57003667200; 57192706138; 6603146499; 7202149739; 38362669600","Characterisation of quinoa (Chenopodium quinoa willd.) accessions for the saponin content in Mediterranean environment","2016","Italian Journal of Agronomy","11","4","774","277","281","36","10.4081/ija.2016.774","https://www.scopus.com/pages/publications/85007418094?origin=resultslist","Research Centre for the Cereal, Council for Agricultural Research and Economics, Foggia, Italy; Department of Agriculture, Food and Environment, University of Foggia, Italy; Laboratorio Chimico-Merceologico, Camera di Commercio, Napoli, Italy","De Santis G., Research Centre for the Cereal, Council for Agricultural Research and Economics, Foggia, Italy; Maddaluno C., Research Centre for the Cereal, Council for Agricultural Research and Economics, Foggia, Italy; D’Ambrosio T., Department of Agriculture, Food and Environment, University of Foggia, Italy; Rascio A., Research Centre for the Cereal, Council for Agricultural Research and Economics, Foggia, Italy; Rinaldi M., Research Centre for the Cereal, Council for Agricultural Research and Economics, Foggia, Italy; Troisi J., Laboratorio Chimico-Merceologico, Camera di Commercio, Napoli, Italy","Seeds of the Andean seed crop quinoa (Chenopodium quinoa Willd.) usually contain saponins in the seed coat. Saponins give a bitter taste sensation and are a serious antinutritional factor, therefore selection of sweet genotypes with a very low saponin content in the seeds is a main breeding goal. The objective of this work was to identify, within germplasm lines of quinoa, previously selected for production and quality traits, superior genotypes low in saponins. For this purpose the total saponin content was determined in seeds of eight lines of quinoa and one variety (cv. Regalona Baer) as a control, previously evaluated over a 2-year period in a Southern Italy environment. Significant variation for the saponin content was observed among the evaluated genotypes. The total saponin content ranged from 0.10 to 1.80%, with the Q12 genotype showing the lowest value, suggesting the possibility of selecting genotypes sweet to be used in subsequent genetic improvement programs. Based on these results, in fact, it was possible to identify, among the accessions previously selected, particularly suitable for growing in Mediterranean area, some genotypes with high yields of seed (2.5 tha–1, on average), high protein (17%, on average) and fibres (13%, on average) and low content in saponins (0.57%, on average). © G. De Santis et al., 2016.","Genotypes; Grain saponin content; Quinoa; Seed yield","Italy; Chenopodium quinoa; biochemical composition; crop yield; genotype; germplasm; herb; Mediterranean environment; nutritional status; protein; seed; selective breeding; taste","G. De Santis; Consiglio per la ricerca in agricoltura e l’analisi dell’economia agraria (CREA), Centro di Ricerca per la Cerealicoltura, Foggia, S.S. 673, Km 25,200, Italy; email: giuditta.desantis@crea.gov.it","","Page Press Publications","11254718","","","","English","Ital. J. Agron.","Article","Final","All Open Access; Gold Open Access; Green Open Access","Scopus","2-s2.0-85007418094"
"Jiang R.; Liu W.; Wang W.; Du X.; Yang F.; Huang J.; Wei Y.","Jiang, Rui (60592535100); Liu, Wenyu (57196424139); Wang, Wangtian (42662293400); Du, Xuefen (60593025700); Yang, Farong (57191406034); Huang, Jie (57191419613); Wei, Yuming (57191416884)","60592535100; 57196424139; 42662293400; 60593025700; 57191406034; 57191419613; 57191416884","Comprehensive evaluation of low-temperature tolerance of 50 quinoa germplasm materials at the germination stage; [50 份藜麦种质材料萌发期耐低温综合评价]","2026","Pratacultural Science","43","1","","160","175","0","10.11829/j.issn.1001-0629.2024-0584","https://www.scopus.com/pages/publications/105036410295?origin=resultslist","College of Life Science and Technology, Gansu Agricultural University, Gansu, Lanzhou, 730070, China; Institute of Pasture and Green Agriculture, Gansu Academy of Agricultural Sciences, Gansu, Lanzhou, 730070, China","Jiang R., College of Life Science and Technology, Gansu Agricultural University, Gansu, Lanzhou, 730070, China; Liu W., College of Life Science and Technology, Gansu Agricultural University, Gansu, Lanzhou, 730070, China; Wang W., College of Life Science and Technology, Gansu Agricultural University, Gansu, Lanzhou, 730070, China; Du X., Institute of Pasture and Green Agriculture, Gansu Academy of Agricultural Sciences, Gansu, Lanzhou, 730070, China; Yang F., Institute of Pasture and Green Agriculture, Gansu Academy of Agricultural Sciences, Gansu, Lanzhou, 730070, China; Huang J., Institute of Pasture and Green Agriculture, Gansu Academy of Agricultural Sciences, Gansu, Lanzhou, 730070, China; Wei Y., Institute of Pasture and Green Agriculture, Gansu Academy of Agricultural Sciences, Gansu, Lanzhou, 730070, China","To identify low-temperature tolerance indicators at the germination stage of quinoa (Chenopodium quinoa), establish a comprehensive evaluation system, and explore low-temperature tolerant germplasm resources, this study evaluated 50 quinoa germplasm materials by measuring seed germination rate, germination energy, germination index, and germination speed index under low-temperature stress. A comprehensive assessment was conducted using principal component analysis, membership function analysis, and cluster analysis. The results showed that under low-temperature stress, germination rate, germination energy, germination index, and germination speed index all decreased, with reductions of 64.35%, 27.20%, 100.62, and 2.01, respectively, compared withthe normal temperature control. The coefficient of variation for germination index and germination speed index both decreased by 15.23% under stress, indicating their potential as key indicators for evaluating low-temperature tolerance during quinoa germination. Based on membership function comprehensive evaluation, the 50 quinoa accessions were classified into four grades. Cluster analysis was used to further divide them into four categories, identifying nine accessions with strong low-temperature tolerance, 21 with moderate tolerance, 19 with weak tolerance, and one cold-sensitive accession. © (2026), (Editorial Office of Pratacultural Science). All rights reserved.","主成分分析; 发芽势; 发芽指数; 发芽速度指数; 聚类分析; 评价发芽率; 隶属函数","","W. Wang; College of Life Science and Technology, Gansu Agricultural University, Lanzhou, Gansu, 730070, China; email: wtwang@gsau.edu.cn","","Editorial Office of Pratacultural Science","10010629","","","","English","Pratacultural. Sci.","Article","Final","","Scopus","2-s2.0-105036410295"
"Hernández E.H.M.; Coronado A.C.M.; Ardila W.L.R.","Hernández, Elsa Helena Manjarres (57217164726); Coronado, Ana Cruz Morillo (59454666900); Ardila, Wendy Lorena Reyes (57218587522)","57217164726; 59454666900; 57218587522","Seed quality of 22 quinoa materials (chenopodium quinoa willd.) from the department of Boyaca","2020","Revista Ceres","67","4","","306","311","5","10.1590/0034-737X202067040008","https://www.scopus.com/pages/publications/85090224722?origin=resultslist","Universidad Pedagógica y Tecnológica de Colombia, Facultad Ciencias Agropecuarias, Tunja, Boyacá, Colombia","Hernández E.H.M., Universidad Pedagógica y Tecnológica de Colombia, Facultad Ciencias Agropecuarias, Tunja, Boyacá, Colombia; Coronado A.C.M., Universidad Pedagógica y Tecnológica de Colombia, Facultad Ciencias Agropecuarias, Tunja, Boyacá, Colombia; Ardila W.L.R., Universidad Pedagógica y Tecnológica de Colombia, Facultad Ciencias Agropecuarias, Tunja, Boyacá, Colombia","Chenopodium quinoa Willd. is a pseudocereal with seeds that are a rich source of vitamins and minerals. However, there are few studies on quinoa seed quality, especially for the Colombian germplasm. So, the objective of this research was to determine the quality of 22 quinoa materials from the Department of Boyaca by evaluating the physical (color, shape and diameter) and physiological (tetrazolium test) quality of the seeds. It was found that 36% of the materials had a white grain color, 80% cylindrical shape, 65% smooth edges and diameters smaller than 2mm, desirable characteristics for post-harvest processes. The evaluated physical characteristics presented high variability between the evaluated materials, which is desirable for elite breeding processes. The imbibition rate showed that germination was rapid (at 4 hours, the weight of the seeds doubled), that is, the materials were not dormant. Finally, it was determined that storage conditions, such as temperature and relative humidity, are essential for preventing deterioration in quinoa seeds; these factors can also affect germination and long-term vigor. © 2020 Universidade Federal de Vicosa.","Cereal; Germination; Viability; Vigor","","A.C.M. Coronado; Universidad Pedagógica y Tecnológica de Colombia, Facultad Ciencias Agropecuarias, Tunja, Boyacá, Colombia; email: ana.morillo@uptc.edu.co","","Universidade Federal de Vicosa","0034737X","","","","English","Rev. Ceres","Article","Final","All Open Access; Gold Open Access; Green Open Access","Scopus","2-s2.0-85090224722"
"Hossein-Pour A.; Haliloglu K.; Ozkan G.; Tan M.","Hossein-Pour, A. (57192678010); Haliloglu, K. (6505788069); Ozkan, G. (57205503669); Tan, M. (7401464697)","57192678010; 6505788069; 57205503669; 7401464697","Genetic diversity and population structure of quinoa (Chenopodium Quinoa Willd.) Using iPBS- retrotransposons markers","2019","Applied Ecology and Environmental Research","17","2","","1899","1911","17","10.15666/aeer/1702_18991911","https://www.scopus.com/pages/publications/85064252361?origin=resultslist","Department of Field Crops, Faculty of Agriculture, Atatürk University, Erzurum, 25240, Turkey","Hossein-Pour A., Department of Field Crops, Faculty of Agriculture, Atatürk University, Erzurum, 25240, Turkey; Haliloglu K., Department of Field Crops, Faculty of Agriculture, Atatürk University, Erzurum, 25240, Turkey; Ozkan G., Department of Field Crops, Faculty of Agriculture, Atatürk University, Erzurum, 25240, Turkey; Tan M., Department of Field Crops, Faculty of Agriculture, Atatürk University, Erzurum, 25240, Turkey","Quinoa (Chenopodium quinoa Willd.) is a nutritionally important plant with a good protein quality and a high concentration of vitamins and minerals. It has been cultured for several thousand years in South America. In this study, we investigated the use of inter-primer binding site (iPBS) for the molecular characterization of 17 quinoa genotypes (Chenopodium quinoa Willd.) cultivated in Turkey. For this purpose, 25 iPBS markers were employed, and six primers provided sufficient polymorphic data generating a total of 19 alleles with an average of 2.83 bands/primer. The number of iPBS bands per individual was calculated as 1.12. The rate of polymorphism information content ranged from 0.02 to 0.49 with an average of 0.20. Genetic associations were assessed using the Dice dissimilarity coefficient between different pairs of accessions and revealed an average value of 0.84 for the French population and Q-52 genotypes. Cluster analysis on the unweighted pair-group mean average divided the 17 quinoa genotypes into two major clusters. The results of the principal component analysis were in agreement with those of the cluster analysis. The highest number of alleles, Nei’s genetic diversity, and Shannon’s information index were obtained from the French Vanilla genotype at 1.99, 0.50 and 0.69, respectively, whereas the lowest values were observed in the Q-52 genotype at 1.10, 0.09 and 0.20, respectively. The expected heterozygosity ranged from 0.398 in the first sub-population to 0.140 in the second sub- population with an average of 0.269. The mean population differentiation measurement (F st) values of the sub-populations were 0.048 and 0.676 for the first and second sub-populations, respectively. The results of this study provide useful information for the management of the quinoa germplasm and contribute to the improvement of existing breeding approaches. They also presented the iPBS marker system as a suitable tool for identification and genetic diversity analysis of quinoa genotypes. © 2019, ALÖKI Kft., Budapest, Hungary.","Bayesian clustering; Chenopodium quinoa; Genetic diversity; iPBS","","K. Haliloglu; Department of Field Crops, Faculty of Agriculture, Atatürk University, Erzurum, 25240, Turkey; email: kamilh@atauni.edu.tr","","Corvinus University of Budapest","15891623","","","","English","Appl. Ecol. Environ. Res.","Article","Final","All Open Access; Gold Open Access","Scopus","2-s2.0-85064252361"
"Accogli R.; Albano A.; Miceli A.","Accogli, Rita (23972479200); Albano, Antonella (55787243400); Miceli, Antonio (6603935674)","23972479200; 55787243400; 6603935674","Characterization of germplasm of some commercial varieties of chenopodium quinoa Willd; [caratterizzazione di germoplasma di alcune varietà commerciali di Chenopodium quinoa Willd]","2015","Italian Botanist","47","2","","299","301","0","","https://www.scopus.com/pages/publications/85050021785?origin=resultslist","Dipartimento di Scienze e Tecnologie Biologiche ed Ambientali (Di.S.Te.B.A.), Università del Salento, Centro Ecotekne, Via Provinciale per Monteroni, Lecce, 73100, Italy","Accogli R., Dipartimento di Scienze e Tecnologie Biologiche ed Ambientali (Di.S.Te.B.A.), Università del Salento, Centro Ecotekne, Via Provinciale per Monteroni, Lecce, 73100, Italy; Albano A., Dipartimento di Scienze e Tecnologie Biologiche ed Ambientali (Di.S.Te.B.A.), Università del Salento, Centro Ecotekne, Via Provinciale per Monteroni, Lecce, 73100, Italy; Miceli A., Dipartimento di Scienze e Tecnologie Biologiche ed Ambientali (Di.S.Te.B.A.), Università del Salento, Centro Ecotekne, Via Provinciale per Monteroni, Lecce, 73100, Italy","In this paper are exposed the main actions taken by the Botanical garden of diSteBa for growing some varieties of Chenopodium quinoa Willd, whose seeds are already present and spread throughout the country from the chains of food distribution. Were characterized the seeds on three samples from Brazil, Bolivia and peru; tests of germination and cultivation in field were performed. the failure of the cultivation lead us to further insights about the soil and climate conditions necessary for the different varieties. © 2018 Società Botanica Italiana onlus.","Chenopodium quinoa; Cultivation; Seeds characterization","","","","Pensoft Publishers","25314033","","","","Italian","Ital. Bot.","Conference paper","Final","","Scopus","2-s2.0-85050021785"
"Craine E.B.; Murphy K.M.","Craine, Evan B. (57218659414); Murphy, Kevin M. (57213539673)","57218659414; 57213539673","Seed Composition and Amino Acid Profiles for Quinoa Grown in Washington State","2020","Frontiers in Nutrition","7","","126","","","81","10.3389/fnut.2020.00126","https://www.scopus.com/pages/publications/85089938527?origin=resultslist","Department of Crop and Soil Sciences, Washington State University, Pullman, WA, United States","Craine E.B., Department of Crop and Soil Sciences, Washington State University, Pullman, WA, United States; Murphy K.M., Department of Crop and Soil Sciences, Washington State University, Pullman, WA, United States","Quinoa (Chenopodium quinoa Willd.) is a pseudocereal celebrated for its excellent nutritional quality and potential to improve global food security, especially in marginal environments. However, minimal information is available on how genotype influences seed composition, and thus, nutritional quality. This study aimed to provide a baseline for nutritional quality of Washington grown quinoa and test the hypothesis that these samples contain adequate amounts of essential amino acids to meet daily requirements set by the World Health Organization (WHO). One hundred samples, representing commercial varieties and advanced breeding lines adapted to Washington State, were analyzed for content of 23 amino acids, as well as crude protein, ash, moisture, and crude fat. Mean essential amino acid values for Washington grown quinoa met the daily requirements for all age groups for all essential amino acids, except for the amount of leucine required by infants. We found that only nine genotypes met the leucine requirements for all age groups. A total of 52 and 94 samples met the lysine and tryptophan requirements for all age groups, respectively. Mean values for isoleucine, leucine, lysine, tryptophan, valine, and the sulfur and aromatic amino acids are higher for Washington grown samples than those reported previously reported in the literature. Our results show that not all Washington grown quinoa samples meet daily requirements of essential amino acids, and we identify limiting amino acids for the germplasm and environments investigated. This study provides the first report of leucine as a limiting amino acid in quinoa. Additional research is needed to better understand variation in quinoa nutritional composition, identify varieties that meet daily requirements, and explore how genotype, environment, and management interactions influence nutritional quality. © Copyright © 2020 Craine and Murphy.","complete protein; essential amino acid; limiting; protein quality; quinoa","","K.M. Murphy; Department of Crop and Soil Sciences, Washington State University, Pullman, United States; email: kmurphy2@wsu.edu","","Frontiers Media S.A.","2296861X","","","","English","Front. Nutr.","Article","Final","All Open Access; Gold Open Access; Green Open Access","Scopus","2-s2.0-85089938527"
"Curti R.N.; de la Vega A.J.; Andrade A.J.; Bramardi S.J.; Bertero H.D.","Curti, R.N. (39061195600); de la Vega, A.J. (7005522578); Andrade, A.J. (54782168300); Bramardi, S.J. (8656302200); Bertero, H.D. (6603139565)","39061195600; 7005522578; 54782168300; 8656302200; 6603139565","Adaptive responses of quinoa to diverse agro-ecological environments along an altitudinal gradient in North West Argentina","2016","Field Crops Research","189","","","10","18","29","10.1016/j.fcr.2016.01.014","https://www.scopus.com/pages/publications/84960193422?origin=resultslist","Departamento de Producción Vegetal, CONICET/Facultad de Agronomía, Universidad de Buenos Aires, Avenida San Martín 4453, Buenos Aires, C1417DSE, Argentina; DuPont Pioneer, San José de la Rinconada, Sevilla, 41300, Spain; INBIAL (Instituto de Biología de la Altura), Universidad Nacional de Jujuy, Av. Bolivia 1661, San Salvador de Jujuy, Jujuy, Argentina; Facultad de Ciencias Agrarias, Universidad Nacional del Comahue, Ruta 151, C.C. 85, Cinco Saltos, Río Negro, 8303, Argentina; Instituto de Investigaciones Fisiológicas y Ecológicas Vinculadas a la Agricultura, Avenida San Martín 4453, Buenos Aires, C1417DSE, Argentina","Curti R.N., Departamento de Producción Vegetal, CONICET/Facultad de Agronomía, Universidad de Buenos Aires, Avenida San Martín 4453, Buenos Aires, C1417DSE, Argentina; de la Vega A.J., DuPont Pioneer, San José de la Rinconada, Sevilla, 41300, Spain; Andrade A.J., INBIAL (Instituto de Biología de la Altura), Universidad Nacional de Jujuy, Av. Bolivia 1661, San Salvador de Jujuy, Jujuy, Argentina; Bramardi S.J., Facultad de Ciencias Agrarias, Universidad Nacional del Comahue, Ruta 151, C.C. 85, Cinco Saltos, Río Negro, 8303, Argentina; Bertero H.D., Departamento de Producción Vegetal, CONICET/Facultad de Agronomía, Universidad de Buenos Aires, Avenida San Martín 4453, Buenos Aires, C1417DSE, Argentina, Instituto de Investigaciones Fisiológicas y Ecológicas Vinculadas a la Agricultura, Avenida San Martín 4453, Buenos Aires, C1417DSE, Argentina","Quinoa is an important Andean grain crop grown in a wide range of tropical and temperate environments. Time to flowering is an important trait determining grain yield. This work aimed to understand how responses to photoperiod and temperature might alter plant leaf and floral development. To assess the likely degree of G × E interactions, eleven quinoa accessions from a wide range of environments of origin within Northwest Argentina were grown in several sowing dates over two seasons at a high altitude site. In a third season at a low altitude site, a subset of six accessions planted in pots in the field was exposed to two artificially extended and a control (natural) photoperiod. Time to the appearance of floral buds and anthesis were recorded as was leaf number. A photothermal model developed for quinoa was used to compare responses to photoperiod. Plant development rates to visible floral buds and anthesis stages and phyllochron varied widely amongst accessions and across environments within a short day response though phyllochron varied mostly during the reproductive phase. There was a very strong association between time to flowering and altitude of origin (r = -0.98), mean temperature of the wettest quarter (r = 0.98) and Normalized Difference Vegetation Index values (r = 0.73). Photoperiod sensitivity was higher for accessions from the lowlands (normally late flowering), while temperature sensitivity was greatest for accessions from the highlands (early flowering); most variation for these traits detected at the species level was found in North West Argentina. Genotype by environment interactions for yield were related to the traits examined in this study and considering their high heritability it is suggested that quinoa breeding programs targeted for specific adaptation to a wide range of environments can be developed from this germplasm. © 2016 Elsevier B.V.","Chenopodium quinoa Willd.; Flowering; Genotype × environment interaction; Phyllochron","Argentina; Chenopodium quinoa; adaptation; agroecology; altitude; crop plant; environmental gradient; flowering; genotype-environment interaction; herb; leaf; NDVI; photoperiod; selective breeding; temperature effect; wild population","R.N. Curti; Laboratorio de Investigaciones Botánicas (LABIBO/CONICET), Facultad de Ciencias Naturales, Universidad Nacional de Salta, Salta, Av. Bolivia 5150, Argentina; email: rcurti@agro.uba.ar","","Elsevier B.V.","03784290","","FCRED","","English","Field Crops Res.","Article","Final","All Open Access; Bronze Open Access; Green Open Access","Scopus","2-s2.0-84960193422"
"Tao X.; Yao X.; Yao Y.","Tao, Xiaosuo (59679051200); Yao, Xiaohua (57194422996); Yao, Youhua (57196955980)","59679051200; 57194422996; 57196955980","Analysis of grain phenotype, filling characteristics, and starch synthase activity in Chenopodium quinoa with different grain sizes; [大小粒型藜麦籽粒表型、灌浆特性及淀粉合成酶活性的差异分析]","2024","Acta Botanica Boreali-Occidentalia Sinica","44","3","","362","369","0","10.7606/j.issn.1000-4025.20230134","https://www.scopus.com/pages/publications/105009440819?origin=resultslist","Academy of Agriculture and Forestry Sciences, Qinghai University, Xining, 810016, China; Qinghai-Tibet Plateau Germplasm Resources Research and Utilization Laboratory, Xining, 810016, China","Tao X., Academy of Agriculture and Forestry Sciences, Qinghai University, Xining, 810016, China; Yao X., Academy of Agriculture and Forestry Sciences, Qinghai University, Xining, 810016, China, Qinghai-Tibet Plateau Germplasm Resources Research and Utilization Laboratory, Xining, 810016, China; Yao Y., Academy of Agriculture and Forestry Sciences, Qinghai University, Xining, 810016, China, Qinghai-Tibet Plateau Germplasm Resources Research and Utilization Laboratory, Xining, 810016, China","[Objective] Grain size significantly influences the yield, marketability, and processing characteristics of quinoa (Chenopodium quinoa). Understanding the grain phenotypes, filling characteristics, and starch synthase activity of large- and small-grained quinoa during the filling period can provide guidance for the selection and breeding of large grain quinoa varieties. [Methods] Two quinoa samples, one with a thousand grain weight exceeding 5.0 g and the other is below 3.0 g, were selected for a field experiment at the Innovative Experimental Base of Germplasm Resources of Qinghai Academy of Agricultural and Forestry Sciences. The study compared the difference of grain phenotypes, filling characteristics, and starch synthase activity between large- and small-grained quinoa at 7, 14, 21, and 28 days of the filling stage. [Results] (1) The phenotypic traits of large- and small-grained quinoa, including grain area, circumference, diameter, kernel length, and kernel width, were significantly increased during reproductive period. There were significant differences between grain types, where the largest differences were in grain area and circumference, with the large-grained quinoa was significantly higher than small-grained quinoa by 9.12% to 11.54% and 21.49 to 23.92%, respectively. (2) Throughout the filling period, the dry mass of 100 grains of large-grained quinoa exceeded that of small-grained quinoa, with an average increase of 21.23% to 31.04%; the filling rate of large and small-grained quinoa rose first and declined subsequently during the reproductive period, which was in the pattern of ""slow-fast-slow"". However, the time to reach the peak and the peak height were different, with large-grained quinoa was early and high, while small-grained quinoa was low and late. (3) The starch branching enzyme (SBE), sucrose synthase (SS), soluble starch synthase (SSS), and ADPG pyrophosphorylase (AGP) varied for both grain sizes, with SBE and SS activities being stronger in small-grained quinoa than in large-grained quinoa, while SSS and AGP activities were stronger in large-grained quinoa than in small-grained quinoa. [Conclusion] Variations in the activities of four starch synthases during grain filling contribute to differences in starch accumulation and peak filling rate, which in turn leads to differences in grain phenotypic traits, whereas SSS and AGPase are the key enzymes affecting quinoa grain size. © 2024 Science Press. All rights reserved.","filling characteristics; grain phenotype; grain size; quinoa; starch synthase activity","","Y. Yao; Academy of Agriculture and Forestry Sciences, Qinghai University, Xining, 810016, China; email: youhua8888@126.com","","Science Press","10004025","","","","Chinese","Acta Botanica Boreal. Occidentalia  Sinica","Article","Final","","Scopus","2-s2.0-105009440819"
"Hou L.; Chen Y.; Wang Y.; Hong D.; Wang Y.; Chen Z.; Wu S.; Dong Y.","Hou, Liyuan (56739884900); Chen, Yuhuai (57848889100); Wang, Yuchuan (57901890900); Hong, Danxia (59699590800); Wang, Yixue (53986839400); Chen, Zhe (59700366800); Wu, Shenjie (56161410100); Dong, Yanhui (57221416686)","56739884900; 57848889100; 57901890900; 59699590800; 53986839400; 59700366800; 56161410100; 57221416686","Influence of Drought Stress Duration on Quinoa Physiological Characteristics and Drought Tolerance Evaluation at Seedling Stage; [干旱胁迫时间对藜麦苗期生理特性的影响及耐旱性评价]","2024","Journal of Nuclear Agricultural Sciences","38","11","","2237","2246","3","10.11869/j.issn.1000-8551.2024.11.2237","https://www.scopus.com/pages/publications/105000383925?origin=resultslist","College of Life Sciences, Shanxi Agricultural University, Shanxi, Taiyuan, 030031, China; Department of Statistics and Actuarial Science, The University of Hong Kong, 999077, Hong Kong","Hou L., College of Life Sciences, Shanxi Agricultural University, Shanxi, Taiyuan, 030031, China; Chen Y., Department of Statistics and Actuarial Science, The University of Hong Kong, 999077, Hong Kong; Wang Y., College of Life Sciences, Shanxi Agricultural University, Shanxi, Taiyuan, 030031, China; Hong D., College of Life Sciences, Shanxi Agricultural University, Shanxi, Taiyuan, 030031, China; Wang Y., College of Life Sciences, Shanxi Agricultural University, Shanxi, Taiyuan, 030031, China; Chen Z., College of Life Sciences, Shanxi Agricultural University, Shanxi, Taiyuan, 030031, China; Wu S., College of Life Sciences, Shanxi Agricultural University, Shanxi, Taiyuan, 030031, China; Dong Y., College of Life Sciences, Shanxi Agricultural University, Shanxi, Taiyuan, 030031, China","To study the dynamics of physiological responses of quinoa (Chenopodium quinoa Willd.) to continuous drought stress,three cultivars of quinoa,JinLi1(JL1),JinLi2(JL2)and JinLi3(JL3),were used to identify drought tolerance at seedling stage under the drought stress of 20 % polyethylene glycol(PEG) 6 000 solution. After 0,0.5,2,8,24,48 and 72 hours of continuous drought stress,the physiological and biochemical indexes were measured to evaluate the drought tolerance,screened the identification indexes of quinoa and comprehensively evaluated quinoas at seedling stage. The results showed that with the extension of drought stress time,the leaf relative water content(RWC)was decreased gradually,the contents of malonic dialdehyde(MDA)and soluble sugar(SS)were increased,and the activities of antioxidant enzymes were increased first and then decreased;the activities of superoxide dismutase(SOD),catalase(CAT),and ascorbate peroxidase(APX)peaked at 24 h,peroxidase(POD)activity reached the maximum at 48h;the contents of proline(Pro)and soluble protein(SP),the productive rate of superoxide anion(O-.2 )on each varieties were different;the Pro contents of JL1 and JL2 were increased with the extension of stress time,the Pro content of JL3 was increased first and then decreased,reached the maximum at 48 h;the SP content of JL1 was decreased first,then increased and then decreased,the soluble protein contents of JL2 and JL3 were increased first and then decreased;the O-.2 production rates of JL1 and JL3 showed continuous rise,JL2 increased first and then decreased. These results suggested that the effect of drought stress duration on each index was different and most of the indexes changed greatly at 24 h and 48 h. In addition,the physiological index had a certain threshold responses to drought stress. Both principal component analysis and membership function analysis showed that the drought tolerance of the tested quinoa germplasm was JL1 > JL2 > JL3. This study results provide theoretical basis for the study of drought tolerance mechanism and breeding of new drought-tolerant varieties. © 2024 Chinese Society of Nuclear Agricultural Sciences and Institute of Food Science and Technology, CAAS. All rights reserved.","drought stress time; membership function; physiological index; principal component analysis; quinoa","","S. Wu; College of Life Sciences, Shanxi Agricultural University, Taiyuan, Shanxi, 030031, China; email: sj_wu@126.com; Y. Dong; College of Life Sciences, Shanxi Agricultural University, Taiyuan, Shanxi, 030031, China; email: dongfang5513@163.com","","Chinese Society of Nuclear Agricultural Sciences and Institute of Food Science and Technology, CAAS","10008551","","","","Chinese","J. Nucl. Agric. Sci.","Article","Final","","Scopus","2-s2.0-105000383925"
"Salazar J.; Roman V.J.; Gutierrez B.; van Loo E.N.; de Lourdes Torres M.; Torres A.F.","Salazar, Juan (57207705887); Roman, Viviana Jaramillo (57211967250); Gutierrez, Bernardo (57215091466); van Loo, Eibertus Nicolaas (6603326728); de Lourdes Torres, María (55973684200); Torres, Andrés Francisco (55699229400)","57207705887; 57211967250; 57215091466; 6603326728; 55973684200; 55699229400","Correction to: Molecular characterization of Ecuadorian quinoa (Chenopodium quinoa Willd.) diversity: implications for conservation and breeding (Euphytica, (2019), 215, 3, (60), 10.1007/s10681-019-2371-z)","2019","Euphytica","215","12","209","","","2","10.1007/s10681-019-2516-0","https://www.scopus.com/pages/publications/85075518821?origin=resultslist","Laboratorio de Biotecnología Vegetal, Colegio de Ciencias Biológicas y Ambientales, Universidad San Francisco de Quito USFQ, Diego de Robles y Vía Interoceánica, Cumbayá, Ecuador; Wageningen UR Plant Breeding, Wageningen University and Research, PO Box 386, Wageningen, 6700 AJ, Netherlands; Department of Zoology, University of Oxford, 11a Mansfield Road, Oxford, OX1 3SZ, United Kingdom","Salazar J., Laboratorio de Biotecnología Vegetal, Colegio de Ciencias Biológicas y Ambientales, Universidad San Francisco de Quito USFQ, Diego de Robles y Vía Interoceánica, Cumbayá, Ecuador; Roman V.J., Wageningen UR Plant Breeding, Wageningen University and Research, PO Box 386, Wageningen, 6700 AJ, Netherlands; Gutierrez B., Laboratorio de Biotecnología Vegetal, Colegio de Ciencias Biológicas y Ambientales, Universidad San Francisco de Quito USFQ, Diego de Robles y Vía Interoceánica, Cumbayá, Ecuador, Department of Zoology, University of Oxford, 11a Mansfield Road, Oxford, OX1 3SZ, United Kingdom; van Loo E.N., Wageningen UR Plant Breeding, Wageningen University and Research, PO Box 386, Wageningen, 6700 AJ, Netherlands; de Lourdes Torres M., Laboratorio de Biotecnología Vegetal, Colegio de Ciencias Biológicas y Ambientales, Universidad San Francisco de Quito USFQ, Diego de Robles y Vía Interoceánica, Cumbayá, Ecuador; Torres A.F., Laboratorio de Biotecnología Vegetal, Colegio de Ciencias Biológicas y Ambientales, Universidad San Francisco de Quito USFQ, Diego de Robles y Vía Interoceánica, Cumbayá, Ecuador, Wageningen UR Plant Breeding, Wageningen University and Research, PO Box 386, Wageningen, 6700 AJ, Netherlands","Due to an unfortunate error of miscommunication, two of the co-authors of this manuscript were omitted from the original publication. The correct representation of the authors and their affiliations are listed here and should be treated as definitive. Juan Salazar1, Viviana Jaramillo Roman2, Bernardo Gutierrez1,3, Eibertus Nicolaas van Loo2, Mari´a de Lourdes Torres1, Andre´s Francisco Torres1,2 1. Laboratorio de Biotecnologi´a Vegetal, Colegio de Ciencias Biolo´gicas y Ambientales, Universidad San Francisco de Quito USFQ, Diego de Robles y Vi´a Interocea´nica, Cumbaya´, Ecuador 2. Wageningen UR Plant Breeding, Wageningen University and Research, PO Box 386, 6700 AJ Wageningen, The Netherlands 3. Department of Zoology, University of Oxford, 11a Mansfield Road, Oxford OX1 3SZ, UK Furthermore, the acknowledgments section has been adapted to match the changes in authorship. The corrected acknowledgements, presented below, are definitive: This research was funded with a Chancellor’s Grant (2015) from Universidad San Francisco de Quito USFQ (Quito-Ecuador). Germplasm access and research permit were granted by the Ministry of Environment of Ecuador (MAE-DNB-CM-2016- 0044). The authors would like to acknowledge the technical assistance offered by researchers at the Plant Biotechnology Laboratory (COCIBA, USFQ), as well as Dr. Leonardo Zurita for his assistance with georeferenced mapping. The authors would also like to acknowledge Dr. Gerard van der Linden (Wageningen University and Research) for supporting our efforts to search and collect quinoa germplasm throughout the Andes of Ecuador. © 2019, The Authors.","","","A.F. Torres; Laboratorio de Biotecnología Vegetal, Colegio de Ciencias Biológicas y Ambientales, Universidad San Francisco de Quito USFQ, Cumbayá, Diego de Robles y Vía Interoceánica, Ecuador; email: andres.torres@wur.nl","","Springer","00142336","","EUPHA","","English","Euphytica","Erratum","Final","All Open Access; Green Open Access; Hybrid Gold Open Access","Scopus","2-s2.0-85075518821"
"Akter S.; Das B.; Abdullah A.; Aurin F.A.; Sultana N.; Rahman M.M.; Burritt D.J.; Hossain M.A.","Akter, Sadia (60423152700); Das, Biswajit (59315297600); Abdullah, Adrita (59410531900); Aurin, Fauzia Afrin (59925447400); Sultana, Naima (57302535400); Rahman, Md Moshiur (59421086000); Burritt, David J. (6603930106); Hossain, Mohammad Anwar (55828150128)","60423152700; 59315297600; 59410531900; 59925447400; 57302535400; 59421086000; 6603930106; 55828150128","Phenotypic characterisation and genetic dissection of the yield -attributing traits of exotic quinoa (Chenopodium quinoa L.) germplasm","2026","Plant Science Today","13","2","","1","13","0","10.14719/pst.12062","https://www.scopus.com/pages/publications/105040392809?origin=resultslist","Department of Genetics and Plant Breeding, Bangladesh Agricultural University, Mymensingh, 2202, Bangladesh; Department of Agronomy, Bangladesh Agricultural University, Mymensingh, 2202, Bangladesh; Department of Botany, University of Otago, Dunedin, 9016, New Zealand","Akter S., Department of Genetics and Plant Breeding, Bangladesh Agricultural University, Mymensingh, 2202, Bangladesh; Das B., Department of Genetics and Plant Breeding, Bangladesh Agricultural University, Mymensingh, 2202, Bangladesh; Abdullah A., Department of Genetics and Plant Breeding, Bangladesh Agricultural University, Mymensingh, 2202, Bangladesh; Aurin F.A., Department of Genetics and Plant Breeding, Bangladesh Agricultural University, Mymensingh, 2202, Bangladesh; Sultana N., Department of Genetics and Plant Breeding, Bangladesh Agricultural University, Mymensingh, 2202, Bangladesh; Rahman M.M., Department of Agronomy, Bangladesh Agricultural University, Mymensingh, 2202, Bangladesh; Burritt D.J., Department of Botany, University of Otago, Dunedin, 9016, New Zealand; Hossain M.A., Department of Genetics and Plant Breeding, Bangladesh Agricultural University, Mymensingh, 2202, Bangladesh","Quinoa (Chenopodium quinoa L.) is a highly nutritious, climate-resilient crop with high levels of phenotypic and genotypic variability. Three replications of a randomised complete block design (RBCD) were used in a field experiment at the Bangladesh Agricultural University in Mymensingh for phenotypic characterisation of 46 quinoa genotypes and genetic dissection of traits which are crucial for genetic improvement. The quantitative parameters studied are: days to maturity (DM), plant height (PH), panicle weight (PW), 1000-seed weight (TSW), above ground biomass (AGB), harvest index (HI) and yield per plant (YPP) showed substantial (p ≤ 0.01) differences. Kaust-09755, Kaust-10860, Kaust-09386, Kaust-09385, Kaust-10810, Kaust-09379 and Kaust-10804 showed promising potential for yield improvements. Traits such as PH, PW, AGB and YPP exhibited high heritability and genetic advance. Yield per plant showed significant positive correlations with DM, PH, PW and AGB, with PW and AGB having the strongest direct impacts on yield. Genotypes were grouped into four distinct clusters, based upon D2 analysis, with clusters III and IV being the most divergent. Principal component analysis (PCA) revealed that PC1 explained 55.10 % of the variability, with high positive loading for YPP, PW and AGB. Cluster and principal component analyses identified Kaust-05784, Kaust-09391, Kaust-10860 and SAU Quinoa-1 as highly divergent and suitable donor parents for future breeding programs. Copyright: © The Author(s). This is an open-access article distributed under the terms of the Creative Commons Attribution License, which permits unrestricted use, distribution and reproduction in any medium, provided the original author and source are credited (https://creativecommons.org/licenses/by/4.0/)","correlation coefficient; genetic advance; genetic diversity; heritability; path coefficient; PCA; quinoa; yield attributing traits","","M.A. Hossain; Department of Genetics and Plant Breeding, Bangladesh Agricultural University, Mymensingh, 2202, Bangladesh; email: anwargpb@bau.edu.bd","","Horizon e-Publishing Group","23481900","","","","English","Plant Sci. Today","Article","Final","All Open Access; Gold Open Access; Green Open Access","Scopus","2-s2.0-105040392809"
"Delgado H.; Martín J.P.","Delgado, Hipatia (58074739500); Martín, Juan Pedro (37461804300)","58074739500; 37461804300","Assessment of Genetic Diversity in Quinoa Landraces Cultivated in the Ecuadorian Highlands Since the Early 1980s","2025","Plants","14","5","635","","","5","10.3390/plants14050635","https://www.scopus.com/pages/publications/86000620089?origin=resultslist","Departamento de Biotecnología-Biología Vegetal, Escuela Técnica Superior de Ingeniería Agronómica, Alimentaria y de Biosistemas, Universidad Politécnica de Madrid, Avda. Puerta de Hierro 2-4, Madrid, 28040, Spain","Delgado H., Departamento de Biotecnología-Biología Vegetal, Escuela Técnica Superior de Ingeniería Agronómica, Alimentaria y de Biosistemas, Universidad Politécnica de Madrid, Avda. Puerta de Hierro 2-4, Madrid, 28040, Spain; Martín J.P., Departamento de Biotecnología-Biología Vegetal, Escuela Técnica Superior de Ingeniería Agronómica, Alimentaria y de Biosistemas, Universidad Politécnica de Madrid, Avda. Puerta de Hierro 2-4, Madrid, 28040, Spain","Quinoa (Chenopodium quinoa Willd.) landraces have been cultivated ancestrally in the Andean highlands of Ecuador, where they have had great social and nutritional importance for the native population. Currently, there is scarce information on its genetic diversity and conservation status, and none on the changes that may have occurred in recent decades. In this study, we assessed the genetic diversity of 268 accessions (1340 samples; five per accession) of quinoa landraces collected at two different times (1978–1988 and 2014–2015) in three representative Ecuadorian Andean provinces for this crop (Imbabura, Cotopaxi and Chimborazo) using eight simple sequence repeat (SSR) markers. A total of 124 alleles were found, with a range of 11–24 per locus (mean = 15.5). Averages of expected heterozygosity (He) and Shannon information index (I) were 0.763 and 1.821, respectively. The most informative loci were 3_QAAT050 and 7_QAAT100, with discrimination power (D) values above 92%. Moreover, 1055 different genotypes were found, of which 939 were unique genotypes. This high level of genetic diversity could be explained by the intensive exchange of seeds between farmers in the Andean region. In addition, no significant differences were found in the main genetic diversity parameters between collections and/or provinces. If there is no significant quantitative loss of genetic diversity over the last four decades, this would indicate that indigenous farming communities of this Andean region are preserving their ancestral quinoa germplasm reasonably well. Furthermore, two genetic groups were found with a genetic distance of 0.337. Samples in these groups appear to be related to their provincial origin. This may be due to the different ways in which quinoa landraces are managed and conserved in the different Andean provinces. The results obtained may be very useful for the suitable management and conservation of this ancestral plant genetic resource, both on farm by indigenous farming communities and ex situ by the Germplasm Bank of the Ecuadorian National Institute for Agricultural Research (INIAP). © 2025 by the authors.","Chenopodium quinoa; genetic structure; genotypic variability; native quinoa; SSR markers","","J.P. Martín; Departamento de Biotecnología-Biología Vegetal, Escuela Técnica Superior de Ingeniería Agronómica, Alimentaria y de Biosistemas, Universidad Politécnica de Madrid, Madrid, Avda. Puerta de Hierro 2-4, 28040, Spain; email: juanpedro.martin@upm.es","","Multidisciplinary Digital Publishing Institute (MDPI)","22237747","","","","English","Plants","Article","Final","All Open Access; Gold Open Access; Green Open Access","Scopus","2-s2.0-86000620089"
"Bertero H.D.; Ruiz R.A.","Bertero, H.D. (6603139565); Ruiz, R.A. (7202847943)","6603139565; 7202847943","Reproductive partitioning in sea level quinoa (Chenopodium quinoa Willd.) cultivars","2010","Field Crops Research","118","1","","94","101","19","10.1016/j.fcr.2010.04.009","https://www.scopus.com/pages/publications/77956966329?origin=resultslist","Cátedra de Producción Vegetal and CONICET, Facultad de Agronomía, Universidad de Buenos Aires, C1417DSE, Buenos Aires, Av. San Martín 4453, Argentina","Bertero H.D., Cátedra de Producción Vegetal and CONICET, Facultad de Agronomía, Universidad de Buenos Aires, C1417DSE, Buenos Aires, Av. San Martín 4453, Argentina; Ruiz R.A., Cátedra de Producción Vegetal and CONICET, Facultad de Agronomía, Universidad de Buenos Aires, C1417DSE, Buenos Aires, Av. San Martín 4453, Argentina","The proportion of growth allocated to reproductive organs can be an important determinant of yield variation between cultivars and environments. The main aim of this paper was to evaluate the adequacy of a model assuming constancy in partitioning coefficients (PC, the slope of organ weight to total weight relationship) within periods whose limits are associated with phenological phases to describe variation in reproductive growth (including seeds when present) in the Andean seed crop quinoa. A second objective was to analyze the dynamics of panicle and stem growth to advance our understanding of factors determining yield in this species. To do this, we used data from two experiments conducted in 2 years under field conditions in the Argentinean pampas, using four cultivars belonging to the Sea Level Type and adapted to temperate environments, under three densities. Reproductive partitioning followed a bi-phasic pattern; panicle biomass increased gradually until reaching a total biomass value, and then there was an increase in the slope of panicle vs. total aerial biomass relationship. Partitioning coefficients for the initial stage varied between some cultivars and densities in the first year, but not in the second. No significant differences were detected when PCs for the second stage were considered. The start of panicle growth was associated with thermal time to first anthesis (R2=0.62) while thermal time to change in partitioning from low to high PC and that to end of flowering were strongly related (R2=0.93). Combining data across cultivars, years and densities gave a PC of 0.15 for the initial stage and 0.90 for the second stage. Using these relationships and parameters dynamics of panicle biomass accumulation was predicted satisfactorily in an independent data set for a different environment, confirming the usefulness of a single model approach to describe partitioning across cvs. and environments in this crop. Besides, crop yield estimations improved when compared to those obtained by a seed number estimation model, predictions were only 7.25% lower than observed values compared to -24.5% using a seed number approach. There is a trade-off between final partitioning to reproductive structures (higher in short-cycle cvs.) and total crop biomass, one of the factors contributing to this trade-off being a negative association between the panicle-stem relationship at harvest and duration in thermal time units of stem growth; so, selection for high partitioning rate should be targeted at long duration cvs. within this germplasm. © 2010 Elsevier B.V.","Crop growth; Dry matter partitioning; Modeling; Panicle-stem relationship; Partitioning coefficients","Argentina; Pampas; Chenopodium quinoa; agricultural modeling; bioaccumulation; crop yield; cultivar; dicotyledon; dry matter; growth rate; phytomass; trade-off","H.D. Bertero; Cátedra de Producción Vegetal and CONICET, Facultad de Agronomía, Universidad de Buenos Aires, C1417DSE, Buenos Aires, Av. San Martín 4453, Argentina; email: bertero@agro.uba.ar","","","03784290","","FCRED","","English","Field Crops Res.","Article","Final","All Open Access; Green Open Access","Scopus","2-s2.0-77956966329"
"Jafari F.; Farkhari M.; Siahpoosh A.; Bagheri M.; Qanavati M.","Jafari, Fatemeh (57213780382); Farkhari, Mohammad (22934167700); Siahpoosh, Abdulreza (59705477300); Bagheri, Mahmoud (57220004444); Qanavati, Mehdi (59704761900)","57213780382; 22934167700; 59705477300; 57220004444; 59704761900","Assessment of Genetic Diversity in Some Quinoa (Chenopodium Quinoa) Genotypes using ISSR Markers","2023","Journal of Crop Breeding","15","45","","125","134","1","10.61186/jcb.15.45.125","https://www.scopus.com/pages/publications/105000621187?origin=resultslist","Department of Plant Production and Genetics, Agricultural Sciences and Natural Resources University of Khuzestan, Mollasani, Iran; Seed and Plant Improvement Institute, Agricultural Research Education and Extension (AREEO), Karaj, Iran; Department of Agriculture, Payame Noor University (PNU), P.o Box 19395-3697, Tehran, Iran","Jafari F., Department of Plant Production and Genetics, Agricultural Sciences and Natural Resources University of Khuzestan, Mollasani, Iran; Farkhari M., Department of Plant Production and Genetics, Agricultural Sciences and Natural Resources University of Khuzestan, Mollasani, Iran; Siahpoosh A., Department of Plant Production and Genetics, Agricultural Sciences and Natural Resources University of Khuzestan, Mollasani, Iran; Bagheri M., Seed and Plant Improvement Institute, Agricultural Research Education and Extension (AREEO), Karaj, Iran; Qanavati M., Department of Agriculture, Payame Noor University (PNU), P.o Box 19395-3697, Tehran, Iran","Introduction and Objective: Quinoa is an attractive crop in many parts of country based on its tolerance to salinity and drought stresses and its adaptability to poor soils. Area under Quinoa cultivation has been increased in recent years in Iran. Breeding of new Quinoa cultivars is essential to keep this trend. Assessment genetic diversity in the germplasm is the first step of plant breeding. In this study, genetic diversity of within and among of some Quinoa populations were determined by ISSR molecular markers. Material and Methods: Diversity among and within 13 Quinoa populations (by assessment of three plants in each population) was examined by 9 ISSRs primers. A total of 13 genotypes including breeding material Q1, Q3, Q4, Q5, Q12, Q26 and Q2, four Chen wild accessions and Giza1 and Titicaca cultivars. Results: A total of 90 bands (with 87.69% polymorphism) were detected with using of 9 ISSR primers. The genotypes were divided in two groups (Q group: including those genotypes with prefix Q in their names and None Q group: other genotypes) with a few exceptions by cluster analysis. Peru or Bolivia are the origin of None Q group genotypes (consisting Titicaca, Giza1 and Chen wild accessions). Also Chile is the origin of other genotypes located on Q group except Q1, Q3, Q4 and Q5 that their origin was not specified. According to the results of clustering, origin of Q1, Q3, Q4 and Q5 populations must be Chile. The first two components in the principal coordinate analysis (PCoA) account for 26.17% of total variance. The genotypes were divided into two groups by PCoA almost similar to the dendrogram grouping. Molecular analysis of variance (AMOVA) recognized high variation within the populations. AMOVA showed that 73% and 27% variations were within and among populations, respectively. Cultivars Titicaca and Giza exhibited lowest within population variance in comparison of other populations. Conclusion: ISSR markers showed acceptable polymorphism based on the results. Positive mass selection is recommended according to the high variation within populations. In general, consideration of two origins for quinoa germplasm management, including Andean highlands and coastal areas is suggested. © 2023, Sari Agricultural Sciences and Natural Resources University. All rights reserved.","Molecular diversity; Molecular markers; Plant Breeding; Quinoa germplasm","","M. Farkhari; Department of Plant Production and Genetics, Agricultural Sciences and Natural Resources University of Khuzestan, Mollasani, Iran; email: farkhari@asnrukh.ac.ir","","Sari Agricultural Sciences and Natural Resources University","22286128","","","","Persian","J. Crop Breed.","Article","Final","All Open Access; Hybrid Gold Open Access","Scopus","2-s2.0-105000621187"
"WEI B.; WANG X.; LV W.; LU C.; LI Y.; CUI Y.; WANG M.; WEI Z.; LI M.; ZHANG J.; LEI X.; FUENTES F.; MU G.","WEI, Boxiang (58945318000); WANG, Xiaoxia (58944633800); LV, Wei (57765333000); LU, Chuan (58757402200); LI, Yang (60622920500); CUI, Yanru (55263939400); WANG, Mei (60623086300); WEI, Zhimin (57900760400); LI, Mengqi (60622685200); ZHANG, Jiangshuo (60622799300); LEI, Xiaoke (60622685300); FUENTES, Francisco (57206375499); MU, Guojun (56080436900)","58945318000; 58944633800; 57765333000; 58757402200; 60622920500; 55263939400; 60623086300; 57900760400; 60622685200; 60622799300; 60622685300; 57206375499; 56080436900","GWAS-based SNP–Trait associations and drought-stressed physiological responses in quinoa (Chenopodium quinoa Willd.)","2026","Notulae Botanicae Horti Agrobotanici Cluj-Napoca","54","1","","14779","14779","0","10.15835/NBHA54114779","https://www.scopus.com/pages/publications/105038294814?origin=resultslist","Hebei Agricultural University, North China State Key Laboratory of Crop Improvement and Regulation, Hebei Provincial Laboratory of Crop Germplasm Resources, College of Agronomy, Hebei Province, Baoding, 071000, China; The Quinoa Industrial Technology Research Institute of Hebei Province, Hebei Province, Zhang Jiakou, 075000, China; The S&T Innovation Service Center of Hebei Province, Hebei Province, Shijiazhuang, 050000, China; Institute of Millet Crops, Hebei Academy of Agriculture and Forestry Sciences, Hebei Province, Shijiazhuang, 050000, China; Pontifical Catholic University of Chile, Faculty of Agronomy and Natural Systems, Faculty of Engineering, Faculty of Medicine, Santiago, 6904411, Chile","WEI B., Hebei Agricultural University, North China State Key Laboratory of Crop Improvement and Regulation, Hebei Provincial Laboratory of Crop Germplasm Resources, College of Agronomy, Hebei Province, Baoding, 071000, China, The Quinoa Industrial Technology Research Institute of Hebei Province, Hebei Province, Zhang Jiakou, 075000, China; WANG X., Hebei Agricultural University, North China State Key Laboratory of Crop Improvement and Regulation, Hebei Provincial Laboratory of Crop Germplasm Resources, College of Agronomy, Hebei Province, Baoding, 071000, China, The Quinoa Industrial Technology Research Institute of Hebei Province, Hebei Province, Zhang Jiakou, 075000, China; LV W., The S&T Innovation Service Center of Hebei Province, Hebei Province, Shijiazhuang, 050000, China; LU C., The S&T Innovation Service Center of Hebei Province, Hebei Province, Shijiazhuang, 050000, China; LI Y., The S&T Innovation Service Center of Hebei Province, Hebei Province, Shijiazhuang, 050000, China; CUI Y., Hebei Agricultural University, North China State Key Laboratory of Crop Improvement and Regulation, Hebei Provincial Laboratory of Crop Germplasm Resources, College of Agronomy, Hebei Province, Baoding, 071000, China, The Quinoa Industrial Technology Research Institute of Hebei Province, Hebei Province, Zhang Jiakou, 075000, China; WANG M., Hebei Agricultural University, North China State Key Laboratory of Crop Improvement and Regulation, Hebei Provincial Laboratory of Crop Germplasm Resources, College of Agronomy, Hebei Province, Baoding, 071000, China, The Quinoa Industrial Technology Research Institute of Hebei Province, Hebei Province, Zhang Jiakou, 075000, China; WEI Z., Institute of Millet Crops, Hebei Academy of Agriculture and Forestry Sciences, Hebei Province, Shijiazhuang, 050000, China; LI M., The S&T Innovation Service Center of Hebei Province, Hebei Province, Shijiazhuang, 050000, China; ZHANG J., The S&T Innovation Service Center of Hebei Province, Hebei Province, Shijiazhuang, 050000, China; LEI X., The S&T Innovation Service Center of Hebei Province, Hebei Province, Shijiazhuang, 050000, China; FUENTES F., Pontifical Catholic University of Chile, Faculty of Agronomy and Natural Systems, Faculty of Engineering, Faculty of Medicine, Santiago, 6904411, Chile; MU G., Hebei Agricultural University, North China State Key Laboratory of Crop Improvement and Regulation, Hebei Provincial Laboratory of Crop Germplasm Resources, College of Agronomy, Hebei Province, Baoding, 071000, China, The Quinoa Industrial Technology Research Institute of Hebei Province, Hebei Province, Zhang Jiakou, 075000, China","A total of 120 quinoa (Chenopodium quinoa Willd.) accessions were classified into two distinct genetic groups, Andean highland type and Chilean lowland type, based on a genetic differentiation index (FST) of 0.14. Within this framework, accession M065 was identified as drought-tolerant, whereas M084 exhibited drought sensitivity. 735 SNP loci were obtained by using the MultipleSeq multiplex PCR amplicon capture sequencing technology. GWAS-based SNP–trait association indicated that 5 SNP loci were significantly associated with plant height (PH, R2: 10.03%), branch number (BN, R2: 13.13%), yield per plant (YPP, R2; 10.77%) and panicle width (PW, R2: 10.38%), respectively. Under drought stress, M065 exhibited significantly smaller reductions-by 5.93%, 6.99%, 6.02%, 9.45%, 6.87%, 10.24%, 8.59%, 2.58%, and 3.80%, respectivelythan M084 in plant height, leaf area, biomass, relative leaf water content, chlorophyll content, net photosynthetic rate, transpiration rate, intercellular CO2 concentration, and stomatal conductance. Root system scanning indicated that under drought stress, M065 root cells maintained near-normal volume with only mild shrinkage, whereas M084 root cells exhibited pronounced shriveling. The physiological analysis showed that both accessions exhibited elevated MDA and H2O2 levels under drought stress, with M084 showing greater increases than M065. SOD activity increased in both accessions under D1 (SMC: 45%-55%) and D2 (SMC: 25%-35% stresses, but the rise was slightly higher in M065. POD activity increased significantly in M065, while M084 showed no significant change under D2. CAT activity increased in both accessions under D1, but only M065 showed a significant increase under D2. © 2026 Articles by the authors; Licensee UASVM and SHST, Cluj-Napoca, Romania. The journal allows the author(s) to hold the copyright/to retain publishing rights without restriction.","drought stress; germplasm accessions; physiological analysis; quinoa (Chenopodium quinoa Willd.); SNP","","F. FUENTES; Pontifical Catholic University of Chile, Faculty of Agronomy and Natural Systems, Faculty of Engineering, Faculty of Medicine, Santiago, 6904411, Chile; email: frfuentesc@uc.cl","","AcademicPres","0255965X","","","","English","Not. Bot. Horti Agrobot. Cluj-Napoca","Article","Final","All Open Access; Gold Open Access; Green Open Access","Scopus","2-s2.0-105038294814"
"Rojas W.","Rojas, Wilfredo (57209016808)","57209016808","Multivariate analysis of genetic diversity of Bolivian quinoa germplasm","2003","Food Reviews International","19","1-2","","9","23","42","10.1081/FRI-120018864","https://www.scopus.com/pages/publications/0037504158?origin=resultslist","Fundación PROINPA, La Paz, Bolivia","Rojas W., Fundación PROINPA, La Paz, Bolivia","To determine the genetic diversity of quinoa (Chenopodium quinoa Willd.), the crop's morphological traits and agronomic performance were evaluated during 1992-1993 and 1993-1994, using germplasm preserved in Bolivia and IBPGR descriptors as modified by the Fundación PROINPA's Quinoa Project. Three multivariate methods were used to analyze diversity, allowing sets of individuals to be described and grouped, while considering multiple characteristics and their interrelationships. Principal component analysis was used to quantify the contribution of the three components most associated with total variance, and to identify the variables characterizing each of these components. The nonhierarchical procedure (k-means) of cluster analysis was used to group accessions according to genetic diversity. The resulting seven clusters were combined with passport data to provide useful descriptions of the germplasm. Multiple discriminatory analysis complemented the study, deriving, through the step-by-step procedure, six statistically significant (P = 0.001) functions. The discriminatory ability of each independent variable was quantified through the index of potency. About 92% of the accessions were readily classified into the seven groups identified by cluster analysis. The Mahalanobis distance (D2) method was used to show their statistical differences. Even incorrectly classified accessions were identified and reassigned to a more appropriate group.","Andean crop; Genetic variability; Germplasm; Multivariate methods; Quinoa","Agronomy; Farm Crops; Food; Genetic Engineering; Gravitation; Statistical Methods; Chenopodium; Chenopodium quinoa; Agronomy; Food products; Genetic engineering; Geographical regions; Gravitation; Statistical methods; Genetic diversity; Crops","W. Rojas; Fundación PROINPA, La Paz, Bolivia; email: quinualp@mail.megalink.com","","","87559129","","","","English","Food Rev. Int.","Conference paper","Final","","Scopus","2-s2.0-0037504158"
"Miranda M.; Vega-Gálvez A.; Martínez E.A.; López J.; Marín R.; Aranda M.; Fuentes F.","Miranda, Margarita (56844526400); Vega-Gálvez, Antonio (55665185100); Martínez, Enrique A. (56218360900); López, Jéssica (26662289800); Marín, Rosa (57213344012); Aranda, Mario (55106370800); Fuentes, Francisco (57206375499)","56844526400; 55665185100; 56218360900; 26662289800; 57213344012; 55106370800; 57206375499","Influence of contrasting environments on seed composition of two quinoa genotypes: Nutritional and functional properties","2013","Chilean Journal of Agricultural Research","73","2","","108","116","82","10.4067/S0718-58392013000200004","https://www.scopus.com/pages/publications/84887535915?origin=resultslist","Universidad de La Serena, Departamento de Ingeniería en Alimentos, La Serena, Av. Raúl Bitrán s/n, Casilla 599, Chile; Centro de Estudios Avanzados en Zonas Áridas (CEAZA), La Serena, Av. Raúl Bitrán s/n, Casilla 599, Chile; Universidad de Santiago de Chile (USACH), Santiago, Obispo Umaña 050, Chile; Universidad de Concepción, Casilla 237, Concepción, Chile; Universidad Arturo Prat, Iquique, Av. Arturo Prat 2120, Chile","Miranda M., Universidad de La Serena, Departamento de Ingeniería en Alimentos, La Serena, Av. Raúl Bitrán s/n, Casilla 599, Chile; Vega-Gálvez A., Universidad de La Serena, Departamento de Ingeniería en Alimentos, La Serena, Av. Raúl Bitrán s/n, Casilla 599, Chile; Martínez E.A., Centro de Estudios Avanzados en Zonas Áridas (CEAZA), La Serena, Av. Raúl Bitrán s/n, Casilla 599, Chile; López J., Universidad de Santiago de Chile (USACH), Santiago, Obispo Umaña 050, Chile; Marín R., Universidad de La Serena, Departamento de Ingeniería en Alimentos, La Serena, Av. Raúl Bitrán s/n, Casilla 599, Chile; Aranda M., Universidad de Concepción, Casilla 237, Concepción, Chile; Fuentes F., Universidad Arturo Prat, Iquique, Av. Arturo Prat 2120, Chile","Quinoa (Chenopodium quinoa Willd.) in Chile represents a source of germplasm with high nutritional value. However, there is little information available related to quinoa seed quality grown under contrasting environments. In this study we evaluated the changes on seed composition of seeds of two lowland/coastal quinoa genotypes grown under arid (Vicuña) and cold-temperate (Temuco) conditions in Chile. Results showed that in the case of 'Regalona Baer' and 'Villarrica' genotypes the arid location (with irrigation) led to a significant increase (P < 0.05) in grain yield (4.2 and 5.1 t ha-1, respectively), soluble dietary fiber (16.8 ± 0.4 and 28.9 ± 2.1 g kg-1 DM, respectively), vitamin B3 (2.44 ± 0.005 and 2.26 ± 0.04 mg 100 g-1 DM, respectively), saponins (3.22 ± 0.38 mg 100 g-1 DM, 'Regalona Baer'), phenolic compounds (19.2 ± 5.48 and 31.92 ± 1.14 mg gallic acid 100 g-1 DM, respectively) and components of proximate analysis, except protein content. The cold-temperate climate (rainfed) affected positively seed size (2.22 ± 0.17 mm 'Villarrica') and 1000 seed weight (3.08 ± 0.08 and 3.29 ± 0.08 g, respectively), as well as insoluble dietary fiber content (112.3 ± 23.8 g kg-1 DM, 'Regalona Baer'). Furthermore, vitamin C was higher in 'Regalona Baer' genotype at arid locality (31.22 ± 4.2 mg 100 g-1 DM), but much higher content was registered in 'Villarrica' genotype at cold-temperate climate (49.3 ± 5.36 mg 100 g-1 DM). The environment-induced relationship among variables and genotypes was consistent with principal component analysis (PCA). The arid region of Vicuña in Chile represents a potential area for quinoa cultivation for lowland/coastal quinoa genotypes, whose nutritional and functional features were affected positively, due to the much more stressing climatic conditions.","Antioxidant activity; Chenopodium quinoa; Climate stress; Mineral content; Phenolic compounds; Protein","","F. Fuentes; Universidad Arturo Prat, Iquique, Av. Arturo Prat 2120, Chile; email: francfue@unap.cl","","","07185839","","","","English","Chil. J. Agric. Res.","Article","Final","All Open Access; Gold Open Access; Green Open Access","Scopus","2-s2.0-84887535915"
"Snowball R.; Dhammu H.S.; D’Antuono M.F.; Troldahl D.; Biggs I.; Thompson C.; Warmington M.; Pearce A.; Sharma D.L.","Snowball, Richard (8572027500); Dhammu, Harmohinder S. (6506177122); D’Antuono, Mario Francesco (57189416711); Troldahl, David (57191142333); Biggs, Ian (6603651135); Thompson, Callen (57900777000); Warmington, Mark (57215597441); Pearce, Amanda (57189340722); Sharma, Darshan L. (9734421400)","8572027500; 6506177122; 57189416711; 57191142333; 6603651135; 57900777000; 57215597441; 57189340722; 9734421400","Adaptation of Quinoa (Chenopodium quinoa Willd.) to Australian Environments","2022","Agronomy","12","9","2026","","","2","10.3390/agronomy12092026","https://www.scopus.com/pages/publications/85138571667?origin=resultslist","Department of Primary Industries and Regional Development, South Perth, 6151, WA, Australia; Department of Primary Industries, Yanco, 2703, NSW, Australia; CRC for Developing Northern Australia, Townsville, 4810, QLD, Australia; Agstarprojects, Coonabarabran, 2357, NSW, Australia; South Australian Research and Development Institute, Naracoorte, 5271, SA, Australia; College of Science, Health, Engineering and Education, Murdoch University, Murdoch, 6150, WA, Australia","Snowball R., Department of Primary Industries and Regional Development, South Perth, 6151, WA, Australia; Dhammu H.S., Department of Primary Industries and Regional Development, South Perth, 6151, WA, Australia; D’Antuono M.F., Department of Primary Industries and Regional Development, South Perth, 6151, WA, Australia; Troldahl D., Department of Primary Industries, Yanco, 2703, NSW, Australia; Biggs I., CRC for Developing Northern Australia, Townsville, 4810, QLD, Australia; Thompson C., Agstarprojects, Coonabarabran, 2357, NSW, Australia; Warmington M., Department of Primary Industries and Regional Development, South Perth, 6151, WA, Australia; Pearce A., South Australian Research and Development Institute, Naracoorte, 5271, SA, Australia; Sharma D.L., Department of Primary Industries and Regional Development, South Perth, 6151, WA, Australia, College of Science, Health, Engineering and Education, Murdoch University, Murdoch, 6150, WA, Australia","Quinoa is being evaluated in cropping systems in many countries outside of its natural range of South America. Very few attempts have been made by farmers or researchers to grow or evaluate quinoa under Australian environments. Given the growing popularity of quinoa with consumers, new commercial opportunities for farmers and international interest in the crop, it was timely to undertake a comprehensive evaluation of the potential of quinoa in Australia. Two advanced selections and nine germplasm lines (six of Chilean and three of Bolivian origin) identified in an earlier project were tested in 23 field trials at 14 locations on mainland Australia. Targets included irrigated sites in tropical, Mediterranean, semi-arid and desert climates, and rain-fed sites of south-western Australia with a Mediterranean climate. The field experiments were either a randomised complete block design (RBCD) or a split plot/factorial design with 2–4 replicates, and a linear mixed model was used to compare the treatment lines. Seed yield of quinoa was highest when grown in winter and spring under rain-fed conditions in Geraldton, in spring and summer under irrigation at Bool Lagoon, and summer, autumn and winter under irrigation at Leeton. The highest seed yield achieved was 3 t/ha for a germplasm line from Chile, while the highest yield for a germplasm line from Bolivia was 2.6 t/ha. Advanced selections from Australia yielded well in comparison at most trial sites. Declining seed yield was associated with mean daily temperatures during seed development increasing above 17 °C, mean daily temperatures during flowering declining below 15 °C, and rainfall during seed development under rain-fed conditions falling below 50 mm. Seed produced at Bool Lagoon was the closest in colour to white quinoa imported from Peru; however, it was more than noticeably different. Seed produced at Geraldton and Leeton was significantly larger than from other field sites; however, none were larger than 2 mm in diameter as found in Royal white quinoa from Bolivia. Superior seed colour and seed size were associated with dry conditions at maturity and cool conditions during seed development, respectively. We conclude that quinoa can become a potential crop option for Australian agriculture by exploiting genetic diversity and supplementing with suitable management practices matched to agro-climatic environments. There are reasonable prospects to raise the seed yield potential in areas in all states, especially in the regions where quinoa grew well in our experiments. © 2022 by the authors.","adaptation; climate; germplasm; quality; quinoa; yield","","R. Snowball; Department of Primary Industries and Regional Development, South Perth, 6151, Australia; email: richardsnowball1959@gmail.com; H.S. Dhammu; Department of Primary Industries and Regional Development, South Perth, 6151, Australia; email: harmohinder.dhammu@dpird.wa.gov.au; D.L. Sharma; Department of Primary Industries and Regional Development, South Perth, 6151, Australia; email: darshan.sharma@dpird.wa.gov.au","","MDPI","20734395","","","","English","Agronomy","Article","Final","All Open Access; Gold Open Access; Green Open Access","Scopus","2-s2.0-85138571667"
"Gómez-Pando L.R.; Álvarez-Castro R.; Eguiluz-de la Barra A.","Gómez-Pando, L.R. (15047884000); Álvarez-Castro, R. (36678755400); Eguiluz-de la Barra, A. (26667719600)","15047884000; 36678755400; 26667719600","Effect of salt stress on peruvian germplasm of chenopodium quinoa willd.: A promising crop","2010","Journal of Agronomy and Crop Science","196","5","","391","396","76","10.1111/j.1439-037X.2010.00429.x","https://www.scopus.com/pages/publications/77956448523?origin=resultslist","Cereal Research Program, National Agricultural University La Molina, Lima, Peru","Gómez-Pando L.R., Cereal Research Program, National Agricultural University La Molina, Lima, Peru; Álvarez-Castro R., Cereal Research Program, National Agricultural University La Molina, Lima, Peru; Eguiluz-de la Barra A., Cereal Research Program, National Agricultural University La Molina, Lima, Peru","Soil salinity is a major problem in today's agriculture. Quinoa has become an important crop because it exhibits high levels of salinity tolerance. In addition, its seeds contain an excellent balance of carbohydrates, lipids, amino acids and proteins for human nutrition. The quinoa germplasm includes almost 2500 accessions, some of which have been tested under salt stress. Here, we report the effect of NaCl on the germination of 182 previously untested accessions. When seeds were irrigated with saline water at 30 dS m-1 EC, the stress appeared to be too high: all accessions showed less than 60 % germination. In contrast, irrigation with 25 dS m-1 EC saline water allowed over 60 % germination in 15 accessions. These latter accessions' agricultural traits were then evaluated. The overall coefficients of variation indicated that quinoa genotype and salt treatment dramatically influence root dry mass per plant, but do not noticeably affect the length of the plant's life cycle. Unexpectedly, salt treatment resulted in increased plant height, leaf dry mass and grain yield. Using Euclidean distance for the simultaneous selection of these five agricultural traits, accessions 100, 136, 127 and 105 proved to be the best performing genotypes under salt stress. © 2010 Blackwell Verlag GmbH.","Euclidean distance; Ex vitro performance; Quinoa; Salinity; Simultaneous selection","Chenopodium quinoa; crop plant; crop yield; genotype; germination; germplasm; irrigation system; nutritive value; salinity; salinity tolerance; sodium chloride; soil profile","L.R. Gómez-Pando; Cereal Research Program, National Agricultural University La Molina, Lima, Peru; email: luzgomez@lamolina.edu.pe","","","1439037X","","ZAPFA","","English","J. Agron. Crop. Sci.","Article","Final","All Open Access; Green Open Access","Scopus","2-s2.0-77956448523"
"Liu Y.; Liu J.; Li L.; Zhang P.; Wang Q.; Qin P.","Liu, Yongjiang (57219146855); Liu, Junna (57219144576); Li, Li (57215196985); Zhang, Ping (57219221674); Wang, Qianchao (57219145567); Qin, Peng (58881686300)","57219146855; 57219144576; 57215196985; 57219221674; 57219145567; 58881686300","Transcriptome and Metabolome Combined to Analyze Quinoa Grain Quality Differences of Different Colors Cultivars","2022","International Journal of Molecular Sciences","23","21","12883","","","9","10.3390/ijms232112883","https://www.scopus.com/pages/publications/85141633500?origin=resultslist","College of Agronomy and Biotechnology, Yunnan Agricultural University, Kunming, 650201, China","Liu Y., College of Agronomy and Biotechnology, Yunnan Agricultural University, Kunming, 650201, China; Liu J., College of Agronomy and Biotechnology, Yunnan Agricultural University, Kunming, 650201, China; Li L., College of Agronomy and Biotechnology, Yunnan Agricultural University, Kunming, 650201, China; Zhang P., College of Agronomy and Biotechnology, Yunnan Agricultural University, Kunming, 650201, China; Wang Q., College of Agronomy and Biotechnology, Yunnan Agricultural University, Kunming, 650201, China; Qin P., College of Agronomy and Biotechnology, Yunnan Agricultural University, Kunming, 650201, China","Quinoa (Chenopodium quinoa Wild.) has attracted considerable attention owing to its unique nutritional, economic, and medicinal values. Meanwhile, quinoa germplasm resources and grain colors are rich and diverse. In this study, we analyzed the composition of primary and secondary metabolites and the content of the grains of four different high-yield quinoa cultivars (black, red, white, and yellow) harvested 42 days after flowering. The grains were subjected to ultra-performance liquid chromatography-tandem mass spectrometry (UPLC-MS/MS) and transcriptome sequencing to identify the differentially expressed genes and metabolites. Analysis of candidate genes regulating the metabolic differences among cultivars found that the metabolite profiles differed between white and black quinoa, and that there were also clear differences between red and yellow quinoa. It also revealed significantly altered amino acid, alkaloid, tannin, phenolic acid, and lipid profiles among the four quinoa cultivars. Six common enrichment pathways, including phenylpropane biosynthesis, amino acid biosynthesis, and ABC transporter, were common to metabolites and genes. Moreover, we identified key genes highly correlated with specific metabolites and clarified the relationship between them. Our results provide theoretical and practical references for breeding novel quinoa cultivars with superior quality, yield, and stress tolerance. Furthermore, these findings introduce an original approach of integrating genomics and transcriptomics for screening target genes that regulate the desirable traits of quinoa grain. © 2022 by the authors.","grain difference; metabolome; quality; quinoa; transcriptome","Amino Acids; Chenopodium quinoa; Chromatography, Liquid; Edible Grain; Metabolome; Plant Breeding; Tandem Mass Spectrometry; Transcriptome; ABC transporter; alkaloid; amino acid; hydroxybenzoic acid; phenol derivative; propane; tannin; transcriptome; transcriptome; amino acid synthesis; Article; biosynthesis; Chenopodium quinoa; cultivar; differential gene expression; flower development; gene control; gene expression; genetic transcription; genomics; grain; grain yield; lipid fingerprinting; liquid chromatography-mass spectrometry; metabolite; metabolome; nonhuman; physiological stress; transcriptome sequencing; transcriptomics; food grain; genetics; liquid chromatography; metabolism; metabolome; plant breeding; tandem mass spectrometry","P. Qin; College of Agronomy and Biotechnology, Yunnan Agricultural University, Kunming, 650201, China; email: wheat-quinoa@ynau.edu.cn","","MDPI","16616596","","","36361672","English","Int. J. Mol. Sci.","Article","Final","All Open Access; Gold Open Access; Green Open Access","Scopus","2-s2.0-85141633500"
"Fairbanks D.J.; Burgener K.W.; Robison L.R.; Andersen W.R.; Ballon E.","Fairbanks, D.J. (7005621879); Burgener, K.W. (6506922465); Robison, L.R. (7102758940); Andersen, W.R. (7006851952); Ballon, E. (57191355926)","7005621879; 6506922465; 7102758940; 7006851952; 57191355926","Electrophoretic Characterization of Quinoa Seed Proteins","1990","Plant Breeding","104","3","","190","195","51","10.1111/j.1439-0523.1990.tb00422.x","https://www.scopus.com/pages/publications/84989132626?origin=resultslist","Department of Botany and Range Science, Brigham Young University, Provo, Utah, 84602, 401 WIDE, United States; Department of Agronomy and Horticulture, Brigham Young University, Provo, Utah, 84602, United States; Espanola, New Mexico, 87532, Rt. 2 A, Box 36, United States","Fairbanks D.J., Department of Botany and Range Science, Brigham Young University, Provo, Utah, 84602, 401 WIDE, United States; Burgener K.W., Department of Agronomy and Horticulture, Brigham Young University, Provo, Utah, 84602, United States; Robison L.R., Department of Agronomy and Horticulture, Brigham Young University, Provo, Utah, 84602, United States; Andersen W.R., Department of Botany and Range Science, Brigham Young University, Provo, Utah, 84602, 401 WIDE, United States; Ballon E., Espanola, New Mexico, 87532, Rt. 2 A, Box 36, United States","Quinoa (Chenopodium quinoa Willd) is an important domesticated food crop of the Andean highlands with potential as an alternative crop elsewhere. Among its most attractive characteristics are the quantity and favorable amino acid balance of the seed proteins. The objective of this study was to characterize quinoa seed proteins by electrophoretic mobility, solubility fractionation, and genetic variability from a wide genetic base. Electrophoretic profiles of denatured albumin, globulin, prolamin, and glutelin solubility fractions demonstrated that quinoa seed polypeptides could be classified as either albumin or globulin with most predominant polypeptides in the globulin fraction. Insignificant amounts of protein were present in the prolamin fraction and all polypeptides in the glutelin fraction had identical electrophoretic mobilities to albumins and globulins. Three globulin polypeptides of 34.3, 35.6, and 36.2 kilodaltons in size were highly variable within and among the accessions examined and appear to be coded by at least two loci. Two‐dimensional peptide mapping revealed that these three polypeptides were homologous. These highly variable markers could be used for identification and classification of germplasm and elucidation of systematics and genetic variability within the quinoa germplasm pool. All other major polypeptides were electrophoretically invariant among the accessions examined. Copyright © 1990, Wiley Blackwell. All rights reserved","Chenopodium quinoa; genetic variation; globulins; seed proteins","","","","","01799541","","","","English","Plant Breed.","Article","Final","","Scopus","2-s2.0-84989132626"
"Morillo A.C.; Manjarres E.H.; Mora M.S.","Morillo, A.C. (57209509524); Manjarres, E.H. (57222639466); Mora, M.S. (57436655400)","57209509524; 57222639466; 57436655400","Afrosymetric method for quantifying saponins in Chenopodium Quinoa Willd. from Colombia; [Método afrosimétrico para quantificação de saponinas em Chenopodium Quinoa Willd. da Colômbia]","2022","Brazilian Journal of Biology","82","","e262716","","","12","10.1590/1519-6984.262716","https://www.scopus.com/pages/publications/85141525510?origin=resultslist","Universidad Pedagógica y Tecnológica de Colombia, Facultad de Ciencias Agropecuarias, Grupo Competitividad Innovación y Desarrollo Empresarial – CIDE, Boyacá, Tunja, Colombia","Morillo A.C., Universidad Pedagógica y Tecnológica de Colombia, Facultad de Ciencias Agropecuarias, Grupo Competitividad Innovación y Desarrollo Empresarial – CIDE, Boyacá, Tunja, Colombia; Manjarres E.H., Universidad Pedagógica y Tecnológica de Colombia, Facultad de Ciencias Agropecuarias, Grupo Competitividad Innovación y Desarrollo Empresarial – CIDE, Boyacá, Tunja, Colombia; Mora M.S., Universidad Pedagógica y Tecnológica de Colombia, Facultad de Ciencias Agropecuarias, Grupo Competitividad Innovación y Desarrollo Empresarial – CIDE, Boyacá, Tunja, Colombia","Quinoa (Chenopodium quinoa Willd.) is a pseudocereal that, in addition to presenting good nutritional characteristics in the grain, has secondary metabolites in the episperm of the seeds and, within them, saponins. Saponins are characterized by being emulsifying, foaming and generating a bitter taste. This metabolite has not been completely studied in quinoa materials from Colombia. For this reason, the objective of this research was to quantify the content of saponins present in quinoa materials from the department of Boyacá using three afrosimetric methods. For this, a completely randomized design (CRD) was implemented with a factorial arrangement of 3 (afrosimetric methods) x 5 (quinoa materials). From the quantification of saponins, it was determined that the Amarilla de maranganí genotype, was the one that presented the highest content in all the evaluated methods; the standard afrosimetric method being the most efficient. Finally, the conglomerate analysis allowed to discriminate the materials in sweet quinoas such as Tunkahuan and Blanca de Jericó with saponin contents lower than 0.06%, and in bitter quinoas (Negra de la Colorada, Dorada and Amarilla de Maranganí) with contents higher than 0.11%. The biochemical characterization of the germplasm will allow a selection of genotypes suitable for consumption and for the industry, given the potential use that saponins currently have. © 2022, Instituto Internacional de Ecologia. All rights reserved.","Andean crop; biochemical characterization; nutritional compounds; secondary metabolite; seeds","Chenopodium quinoa; Colombia; Saponins; Seeds; saponin; chemistry; Chenopodium quinoa; Colombia; metabolism; plant seed","A.C. Morillo; Universidad Pedagógica y Tecnológica de Colombia, Facultad de Ciencias Agropecuarias, Grupo Competitividad Innovación y Desarrollo Empresarial – CIDE, Tunja, Boyacá, Colombia; email: ana.morillo@uptc.edu.co","","Instituto Internacional de Ecologia","15196984","","","36350936","English","Braz. J. Biol.","Article","Final","All Open Access; Gold Open Access; Green Open Access","Scopus","2-s2.0-85141525510"
"Ortiz R.; Ruiz-Tapia E.N.; Mujica-Sanchez A.","Ortiz, R. (7102061400); Ruiz-Tapia, E.N. (6507131954); Mujica-Sanchez, A. (7003974103)","7102061400; 6507131954; 7003974103","Sampling strategy for a core collection of peruvian quinoa germplasm","1998","Theoretical and Applied Genetics","96","3-4","","475","483","108","10.1007/s001220050764","https://www.scopus.com/pages/publications/0031957681?origin=resultslist","Roy. Vet. and Agric. University, Department of Agricultural Sciences, DK-1871 Frederiksberg C, Copenhagen, 40 Thorvaldsensvej, Denmark; Univ. Nacional del Altiplano-Puno, Project Quinoa Danida, CIP-KVL-UNAP, Puno, Av. del Ejercito 329, Peru","Ortiz R., Roy. Vet. and Agric. University, Department of Agricultural Sciences, DK-1871 Frederiksberg C, Copenhagen, 40 Thorvaldsensvej, Denmark; Ruiz-Tapia E.N., Univ. Nacional del Altiplano-Puno, Project Quinoa Danida, CIP-KVL-UNAP, Puno, Av. del Ejercito 329, Peru; Mujica-Sanchez A., Univ. Nacional del Altiplano-Puno, Project Quinoa Danida, CIP-KVL-UNAP, Puno, Av. del Ejercito 329, Peru","Quinoa (Chenopodium quinoa) is an Andean crop with a high potential for cultivation under temperate agricultural conditions. A new quinoa cultivar for such an environment requires plant characteristics that may be available primarily largely in genetic resources held in gene banks. A core collection may simplify management and enhance the utilisation of quinoa genetic resources. This paper describes the development of a core subset of the whole quinoa gene bank (1029 accessions) of the Universidad Nacional del Altiplano (UNAP). All accessions available in this gene bank have location and altitude descriptors and a partial description for qualitative and quantitative descriptors. The core collection (103 accessions) contains chosen ecotypes or landraces that capture most of the genetic variability available in this Peruvian germplasm. The accessions were selected for the core collection based on a geographically stratified nonoverlapping sampling procedure. The number of accessions that were allocated to the core subset was determined using a proportional method adjusted by the relative importance of the quinoa crop in each geographical cluster as determined by its acreage. The sampling method also considered the morphological diversity within four geographical clusters of at least 100 accessions. The multivariate pattern of morphological variation was defined within each of these clusters by independent principal component analyses. A comparison of phenotypic diversity between the entire collection and its core subset confirmed that the proper sampling strategy for this core collection of Peruvian quinoa germplasm had been applied. The most important phenotypic correlations between quantitative descriptors observed in the entire collection, which may be under the control of co-adapted gene complexes, were also preserved by the core collection. The most comprenhensive quinoa core collection should consider accessions from other gene banks in Bolivia and Ecuador, a few accessions from coastal Chile and wild sympatric cross-compatible Chenopodium species. This core collection will be a point of entry to the proper exploitation of the genetic resources available in respective quinoa gene banks.","Chenopodium quinoa; Co-adapted; Gene complexes; Genetic resources; Phenotypic diversity","Andes; Bolivia; Chile; cultivar; Ecuador; genetic diversity; genetic resources; germplasm; landrace; Peru; phenotype; plant breeding; quinoa; Chenopodium quinoa","R. Ortiz; Royal Veterinary/Agric. Univ. KVL, Department of Agricultural Sciences, DK-1871 Frederiksberg C, Copenhagen, 40 Thorvaldsensvej, Denmark; email: ro@kvl.dk","","","00405752","","THAGA","","English","Theor. Appl. Genet.","Article","Final","","Scopus","2-s2.0-0031957681"
"Valverde-Ramos M.G.; Espitia-Rangel E.; Miranda-Colín S.; Benítez-Riquelme I.","Valverde-Ramos, Miriam Gabriela (58125729500); Espitia-Rangel, Eduardo (25027203000); Miranda-Colín, Salvador (56013761200); Benítez-Riquelme, Ignacio (16027672900)","58125729500; 25027203000; 56013761200; 16027672900","EVALUATION OF QUINOA GERMPLASM IN ENVIRONMENTS OF THE CENTRAL HIGH-VALLEY LANDS OF MEXICO","2022","Agrociencia","56","7","","1254","1265","1","10.47163/agrociencia.v56i7.2572","https://www.scopus.com/pages/publications/85149271427?origin=resultslist","Colegio de Postgraduados Campus Montecillo, Carretera México-Texcoco km 36.5,State of Mexico, Montecillo,Texcoco, C. P. 56264, Mexico; Instituto Nacional de Investigaciones Forestales, Agrícolas y Pecuarias, Carretera Los Reyes-Texcoco km 13.5,State of Mexico, Coatlinchán,Texcoco, C. P. 56250, Mexico","Valverde-Ramos M.G., Colegio de Postgraduados Campus Montecillo, Carretera México-Texcoco km 36.5,State of Mexico, Montecillo,Texcoco, C. P. 56264, Mexico; Espitia-Rangel E., Instituto Nacional de Investigaciones Forestales, Agrícolas y Pecuarias, Carretera Los Reyes-Texcoco km 13.5,State of Mexico, Coatlinchán,Texcoco, C. P. 56250, Mexico; Miranda-Colín S., Colegio de Postgraduados Campus Montecillo, Carretera México-Texcoco km 36.5,State of Mexico, Montecillo,Texcoco, C. P. 56264, Mexico; Benítez-Riquelme I., Colegio de Postgraduados Campus Montecillo, Carretera México-Texcoco km 36.5,State of Mexico, Montecillo,Texcoco, C. P. 56264, Mexico","Quinoa (Chenopodium quinoa Willd.) is a crop that grows under conditions of environmental stress, has high nutritional value, and agronomic potential. It is grown and marketed on a small scale in Mexico. However, there are no varieties or technology for its production. The objective of this research was to determine the performance of quinoa germplasm in the Central high-valley lands of Mexico. Sixteen genotypes of different origins and characteristics were evaluated in three environments in the localities of Nanacamilpa, Tlaxcala; and Santa Lucía de Prías, Texcoco, State of Mexico. Statistical differences (p ≤ 0.05) were found for genotypes. Late genotypes Suyana, Suma, Pata de Venado, Blanca Ayacucho, and Huauzontle showed higher grain yield (4004.9, 3888.3, 3091.1, 2999.7, and 2967.2 kg ha-1, respectively). Among the intermediate genotypes, Tokio rosa and Pasankalla reventona were the better with 2858.4 and 2118.4 kg ha-1, respectively. Whereas among the early genotypes, Tarpuna had the highest grain yield (3005.8 kg ha-1). Regarding seed diameter, only Huauzontle and Quinoa negra had a seed size equal to or smaller than 1.8 mm; the rest of the genotypes can be marketed as grains because of their seed size. Of the environments evaluated, the least favourable was Nanacamilpa 2019, while Santa Lucía de Prías 2019 was the most favourable environment. Overall, the performance of the evaluated genotypes was as expected, as they mostly come from the Inter-Andean Valleys region, which are very similar in altitude and temperature to the Central high-valley lands of Mexico © This work is licensed under a Creative Commons Attribution-Non-Commercial 4.0 International license","adaptation; Chenopodium quinoa; grain size; varieties; yields","","I. Benítez-Riquelme; Colegio de Postgraduados Campus Montecillo, Montecillo, Texcoco, State of Mexico, Carretera México-Texcoco km 36.5, C. P. 56264, Mexico; email: riquelme@colpos.mx","","Colegio de Postgraduados","14053195","","","","English","Agrociencia","Article","Final","All Open Access; Bronze Open Access","Scopus","2-s2.0-85149271427"
"Madrid D.; Salgado E.; Verdugo G.; Olguín P.; Bilalis D.; Fuentes F.","Madrid, Daniela (57202266599); Salgado, Eduardo (55799699100); Verdugo, Gabriela (24588116800); Olguín, Pablo (57202265530); Bilalis, Dimitrios (6701766580); Fuentes, Francisco (57206375499)","57202266599; 55799699100; 24588116800; 57202265530; 6701766580; 57206375499","Morphological traits defining breeding criteria for coastal quinoa in Chile","2018","Notulae Botanicae Horti Agrobotanici Cluj-Napoca","46","1","","190","196","16","10.15835/nbha46110788","https://www.scopus.com/pages/publications/85047660603?origin=resultslist","Pontificia Universidad Católica de Valparaíso, Facultad de Agronomía, Casilla 4 D, Quillota, Chile; Pontificia Universidad Católica de Valparaíso, Instituto de Geografía, Avenida Brasil 2241, Valparaíso, Chile; Agricultural University of Athens, School of Agriculture, Engineering and Environmental Sciences, Department of Crop Science, Laboratory of Agronomy, 75 Iera Odos str., Athens, 118 55, Greece; Pontificia Universidad Católica de Chile, Facultad de Agronomía e Ingeniería Forestal, Av. Vicuña Mackenna 4860, Macul., Casilla, Santiago, 306-22, Chile","Madrid D., Pontificia Universidad Católica de Valparaíso, Facultad de Agronomía, Casilla 4 D, Quillota, Chile; Salgado E., Pontificia Universidad Católica de Valparaíso, Facultad de Agronomía, Casilla 4 D, Quillota, Chile; Verdugo G., Pontificia Universidad Católica de Valparaíso, Facultad de Agronomía, Casilla 4 D, Quillota, Chile; Olguín P., Pontificia Universidad Católica de Valparaíso, Instituto de Geografía, Avenida Brasil 2241, Valparaíso, Chile; Bilalis D., Agricultural University of Athens, School of Agriculture, Engineering and Environmental Sciences, Department of Crop Science, Laboratory of Agronomy, 75 Iera Odos str., Athens, 118 55, Greece; Fuentes F., Pontificia Universidad Católica de Chile, Facultad de Agronomía e Ingeniería Forestal, Av. Vicuña Mackenna 4860, Macul., Casilla, Santiago, 306-22, Chile","Coastal/lowland quinoa ecotype is an important source of germplasm due to its cultivation in cold-temperate and high latitude areas. However, the interaction of its morphological traits and yields to define breeding criteria is unknown. The present study was designed to characterize the phenotypic diversity of twelve coastal/lowland quinoas using sixteen standardized morphological descriptors under rainfed conditions in central Chile. Complementary analysis of uni- and multivariate tools allowed a fuller understanding of interrelationships within quinoa germplasm. Through the analysis of frequency distribution, it was possible to determine that genotypes were characterized by plants having low height and medium grain yield. Cluster analysis revealed that plant morphological variables were independently grouped from grain yield components. Additionally, principal component analysis (PCA, 74.8% of total variation data), revealed the existence of three outstanding genotypes (QC01, QC02 and QC05) that were distantly located from the average dispersion of entire germplasm collection. These genotypes were associated with grain yield components, allowing the identification of two groups of high yield (VI and VII), which yielded 3337.7 and 3052.0 kg ha-1, respectively. The data set presented in this study is the first report of coastal/lowland quinoas assessed in central Chile and could assist the development of breeding programmes in cold-temperate areas having similar agro-climatic conditions. © 2018 Academic Press.","Chenopodium quinoa; Grain yield; Landrace; Multivariate analysis; Rainfed","","F. Fuentes; Pontificia Universidad Católica de Chile, Facultad de Agronomía e Ingeniería Forestal, Casilla, Santiago, Av. Vicuña Mackenna 4860, Macul., 306-22, Chile; email: frfuentesc@uc.cl","","Academic Press","0255965X","","","","English","Not. Bot. Horti Agrobot. Cluj-Napoca","Article","Final","All Open Access; Gold Open Access","Scopus","2-s2.0-85047660603"
"Bhargava A.; Shukla S.; Rajan S.; Ohri D.","Bhargava, A. (11840251000); Shukla, S. (57223924084); Rajan, S. (55249900000); Ohri, D. (6603029676)","11840251000; 57223924084; 55249900000; 6603029676","Genetic diversity for morphological and quality traits in quinoa (Chenopodium quinoa Willd.) germplasm","2007","Genetic Resources and Crop Evolution","54","1","","167","173","76","10.1007/s10722-005-3011-0","https://www.scopus.com/pages/publications/33846295942?origin=resultslist","Division of Genetics and Plant Breeding, National Botanical Research Institute, Lucknow, India; Central Institute for Subtropical Horticulture, Lucknow 227 107, India","Bhargava A., Division of Genetics and Plant Breeding, National Botanical Research Institute, Lucknow, India; Shukla S., Division of Genetics and Plant Breeding, National Botanical Research Institute, Lucknow, India; Rajan S., Central Institute for Subtropical Horticulture, Lucknow 227 107, India; Ohri D., Division of Genetics and Plant Breeding, National Botanical Research Institute, Lucknow, India","Twenty nine germplasm lines of Chenopodium quinoa and two of Chenopodium berlandieri subsp. nuttalliae were evaluated for 12 morphological and 7 quality traits for two test seasons. The 19 traits were analyzed for cluster and principal component analysis. The first four PCs contributed 78.70 % of the variability among the germplasm lines. The first PC accounted for 39.5% of the variation and had inflorescence/plant, plant height and stem diameter as the traits with largest coefficients, all with positive sign. The characters with greatest positive weight on PC2 were days to maturity (0.309), inflorescence length (0.260) and branches/plant. All the germplasm lines were grouped into six clusters based on average linkage method. Cluster III had high values for seed yield and most of the quality traits but showed a small seed size. The dendrogram separated the two lines of C. berlandieri subsp. nuttalliae from the quinoa lines. © 2006 Springer.","Chenopodium berlandieri; Chenopodium quinoa; Genetic diversity; Multivariate analysis; Principal component analysis","Acer pensylvanicum; Chenopodium berlandieri; Chenopodium quinoa; cluster analysis; genetic variation; germplasm; herb; morphology; principal component analysis; seed size","S. Shukla; Division of Genetics and Plant Breeding, National Botanical Research Institute, Lucknow, India; email: s_shukla31@rediffmail.com","","","09259864","","GRCEE","","English","Genet. Resour. Crop. Evol.","Article","Final","","Scopus","2-s2.0-33846295942"
"Wang C.; Yang F.-R.; Li M.-Q.; Lu J.-Y.; Wei Y.-M.; Zhao G.-Q.","Wang, Chang (57196193860); Yang, Fa-Rong (57191406034); Li, Min-Quan (57189347559); Lu, Jian-Ying (58652203000); Wei, Yu-Ming (57191416884); Zhao, Gui-Qin (16023251200)","57196193860; 57191406034; 57189347559; 58652203000; 57191416884; 16023251200","Identification and Evaluation of Downy Mildew (Peronospora variabilis) Resistance in Quinoa (Chenopodium quinoa) Germplasm Resources; [藜麦种质资源对霜霉病的抗性鉴定与评价]","2022","Acta Agrestia Sinica","30","10","","2626","2634","2","10.11733/j.issn.1007-0435.2022.10.012","https://www.scopus.com/pages/publications/85174342387?origin=resultslist","College of Pratacultural Science, Gansu Agricultural University, Gansu Province, Lanzhou, 730070, China; Institute of Crops Research, Gansu Academy of Agricultural Sciences, Gansu Province, Lanzhou, 730070, China; Institute of Pasture and Green Agriculture, Gansu Academy of Agricultural Sciences, Gansu Province, Lanzhou, 730070, China; Gansu Academy of Agricultural Sciences, Gansu Province, Lanzhou, 730070, China","Wang C., College of Pratacultural Science, Gansu Agricultural University, Gansu Province, Lanzhou, 730070, China, Institute of Crops Research, Gansu Academy of Agricultural Sciences, Gansu Province, Lanzhou, 730070, China; Yang F.-R., Institute of Pasture and Green Agriculture, Gansu Academy of Agricultural Sciences, Gansu Province, Lanzhou, 730070, China; Li M.-Q., Gansu Academy of Agricultural Sciences, Gansu Province, Lanzhou, 730070, China; Lu J.-Y., Gansu Academy of Agricultural Sciences, Gansu Province, Lanzhou, 730070, China; Wei Y.-M., Institute of Pasture and Green Agriculture, Gansu Academy of Agricultural Sciences, Gansu Province, Lanzhou, 730070, China; Zhao G.-Q., College of Pratacultural Science, Gansu Agricultural University, Gansu Province, Lanzhou, 730070, China","In order to explore the resistance level of downy mildew of quinoa germplasm resources under local environmental conditions, the downy mildew resistance of 50 quinoa germplasm resources was identified and evaluated, by adopted natural infection and indoor inoculation of the detached leaves. The results showed that there existed great variations in the infection degree of P. variabilis (Disease incidence 13. 30%~100. 00%; Disease index 1. 00-—100. 00) and significant differences in the resistance degree of downy mildew among quinoa germplasms. We respectively screened one highly resistant material 'Taiwan red quinoa', which accounted for 2. 00% of the tested materials;One resistant material 'QA064', accounted for 2. 00%; Two moderately resistant materials 'LongliNo.2' and ' HL-Q5 ', accounted for 4. 00%; Three susceptible materials ' QA045 ', 'QA050-2' and ' Qinghai-02', accounted for 6. 00%; The remaining 43 materials showed highly susceptible, accounted for 86. 00%. It was first discovered that 'Taiwan red quinoa' could be infected by quinoa downy mildew and showed high resistance. It was further confirmed that the resistance identifications of quinoa downy mildew in the field were better to adopt ""Three-leaf method"" in the full flowering stage of quinoa. In comparison, indoor identification technology of the detached leaves has more advantages for researchers to study quinoa downy mildew and characterize germplasm for resistance, which should be the first choice in resistance identification. © 2022 Authors. All rights reserved.","Downy mildew; Germplasm resources; Quinoa; Resistance","","G.-Q. Zhao; College of Pratacultural Science, Gansu Agricultural University, Lanzhou, Gansu Province, 730070, China; email: zhaogq@gsau.edu.cn","","China Agricultural University","10070435","","","","Chinese","Acta. Agrestia. Sin.","Article","Final","","Scopus","2-s2.0-85174342387"
"Morillo-Coronado A.C.; Manjarres-Hernández E.H.; Pedreros-Benavides M.C.","Morillo-Coronado, Ana Cruz (57209509524); Manjarres-Hernández, Elsa Helena (57217164726); Pedreros-Benavides, María Camila (58944729300)","57209509524; 57217164726; 58944729300","Genetic diversity of quinoa (Chenopodium quinoa Willd.) from Cundinamarca, Colombia","2022","Plant Genetic Resources: Characterisation and Utilisation","20","3","","223","229","2","10.1017/S1479262123000060","https://www.scopus.com/pages/publications/105025225394?origin=resultslist","Facultad de Ciencias Agropecuarias, Programa Ingeniería Agronómica, Universidad Pedagógica y Tecnológica de Colombia, Avenida Central del Norte No39-115, Tunja, Boyacá, CP 150001, Colombia; Doctorado en Ciencias Biológicas y Ambientales, Facultad de Ciencias, Universidad Pedagógica y Tecnológica de Colombia, Avenida Central del Norte No39-115, Tunja, Boyacá, CP 150001, Colombia; Grupo de investigación Competitividad Innovación y Desarrollo Empresarial (CIDE), Facultad de Ciencias Agropecuarias, Universidad Pedagógica y Tecnológica de Colombia, Avenida Central del Norte No 39-115, Tunja, Boyacá, CP 150001, Colombia","Morillo-Coronado A.C., Facultad de Ciencias Agropecuarias, Programa Ingeniería Agronómica, Universidad Pedagógica y Tecnológica de Colombia, Avenida Central del Norte No39-115, Tunja, Boyacá, CP 150001, Colombia; Manjarres-Hernández E.H., Doctorado en Ciencias Biológicas y Ambientales, Facultad de Ciencias, Universidad Pedagógica y Tecnológica de Colombia, Avenida Central del Norte No39-115, Tunja, Boyacá, CP 150001, Colombia; Pedreros-Benavides M.C., Grupo de investigación Competitividad Innovación y Desarrollo Empresarial (CIDE), Facultad de Ciencias Agropecuarias, Universidad Pedagógica y Tecnológica de Colombia, Avenida Central del Norte No 39-115, Tunja, Boyacá, CP 150001, Colombia","Chenopodium quinoa W. is a species of South America with an exceptional nutritional content and wide agroclimatological adaptation. It has great genetic and phenotypic variability, however in Colombia there are few genetic improvement programmes that take advantage of its great genetic and productive potential. In Cundinamarca there are some adapted genotypes which have been selected by farmers. We evaluated 36 genotypes of Blanca de Jericó, Blanca Subachoque, Aurora, Púrpura and Tunkahuan from Cundinamarca, using eight ISSR markers. The analysis by the coefficient of Nei-Li at the level of similarity of 0.40 divided the population into three groups according their background genetic and the colour of oxalates. The percentage of polymorphic loci was higher than 90%. The average value of heterozygosity was 0.32, which is low given the selection processes that the evaluated germplasm has undergone. We found moderate genetic differentiation (Fst = 0.23). The analysis of molecular variance (AMOVA) showed higher variation (77%) groups than among groups (23%). The results revealed intra-population diversity, which suggests that farmers within their farms should undergo a more rigorous seed selection process. Our results demonstrate that ISSR markers are useful and powerful to assess the genetic relationships, polymorphism and genetic diversity of quinoa cultivars. The genetic characterization results reported in the present study will be promising for guiding the breeding of quinoa seed quality in Colombia. © The Author(s), 2023.","Genetic diversity; germplasm; molecular markers; plant breeding","","A.C. Morillo-Coronado; Facultad de Ciencias Agropecuarias, Programa Ingeniería Agronómica, Universidad Pedagógica y Tecnológica de Colombia, Boyacá, Avenida Central del Norte No39-115, Tunja, CP 150001, Colombia; email: ana.morillo@uptc.edu.co","","Cambridge University Press","14792621","","","","English","Plant Genet. Resour. Charact. Util.","Article","Final","","Scopus","2-s2.0-105025225394"
"Romero M.; Mujica A.; Pineda E.; Ccamapaza Y.; Zavalla N.","Romero, Maria (57211330931); Mujica, Angel (7003974103); Pineda, Edgardo (57211337588); Ccamapaza, Yesenia (57211334782); Zavalla, Nohely (57211330393)","57211330931; 7003974103; 57211337588; 57211334782; 57211330393","Genetic identity based on simple sequence repeat (Ssr) markers for quinoa (chenopodium quinoa willd.); [Identidad genética basada en marcadores de repetición de secuencia simple (Ssr) para quinua (chenopodium quinoa willd.).]","2019","Ciencia e Investigacion Agraria","46","2","","166","178","20","10.7764/rcia.v46i2.2144","https://www.scopus.com/pages/publications/85073526739?origin=resultslist","Universidad Nacional del Altiplano, Escuela Profesional de Biología, Puno, Peru","Romero M., Universidad Nacional del Altiplano, Escuela Profesional de Biología, Puno, Peru; Mujica A., Universidad Nacional del Altiplano, Escuela Profesional de Biología, Puno, Peru; Pineda E., Universidad Nacional del Altiplano, Escuela Profesional de Biología, Puno, Peru; Ccamapaza Y., Universidad Nacional del Altiplano, Escuela Profesional de Biología, Puno, Peru; Zavalla N., Universidad Nacional del Altiplano, Escuela Profesional de Biología, Puno, Peru","Molecular markers based on simple sequence repeats (SSRs) constitute a highly effective instrument in the identification of quinoa genotypes (Chenopodium quinoa), and they are very useful in the management and conservation of germplasm banks. The present study was carried out in the Molecular Biology Laboratories of the Megalaboratory of the National University of the Altiplano and the National Agrarian University la Molina. With the objective of determining a minimum group of highly informative initiators for the cultivation of quinoa to study and identify the obtained alleles and implementing and incorporating this technology into research of genetic identity, the molecular analysis of nine loci located by microsatellite markers (SSRs) was performed on a sample of 26 varieties of quinoa: Ayrampo, Amarilla de Marangani, Choclito, Chullpi, Huariponcho, Pandela, Sajama, Witulla, Kcancolla, Negra Collana, Salcedo, Pasankalla, Blanca de Juli, and Chenopodium petiolare from the CIP-Camacani and Blanca de Juli, Kcancolla, Negra Collana, Pasankalla, Altiplano, Illpa INIA, Salcedo, Ayara Blanca de Juli, Ayara Blanca de Arequipa, Ayara Cancolla, Ayara Pasankalla, and Ayara Salcedo from the INIA. Genomic DNA was extracted by PCR (GeneJET Plant Genomic DNA Purification), and 20 microsatellite regions were amplified. The amplified fragments were loaded on polyacrylamide gels to determine their size in base pairs, of which only nine showed products with reading quality (QCA012, QCA015, QCA021, QCA029, QCA034, QCA040, QCA053, QCA055 and QCA067). The fragments were evaluated for their allelic richness, heterozygosity (H) and polymorphic information content (PIC). The data were processed with Gen Alex software ver. 3.5 A total of 67 alleles were detected among the different regions analyzed, with an average of 7 alleles for loci ranging from 142 to 240 bp and an effective number of alleles (ENA) of 5.36. The mean heterozygosity was 0.80, and the mean Polymorphic Information Content (PIC) was 0.81. The markers were highly polymorphic; therefore, the most informative SSR primers in the present study would be made up of three markers with PIC, QCA053 (0.87), QCA015 (0.86) and QCA034 (0.86), for determining the genetic identity of Chenopodium quinoa Willd. These markers can be easily interpreted and are useful for the molecular characterization of quinoa varieties. Analysis of the hierarchical clusters using UPGMA (Unweighted Pair Group Method) clustering identified 5 groups at a similarity coefficient of 0.77 among the quinoa varieties studied in this research. © 2019, Pontificia Universidad Catolica de Chile, Facultad de Agronomia e Ingenieria Forestal. All rights reserved.","Chenopodium quinoa; Marker; Molecular genetics; Polymorphism","","M. Romero; Universidad Nacional del Altiplano, Escuela Profesional de Biología, Puno, Peru; email: marirdg7@hotmail.com","","Pontificia Universidad Catolica de Chile, Facultad de Agronomia e Ingenieria Forestal","03045609","","","","English","Cienc. Invest. Agrar.","Article","Final","All Open Access; Gold Open Access; Green Open Access","Scopus","2-s2.0-85073526739"
"Velasco L.; Matías J.; Cruz V.; Fondevilla S.","Velasco, Leonardo (7006310827); Matías, Javier (36990275800); Cruz, Verónica (57209368678); Fondevilla, Sara (8449390700)","7006310827; 36990275800; 57209368678; 8449390700","Genetic and environmental influences on fatty acid and tocopherol diversity in quinoa germplasm","2025","Frontiers in Plant Science","16","","1541895","","","2","10.3389/fpls.2025.1541895","https://www.scopus.com/pages/publications/105007003966?origin=resultslist","Departamento de Mejora Genética Vegetal, Instituto de Agricultura Sostenible – Consejo Superior de Investigaciones Científicas (IAS-CSIC), Córdoba, Spain; Centro de Investigaciones Científicas y Tecnológicas de Extremadura (CICYTEX), Instituto de Investigaciones Agrarias Finca La Orden, Badajoz, Spain","Velasco L., Departamento de Mejora Genética Vegetal, Instituto de Agricultura Sostenible – Consejo Superior de Investigaciones Científicas (IAS-CSIC), Córdoba, Spain; Matías J., Centro de Investigaciones Científicas y Tecnológicas de Extremadura (CICYTEX), Instituto de Investigaciones Agrarias Finca La Orden, Badajoz, Spain; Cruz V., Centro de Investigaciones Científicas y Tecnológicas de Extremadura (CICYTEX), Instituto de Investigaciones Agrarias Finca La Orden, Badajoz, Spain; Fondevilla S., Departamento de Mejora Genética Vegetal, Instituto de Agricultura Sostenible – Consejo Superior de Investigaciones Científicas (IAS-CSIC), Córdoba, Spain","Introduction: Quinoa (Chenopodium quinoa Willd.) is a food crop highly valued for being nutritious and health-promoting. As quinoa grains contain more oil than cereals, the fatty acid profile is an important nutritional criterion. The tocopherol family, with vitamin E and anti-inflammatory properties, are also relevant compounds for the nutritional quality of quinoa. Currently, information on the genetic diversity of these compounds in quinoa germplasm is limited. Methods: Fatty acid and tocopherol contents and profiles were analyzed, using gas chromatography and HPLC, respectively, in the seeds of 126 quinoa accessions from diverse origins grown in two locations in Spain in 2021 and 2022, following a completely randomised block design with three replications. Results: The germplasm exhibited a wide diversity for all the traits analysed, showing contrasting contents and profiles of fatty acids and tocopherols. Considering the data averaged over the four environments, particularly relevant variation was observed for total fatty acid, from 1.0 to 4.4% of grain weight; oleic acid, from 13.4 to 32.3% of total fatty acids; linoleic acid, from 48.0 to 67.4%; linolenic acid, from 1.8 to 8.4%; tocopherol content, from 22.3 to 121.6 mg kg-1 grain; α-tocopherol, from 24.6 to 81.4% of the total tocopherols; and γ-tocopherol, from, 18.6 to 75.4%. Broad-sense heritability (H2) was found to be high for linolenic acid content (0.86) and the concentrations of α- and γ-tocopherol (0.84). For most of the other traits, H2 ranged from 0.65 to 0.77. Principal component analysis successfully separated highland accessions from Bolivia and Peru and lowland accessions from Chile and the USA. Discussion: The existence of wide genetic diversity for grain oil content, fatty acid profile, and tocopherol content and profile in quinoa germplasm, together with the medium to high heritability of these traits, suggests the feasibility of improving these characters through breeding. Copyright © 2025 Velasco, Matías, Cruz and Fondevilla.","fatty acid profile; genetic diversity; geographic diversity; heritability estimates; oil content; quinoa breeding; tocopherols","","L. Velasco; Departamento de Mejora Genética Vegetal, Instituto de Agricultura Sostenible – Consejo Superior de Investigaciones Científicas (IAS-CSIC), Córdoba, Spain; email: lvelasco@ias.csic.es","","Frontiers Media SA","1664462X","","","","English","Front. Plant Sci.","Article","Final","All Open Access; Gold Open Access; Green Open Access","Scopus","2-s2.0-105007003966"
"Cueva-Flores L.; Gutierrez-Rosales R.; Zeballos O.; Condori-Apfata J.; Lipa-Mamani L.; Macedo-Valdivia D.; Gomez-Pando L.; Zhang C.; Jellen E.N.; Mayta Anco M.E.","Cueva-Flores, Leslie (58899099700); Gutierrez-Rosales, Raymundo (23018421000); Zeballos, Omar (57215597922); Condori-Apfata, Jorge (56524654100); Lipa-Mamani, Luis (57215610585); Macedo-Valdivia, Dennis (57219835393); Gomez-Pando, Luz (15047884000); Zhang, Cankui (16026138600); Jellen, Eric N. (6701925700); Mayta Anco, Mayela Elizabeth (58899750400)","58899099700; 23018421000; 57215597922; 56524654100; 57215610585; 57219835393; 15047884000; 16026138600; 6701925700; 58899750400","Effects of salt stress on tolerant accessions of quinoa at the morphological and metabolic levels","2024","Chilean Journal of Agricultural Research","84","1","","56","69","7","10.4067/S0718-58392024000100056","https://www.scopus.com/pages/publications/85185696134?origin=resultslist","Universidad Nacional de San Agustín, Facultad de Agronomía, Arequipa, 04001, Peru; Universidad Nacional Agraria de La Molina, Facultad de Ingeniería Agrícola, Lima, 15012, Peru; Universidad Nacional Toribio Rodríguez de Mendoza de Amazonas, Facultad de Ingeniería y Ciencias Agrarias (FICA), Chachapoyas, 1001, Peru; Universidad Nacional Agraria de La Molina, Departamento de Fitotecnia, Facultad de Agronomía, Lima, 15012, Peru; Purdue University, Department of Agronomy and Center for Plant Biology, West Lafayette, 47907, IN, United States; Brigham Young University, Department of Plant and Wildlife Sciences, College of Life Sciences, Provo, 84602, UT, United States","Cueva-Flores L., Universidad Nacional de San Agustín, Facultad de Agronomía, Arequipa, 04001, Peru; Gutierrez-Rosales R., Universidad Nacional Agraria de La Molina, Facultad de Ingeniería Agrícola, Lima, 15012, Peru; Zeballos O., Universidad Nacional de San Agustín, Facultad de Agronomía, Arequipa, 04001, Peru; Condori-Apfata J., Universidad Nacional Toribio Rodríguez de Mendoza de Amazonas, Facultad de Ingeniería y Ciencias Agrarias (FICA), Chachapoyas, 1001, Peru; Lipa-Mamani L., Universidad Nacional de San Agustín, Facultad de Agronomía, Arequipa, 04001, Peru; Macedo-Valdivia D., Universidad Nacional de San Agustín, Facultad de Agronomía, Arequipa, 04001, Peru; Gomez-Pando L., Universidad Nacional Agraria de La Molina, Departamento de Fitotecnia, Facultad de Agronomía, Lima, 15012, Peru; Zhang C., Purdue University, Department of Agronomy and Center for Plant Biology, West Lafayette, 47907, IN, United States; Jellen E.N., Brigham Young University, Department of Plant and Wildlife Sciences, College of Life Sciences, Provo, 84602, UT, United States; Mayta Anco M.E., Universidad Nacional de San Agustín, Facultad de Agronomía, Arequipa, 04001, Peru","Quinoa (Chenopodium quinoa Willd.) is a facultative halophyte recognized for its genetic variability and high tolerance to salinity. The objective of this study was to evaluate the effect of NaCl on three accessions of quinoa from the Camacani germplasm bank of the National University of the Altiplano, Perú, at three NaCl concentrations (0, 200 and 400 mM) under greenhouse conditions. Four morphological variables (plant height, root length, percentage of root DM, and aerial DM), as well as seven metabolic variables (chlorophyll, proline, phenols, flavonoids, saponins, amino acids and proteins content by spectrophotometric analysis) and electrolyte leakage (EL) in leaves were analyzed. Increasing NaCl exposure was positively correlated with increases in EL, proline, and saponin, while negatively correlated with leaf protein content. In accession PECQ 20037, for example, foliar protein content varied from 18.7% at 0 mM NaCl to 10.57% at 400 mM NaCl. The results indicated that accessions PECQ 20037 and Negra Oruro tolerated the 400 mM NaCl concentration better than Sajama. © 2023 by the authors.","Chenopodium quinoa; metabolic variables; morphological variables; NaCl","","M.E. Mayta Anco; Universidad Nacional de San Agustín, Facultad de Agronomía, Arequipa, 04001, Peru; email: mmaytaan@unsa.edu.pe","","Instituto de Investigaciones Agropecuarias, INIA","07185820","","","","English","Chil. J. Agric. Res.","Article","Final","All Open Access; Gold Open Access; Green Open Access","Scopus","2-s2.0-85185696134"
"Nazeer S.; Akram M.Z.","Nazeer, Samreen (55257817200); Akram, Muhammad Zubair (57909017000)","55257817200; 57909017000","Elucidating Genotypic Variation in Quinoa via Multidimensional Agronomic, Physiological, and Biochemical Assessments","2025","Plants","14","15","2332","","","2","10.3390/plants14152332","https://www.scopus.com/pages/publications/105013151603?origin=resultslist","Department of Food and Drug, University of Parma, Viale Parco Area delle Scienze 27/A, Parma, 43124, Italy; Department of Agricultural, Food and Environmental Sciences (DSA3), University of Perugia, Borgo XX Giugno, 74, Perugia, 06121, Italy","Nazeer S., Department of Food and Drug, University of Parma, Viale Parco Area delle Scienze 27/A, Parma, 43124, Italy; Akram M.Z., Department of Agricultural, Food and Environmental Sciences (DSA3), University of Perugia, Borgo XX Giugno, 74, Perugia, 06121, Italy","Quinoa (Chenopodium quinoa Willd.) has emerged as a climate-resilient, nutrient-dense crop with increasing global popularity because of its adaptability under current environmental variations. To address the limited understanding of quinoa’s genotypic performance under local agro-environmental conditions, this study hypothesized that elite genotypes would exhibit significant variation in agronomic, physiological, and biochemical traits. This study aimed to elucidate genotypic variability among 23 elite quinoa lines under field conditions in Faisalabad, Pakistan, using a multidimensional framework that integrated phenological, physiological, biochemical, root developmental, and yield-related attributes. The results revealed that significant variation was observed across all measured parameters, highlighting the diverse adaptive strategies and functional capacities among the tested genotypes. More specifically, genotypes Q4, Q11, Q15, and Q126 demonstrated superior agronomic potential and canopy-level physiological efficiencies, including high biomass accumulation, low infrared canopy temperatures and sustained NDVI values. Moreover, Q9 and Q52 showed enhanced accumulation of antioxidant compounds such as phenolics and anthocyanins, suggesting potential for functional food applications and breeding program for improving these traits in high-yielding varieties. Furthermore, root trait analysis revealed Q15, Q24, and Q82 with well-developed root systems, suggesting efficient resource acquisition and sufficient support for above-ground plant parts. Moreover, principal component analysis further clarified genotype clustering based on trait synergistic effects. These findings support the use of multidimensional phenotyping to identify ideotypes with high yield potential, physiological efficiency and nutritional value. The study provides a foundational basis for quinoa improvement programs targeting climate adaptability and quality enhancement. © 2025 by the authors.","abiotic stress resilience; adaptability; Chenopodium quinoaWilld; climate-proof plant; germplasm diversification; morpho-physiological attributes","","M.Z. Akram; Department of Agricultural, Food and Environmental Sciences (DSA3), University of Perugia, Borgo XX Giugno, Perugia, 74, 06121, Italy; email: muhammadzubair.akram@unipg.it","","Multidisciplinary Digital Publishing Institute (MDPI)","22237747","","","","English","Plants","Article","Final","All Open Access; Gold Open Access; Green Open Access","Scopus","2-s2.0-105013151603"
"De Santis G.; D'Ambrosio T.; Rinaldi M.; Rascio A.","De Santis, Giuditta (7004812104); D'Ambrosio, Tiziana (57189867866); Rinaldi, Michele (7202149739); Rascio, Agata (6603146499)","7004812104; 57189867866; 7202149739; 6603146499","Heritabilities of morphological and quality traits and interrelationships with yield in quinoa (Chenopodium quinoa Willd.) genotypes in the Mediterranean environment","2016","Journal of Cereal Science","70","","","177","185","42","10.1016/j.jcs.2016.06.003","https://www.scopus.com/pages/publications/84975488130?origin=resultslist","Council for Agricultural and Economic Research, Cereal Research Centre (CREA-CER), S.S. 673, Km 25.200, Foggia, 71122, Italy; Department of Science of Agricultural, Food and the Environment, University of Foggia, Via Napoli 25, Foggia, 71100, Italy","De Santis G., Council for Agricultural and Economic Research, Cereal Research Centre (CREA-CER), S.S. 673, Km 25.200, Foggia, 71122, Italy; D'Ambrosio T., Department of Science of Agricultural, Food and the Environment, University of Foggia, Via Napoli 25, Foggia, 71100, Italy; Rinaldi M., Council for Agricultural and Economic Research, Cereal Research Centre (CREA-CER), S.S. 673, Km 25.200, Foggia, 71122, Italy; Rascio A., Council for Agricultural and Economic Research, Cereal Research Centre (CREA-CER), S.S. 673, Km 25.200, Foggia, 71122, Italy","Twenty-five germplasm lines of Chenopodium quinoa, four of Chenopodium giganteum and one of Chenopodium berlandieri subsp. nuttalliae from different origins were evaluated for seed yield and morphological and quality traits in the southern Italy environment over a 2-year period. The aim was to select superior genotypes for production and quality traits that are well adapted to the Mediterranean climate. Significant variations were seen for all of the traits among these genotypes. Seed yield ranged from 0.11 t ha-1 to 3.05 t ha-1, with higher yields for 10 Chilean lines. Seed protein ranged from 15.8% to 19.8%, and total dietary fibre ranged from 9.4% to 21.3%. Seed yellow pigment concentration ranged from 10 μg g-1 to 18 μg g-1. Heritability estimates were relatively high for almost all of the traits considered, although the highest heritability was obtained for seed insoluble dietary fibre (0.94) and yellow pigment concentration (0.92). All of the morphological traits except 'days to flowering' and 'days to maturity' showed significant positive associations with seed yield, while the quality traits were negatively correlated with seed yield. The results indicate the superior genotypes that can be used directly as parents in future selection programmes for the development of high-yielding varieties that are well adapted to the Mediterranean environment. © 2016.","Heritability; Morphology; Quality; Quinoa seed yield","","G. De Santis; Council for Agricultural and Economic Research, Cereal Research Centre (CREA-CER), Foggia, S.S. 673, Km 25.200, 71122, Italy; email: giuditta.desantis@crea.gov.it","","Academic Press","07335210","","JCSCD","","English","J. Cereal Sci.","Article","Final","","Scopus","2-s2.0-84975488130"
"Coronado A.C.M.; Hernández E.H.M.; Coronado Y.M.","Coronado, Ana Cruz Morillo (59454666900); Hernández, Elsa Helena Manjarres (57217164726); Coronado, Yacenia Morillo (56007631200)","59454666900; 57217164726; 56007631200","Phenotypic diversity of agromorphological characteristics of quinoa (Chenopodium quinoa willd.) germplasm in colombia","2022","Scientia Agricola","79","4","e20210017","","","20","10.1590/1678-992X-2021-0017","https://www.scopus.com/pages/publications/85111623660?origin=resultslist","Universidad Pedagógica y Tecnológica de Colombia, Facultad de Ciencias Agropecuarias, Avenida Central Norte #, Tunja, 39-115, Colombia; Corporación Colombiana de Investigación Agropecuaria, AGROSAVIA, Cra 36a–23, Palmira Valle del Cauca, Colombia","Coronado A.C.M., Universidad Pedagógica y Tecnológica de Colombia, Facultad de Ciencias Agropecuarias, Avenida Central Norte #, Tunja, 39-115, Colombia; Hernández E.H.M., Universidad Pedagógica y Tecnológica de Colombia, Facultad de Ciencias Agropecuarias, Avenida Central Norte #, Tunja, 39-115, Colombia; Coronado Y.M., Corporación Colombiana de Investigación Agropecuaria, AGROSAVIA, Cra 36a–23, Palmira Valle del Cauca, Colombia","Chenopodium quinoa Willd. is an Andean crop with great nutritional value, economic potential, and a broad genetic and phenotypic diversity with adaptation to different conditions. In Colombia, C. quinoa is cultivated mainly in Cundinamarca, Nariño and Boyacá, where studies have been conducted to characterize the germplasm and lack of seed materials, some challenges for the quinoa crop. This work assessed agromorphological characteristics of 50 quinoa genotypes from the germplasm collection of Boyacá the using a completely randomized design on the farm in Tunja. The multivariate analysis followed by a clustering approach were conducted on agromorphological descriptors, in which 16 were qualitative descriptors (e.g, panicle shape, episperm color, leaf shape) and five quantitative descriptors (e.g, plant height, panicle number). The results showed that higher coefficients of variation were found in characteristics associated to yield. The principal component analysis (PCA) of the quantitative variables showed that the first two components explained 88 % of the total variation with the characteristics of plant height, length, diameter, and panicle number showing the highest variability. The quantitative characteristic clusters comprised length and diameter panicle, weight 1,000 seeds, and plant height, while the qualitative characteristic clusters comprised stem shape, branching habit, panicle shape, and color of the axils. The factorial analysis of mixed data discriminated the materials with outstanding morphoagronomic characteristics. Agromorphological characterization revealed a broad variability, which should be conserved and used in genetic improvement programs of C. quinoa. © 2022, University of Sao Paolo. All rights reserved.","Andean cultivation; Genetic diversity; Phenotypic variability; Yield","","A.C.M. Coronado; Universidad Pedagógica y Tecnológica de Colombia, Facultad de Ciencias Agropecuarias, Tunja, Avenida Central Norte #, 39-115, Colombia; email: ana.morillo@uptc.edu.co","","University of Sao Paolo","01039016","","","","English","Sci. Agric.","Article","Final","All Open Access; Gold Open Access; Green Open Access","Scopus","2-s2.0-85111623660"
"Asif A.; Khan S.; Asif B.; Ibrar D.; Hasnain Z.; Ismail M.S.; Rizwan M.; Ullah S.; Bashir S.; Rais A.; Irshad S.; Abbas T.; Farooq N.; Alkahtani J.; Elshikh M.S.","Asif, Ariba (57482458100); Khan, Shahbaz (56443077600); Asif, Bareera (57877633100); Ibrar, Danish (57203154876); Hasnain, Zuhair (36600343900); Ismail, Muhammad Shoaib (57658748100); Rizwan, Muhammad (59068620500); Ullah, Sami (59725255100); Bashir, Saqib (57188988747); Rais, Afroz (57835868600); Irshad, Sohail (57202813087); Abbas, Tasawer (57190231672); Farooq, Naila (57194612499); Alkahtani, Jawaher (58161646900); Elshikh, Mohamed S. (57827291600)","57482458100; 56443077600; 57877633100; 57203154876; 36600343900; 57658748100; 59068620500; 59725255100; 57188988747; 57835868600; 57202813087; 57190231672; 57194612499; 58161646900; 57827291600","Preliminary Study on Growth and Yield Potential of Ten Elite Lines of Quinoa (Chenopodium quinoa) Cultivated under Varying Sowing Dates","2022","Plants","11","16","2116","","","7","10.3390/plants11162116","https://www.scopus.com/pages/publications/85137339780?origin=resultslist","Department of Botany, University of Agriculture, Faisalabad, 38040, Pakistan; National Agricultural Research Centre, Islamabad, 45500, Pakistan; Department of Chemistry, Faculty of Chemical and Biological Sciences, Islamia University Bahawalpur, Bahawalpur, 63100, Pakistan; Department of Agronomy, PMA-Shah Arid Agriculture University, Rawalpindi, 46000, Pakistan; Department of Agronomy, MNS-University of Agriculture, Multan, 64200, Pakistan; Department of Agronomy, Gomal University, Dera Ismail Khan, 29220, Pakistan; Department of Soil Environmental Science, Ghazi University, Dera Ghazi Khan, 32200, Pakistan; Department of Botany, Sardar Bahadur Khan Women’s University, Quetta, 08763, Pakistan; Inservice Agriculture Training Institute, Sargodha, 40100, Pakistan; Department of Soil Environmental Sciences, College of Agriculture, University of Sargodha, Sargodha, 40100, Pakistan; Department of Botany and Microbiology, College of Science, King Saud University, Riyadh, 11451, Saudi Arabia","Asif A., Department of Botany, University of Agriculture, Faisalabad, 38040, Pakistan; Khan S., National Agricultural Research Centre, Islamabad, 45500, Pakistan; Asif B., Department of Chemistry, Faculty of Chemical and Biological Sciences, Islamia University Bahawalpur, Bahawalpur, 63100, Pakistan; Ibrar D., National Agricultural Research Centre, Islamabad, 45500, Pakistan; Hasnain Z., Department of Agronomy, PMA-Shah Arid Agriculture University, Rawalpindi, 46000, Pakistan; Ismail M.S., Department of Agronomy, MNS-University of Agriculture, Multan, 64200, Pakistan; Rizwan M., Department of Agronomy, MNS-University of Agriculture, Multan, 64200, Pakistan; Ullah S., Department of Agronomy, Gomal University, Dera Ismail Khan, 29220, Pakistan; Bashir S., Department of Soil Environmental Science, Ghazi University, Dera Ghazi Khan, 32200, Pakistan; Rais A., Department of Botany, Sardar Bahadur Khan Women’s University, Quetta, 08763, Pakistan; Irshad S., Department of Agronomy, MNS-University of Agriculture, Multan, 64200, Pakistan; Abbas T., Inservice Agriculture Training Institute, Sargodha, 40100, Pakistan; Farooq N., Department of Soil Environmental Sciences, College of Agriculture, University of Sargodha, Sargodha, 40100, Pakistan; Alkahtani J., Department of Botany and Microbiology, College of Science, King Saud University, Riyadh, 11451, Saudi Arabia; Elshikh M.S., Department of Botany and Microbiology, College of Science, King Saud University, Riyadh, 11451, Saudi Arabia","Optimization of agronomic practices for cultivation of quinoa, a super food and climate resilient crop, is critical to obtain its maximum grain yield under the current scenario of climate change. In the present experimentation, we evaluated the appropriate sowing time of ten elite lines of quinoa, already screened from USDA germplasm. Seeds of each line were sown in the experimental area at Square No. 22, Block No. 5, Directorate of Farm, University of Agriculture, Faisalabad, Pakistan on 15 November, 30 November and 15 December during quinoa cultivation season of 2019–2020. Sowing time significantly affected the emergence percentage, days taken to anthesis, chlorophyll contents, sodium and potassium concentrations in leaf, plant height, stem diameter, number of leaves and leaf area, panicle length, grain yield and 1000-grain weight. Lines; PIA-922, PIA-924, PIA-928 and PIA-929 performed better under first sowing and produced higher grain yield as compared to other lines. Similarly, PIA-921, PIA-922, PIA-925 and PIA-932 produced maximum biomass and grain yield under second sowing date while in case of third sowing date, PIA-926, PIA-928, PIA-930 and PIA-931 were observed more responsive regarding growth and yield attributes. A diversified pattern of agronomic, growth and yield contributing attributes of quinoa lines was observed when cultivated under varying sowing dates. The collected data will be very informative for the breeders and agronomists during selection and variety development process in future. © 2022 by the authors.","germplasm; growth; quinoa; sowing dates; yield","","S. Khan; National Agricultural Research Centre, Islamabad, 45500, Pakistan; email: shahbaz2255@gmail.com; Z. Hasnain; Department of Agronomy, PMA-Shah Arid Agriculture University, Rawalpindi, 46000, Pakistan; email: zuhair@uaar.edu.pk","","MDPI","22237747","","","","English","Plants","Article","Final","All Open Access; Gold Open Access; Green Open Access","Scopus","2-s2.0-85137339780"
"Craine E.B.; Davies A.; Packer D.; Miller N.D.; Schmöckel S.M.; Spalding E.P.; Tester M.; Murphy K.M.","Craine, Evan B. (57218659414); Davies, Alathea (57323505400); Packer, Daniel (57224536440); Miller, Nathan D. (55772101500); Schmöckel, Sandra M. (37075650500); Spalding, Edgar P. (7004739032); Tester, Mark (7003273484); Murphy, Kevin M. (57213539673)","57218659414; 57323505400; 57224536440; 55772101500; 37075650500; 7004739032; 7003273484; 57213539673","A comprehensive characterization of agronomic and end-use quality phenotypes across a quinoa world core collection","2023","Frontiers in Plant Science","14","","1101547","","","29","10.3389/fpls.2023.1101547","https://www.scopus.com/pages/publications/85149561823?origin=resultslist","The Land Institute, Salina, KS, United States; Department of Chemistry, University of Wyoming, Laramie, WY, United States; Sustainable Seed Systems Laboratory, Department of Crop and Soil Sciences, Washington State University, Pullman, WA, United States; Department of Botany, University of Wisconsin-Madison, Madison, WI, United States; Department Physiology of Yield Stability, Institute of Crop Science, Faculty of Agriculture, University of Hohenheim, Stuttgart, Germany; Division of Biological and Environmental Sciences and Engineering (BESE), King Abdullah University of Science and Technology (KAUST), Thuwal, Saudi Arabia","Craine E.B., The Land Institute, Salina, KS, United States; Davies A., Department of Chemistry, University of Wyoming, Laramie, WY, United States; Packer D., Sustainable Seed Systems Laboratory, Department of Crop and Soil Sciences, Washington State University, Pullman, WA, United States; Miller N.D., Department of Botany, University of Wisconsin-Madison, Madison, WI, United States; Schmöckel S.M., Department Physiology of Yield Stability, Institute of Crop Science, Faculty of Agriculture, University of Hohenheim, Stuttgart, Germany; Spalding E.P., Department of Botany, University of Wisconsin-Madison, Madison, WI, United States; Tester M., Division of Biological and Environmental Sciences and Engineering (BESE), King Abdullah University of Science and Technology (KAUST), Thuwal, Saudi Arabia; Murphy K.M., Department of Chemistry, University of Wyoming, Laramie, WY, United States","Quinoa (Chenopodium quinoa Willd.), a pseudocereal with high protein quality originating from the Andean region of South America, has broad genetic variation and adaptability to diverse agroecological conditions, contributing to the potential to serve as a global keystone protein crop in a changing climate. However, the germplasm resources currently available to facilitate quinoa expansion worldwide are restricted to a small portion of quinoa’s total genetic diversity, in part because of day-length sensitivity and issues related to seed sovereignty. This study aimed to characterize phenotypic relationships and variation within a quinoa world core collection. The 360 accessions were planted in a randomized complete block design with four replicates in each of two greenhouses in Pullman, WA during the summer of 2018. Phenological stages, plant height, and inflorescence characteristics were recorded. Seed yield, composition, thousand seed weight, nutritional composition, shape, size, and color were measured using a high-throughput phenotyping pipeline. Considerable variation existed among the germplasm. Crude protein content ranged from 11.24% to 17.81% (fixed at 14% moisture). We found that protein content was negatively correlated with yield and positively correlated with total amino acid content and days to harvest. Mean essential amino acids values met adult daily requirements but not leucine and lysine infant requirements. Yield was positively correlated with thousand seed weight and seed area, and negatively correlated with ash content and days to harvest. The accessions clustered into four groups, with one-group representing useful accessions for long-day breeding programs. The results of this study establish a practical resource for plant breeders to leverage as they strategically develop germplasm in support of the global expansion of quinoa. Copyright © 2023 Craine, Davies, Packer, Miller, Schmöckel, Spalding, Tester and Murphy.","amino acids; high-throughput phenotyping; plant breeding; protein; quinoa","","K.M. Murphy; Department of Chemistry, University of Wyoming, Laramie, United States; email: kmurphy2@wsu.edu","","Frontiers Media S.A.","1664462X","","","","English","Front. Plant Sci.","Article","Final","All Open Access; Gold Open Access; Green Open Access","Scopus","2-s2.0-85149561823"
"Fuentes F.F.; Martinez E.A.; Hinrichsen P.V.; Jellen E.N.; Maughan P.J.","Fuentes, F.F. (57206375499); Martinez, E.A. (56218360900); Hinrichsen, P.V. (24495483900); Jellen, E.N. (6701925700); Maughan, P.J. (7003959730)","57206375499; 56218360900; 24495483900; 6701925700; 7003959730","Assessment of genetic diversity patterns in Chilean quinoa (Chenopodium quinoa Willd.) germplasm using multiplex fluorescent microsatellite markers","2009","Conservation Genetics","10","2","","369","377","103","10.1007/s10592-008-9604-3","https://www.scopus.com/pages/publications/67349199942?origin=resultslist","Departamento de Agricultura Del Desierto, Universidad Arturo Prat, Iquique, Casilla 121, Chile; Centro de Estudios Avanzados en Zonas Áridas (CEAZA), Universidad de la Serena, La Serena, Casilla 599, Chile; Instituto de Investigaciones Agropecuarias, Centro Regional de Investigación la Platina, INIA, Santa Rosa, Santiago 11610, Chile; Department of Plant and Wildlife Sciences, Brigham Young University, 275 WIDB, Provo, UT 84602, United States","Fuentes F.F., Departamento de Agricultura Del Desierto, Universidad Arturo Prat, Iquique, Casilla 121, Chile; Martinez E.A., Centro de Estudios Avanzados en Zonas Áridas (CEAZA), Universidad de la Serena, La Serena, Casilla 599, Chile; Hinrichsen P.V., Instituto de Investigaciones Agropecuarias, Centro Regional de Investigación la Platina, INIA, Santa Rosa, Santiago 11610, Chile; Jellen E.N., Department of Plant and Wildlife Sciences, Brigham Young University, 275 WIDB, Provo, UT 84602, United States; Maughan P.J., Department of Plant and Wildlife Sciences, Brigham Young University, 275 WIDB, Provo, UT 84602, United States","Quinoa (Chenopodium quinoa Willd.) is a staple seed crop in the Andean region of South America. Improving quinoa productivity is a primary food-security issue for this region, and has been part of the impetus for the establishment of several new quinoa breeding programs throughout the Andean region. Chilean quinoa has been characterized as morphologically diverse and bifurcated into coastal and highland ecotypes. The success of emerging breeding programs will rely heavily on the development of core germplasm collections and germplasm evaluation-especially of the coastal quinoa ecotypes that are often neglected in traditional breeding programs. Thus, the objective of this study was to characterize and quantify the genetic diversity within 28 Altiplano and 31 coastal Chilean accessions of quinoa using microsatellite markers. To facilitate the analysis, we also report the development of seven sets of fluorescent multiplexed microsatellite PCR reactions that result in genetic information for 20 highly polymorphic microsatellite loci. A total of 150 alleles were detected among the quinoa accession, ranging from 2 to 20 alleles per locus and an average 7.5 allele/locus. Both cluster (UPGMA) and principal component analyses separated the accessions into two discrete groups. The first group contained quinoa accessions from the north (Andean highlands) and the second group consisted of accessions from the south (lowland or coastal). Three accessions from Europe were classified into the southern quinoa group. The data obtained in the diversity analyses highlights the relationships within and among northern and southern Chilean quinoa accessions and provides the quinoa scientific community with a new set of easy to use and highly informative genetic markers. © 2008 Springer Science+Business Media B.V.","Chenopodium quinoa; Coastal quinoa; Genetic diversity; Highland quinoa; Multiplex fluorescent SSR","Andes; South America; Chenopodium quinoa; cluster analysis; ecotype; food security; genetic marker; germplasm; herb; morphology; plant breeding; polymerase chain reaction; population genetics; principal component analysis; wild population","F. F. Fuentes; Departamento de Agricultura Del Desierto, Universidad Arturo Prat, Iquique, Casilla 121, Chile; email: francfue@unap.cl","","","15729737","","CGOEA","","English","Conserv. Genet.","Article","Final","All Open Access; Green Open Access","Scopus","2-s2.0-67349199942"
"Zhang T.; Gu M.; Liu Y.; Lv Y.; Zhou L.; Lu H.; Liang S.; Bao H.; Zhao H.","Zhang, Tifu (56137743800); Gu, Minfeng (57190248602); Liu, Yuhe (56461658400); Lv, Yuanda (55619105100); Zhou, Ling (57194435984); Lu, Haiyan (59054677400); Liang, Shuaiqiang (57195548857); Bao, Huabin (57190441768); Zhao, Han (55715783100)","56137743800; 57190248602; 56461658400; 55619105100; 57194435984; 59054677400; 57195548857; 57190441768; 55715783100","Development of novel InDel markers and genetic diversity in Chenopodium quinoa through whole-genome re-sequencing","2017","BMC Genomics","18","1","685","","","55","10.1186/s12864-017-4093-8","https://www.scopus.com/pages/publications/85028730142?origin=resultslist","Jiangsu Academy of Agricultural Sciences, Provincial Key Laboratory of Agrobiology, Institute of Crop Germplasm and Biotechnology, Nanjing, Jiangsu, 210014, China; Xinyang Agricultural Experiment Station of Yancheng City, Yancheng, Jiangsu, 224336, China; University of Illinois at Urbana-Champaign, Department of Crop Sciences, Urbana, 61801, IL, United States","Zhang T., Jiangsu Academy of Agricultural Sciences, Provincial Key Laboratory of Agrobiology, Institute of Crop Germplasm and Biotechnology, Nanjing, Jiangsu, 210014, China; Gu M., Xinyang Agricultural Experiment Station of Yancheng City, Yancheng, Jiangsu, 224336, China; Liu Y., University of Illinois at Urbana-Champaign, Department of Crop Sciences, Urbana, 61801, IL, United States; Lv Y., Jiangsu Academy of Agricultural Sciences, Provincial Key Laboratory of Agrobiology, Institute of Crop Germplasm and Biotechnology, Nanjing, Jiangsu, 210014, China; Zhou L., Jiangsu Academy of Agricultural Sciences, Provincial Key Laboratory of Agrobiology, Institute of Crop Germplasm and Biotechnology, Nanjing, Jiangsu, 210014, China; Lu H., Jiangsu Academy of Agricultural Sciences, Provincial Key Laboratory of Agrobiology, Institute of Crop Germplasm and Biotechnology, Nanjing, Jiangsu, 210014, China; Liang S., Jiangsu Academy of Agricultural Sciences, Provincial Key Laboratory of Agrobiology, Institute of Crop Germplasm and Biotechnology, Nanjing, Jiangsu, 210014, China; Bao H., Jiangsu Academy of Agricultural Sciences, Provincial Key Laboratory of Agrobiology, Institute of Crop Germplasm and Biotechnology, Nanjing, Jiangsu, 210014, China; Zhao H., Jiangsu Academy of Agricultural Sciences, Provincial Key Laboratory of Agrobiology, Institute of Crop Germplasm and Biotechnology, Nanjing, Jiangsu, 210014, China","Background: Quinoa (Chenopodium quinoa Willd.) is a balanced nutritional crop, but its breeding improvement has been limited by the lack of information on its genetics and genomics. Therefore, it is necessary to obtain knowledge on genomic variation, population structure, and genetic diversity and to develop novel Insertion/Deletion (InDel) markers for quinoa by whole-genome re-sequencing. Results: We re-sequenced 11 quinoa accessions and obtained a coverage depth between approximately 7× to 23× the quinoa genome. Based on the 1453-megabase (Mb) assembly from the reference accession Riobamba, 8,441,022 filtered bi-allelic single nucleotide polymorphisms (SNPs) and 842,783 filtered InDels were identified, with an estimated SNP and InDel density of 5.81 and 0.58 per kilobase (kb). From the genomic InDel variations, 85 dimorphic InDel markers were newly developed and validated. Together with the 62 simple sequence repeat (SSR) markers reported, a total of 147 markers were used for genotyping the 129 quinoa accessions. Molecular grouping analysis showed classification into two major groups, the Andean highland (composed of the northern and southern highland subgroups) and Chilean coastal, based on combined STRUCTURE, phylogenetic tree and PCA (Principle Component Analysis) analyses. Further analysis of the genetic diversity exhibited a decreasing tendency from the Chilean coast group to the Andean highland group, and the gene flow between subgroups was more frequent than that between the two subgroups and the Chilean coastal group. The majority of the variations (approximately 70%) were found through an analysis of molecular variation (AMOVA) due to the diversity between the groups. This was congruent with the observation of a highly significant FST value (0.705) between the groups, demonstrating significant genetic differentiation between the Andean highland type of quinoa and the Chilean coastal type. Moreover, a core set of 16 quinoa germplasms that capture all 362 alleles was selected using a simulated annealing method. Conclusions: The large number of SNPs and InDels identified in this study demonstrated that the quinoa genome is enriched with genomic variations. Genetic population structure, genetic core germplasms and dimorphic InDel markers are useful resources for genetic analysis and quinoa breeding. © 2017 The Author(s).","Core germplasm; Genetic diversity; InDel; Population structure; Quinoa; SNP","Chenopodium quinoa; Genetic Markers; Genotype; INDEL Mutation; Phylogeny; Whole Genome Sequencing; allele; breeding; Chenopodium quinoa; classification; controlled study; gene flow; genetic analysis; genetic marker; genetic variability; genome; germplasm; human; indel mutation; nonhuman; phylogenetic tree; population structure; seashore; simple sequence repeat; simulation; single nucleotide polymorphism; Chenopodium quinoa; genetic marker; genetics; genotype; indel mutation; phylogeny; whole genome sequencing","H. Zhao; Jiangsu Academy of Agricultural Sciences, Provincial Key Laboratory of Agrobiology, Institute of Crop Germplasm and Biotechnology, Nanjing, Jiangsu, 210014, China; email: zhaohan@jaas.ac.cn","","BioMed Central Ltd.","14712164","","BGMEE","28870149","English","BMC Genomics","Article","Final","All Open Access; Gold Open Access; Green Open Access","Scopus","2-s2.0-85028730142"
"Prajapat K.; Sanwal S.K.; Sharma P.C.","Prajapat, Kailash (55309139500); Sanwal, Satish Kumar (15754643900); Sharma, Parbodh Chander (57693021300)","55309139500; 15754643900; 57693021300","Screening of quinoa (Chenopodium quinoa Willd.) germplasms under high-SAR saline water on the basis of growth, yield, and multivariate analysis","2024","Journal of Biosciences","49","1","23","","","10","10.1007/s12038-023-00396-6","https://www.scopus.com/pages/publications/85179706115?origin=resultslist","ICAR-Central Soil Salinity Research Institute, Haryana, Karnal, 132001, India","Prajapat K., ICAR-Central Soil Salinity Research Institute, Haryana, Karnal, 132001, India; Sanwal S.K., ICAR-Central Soil Salinity Research Institute, Haryana, Karnal, 132001, India; Sharma P.C., ICAR-Central Soil Salinity Research Institute, Haryana, Karnal, 132001, India","Increasing soil and underground water salinization with decreasing availability of fresh water has become a potential threat to sustainable crop production in arid and semi-arid areas globally. Introduction and evaluation of salt-tolerant halophytic crops is one of the sustainable ways to preserve productivity in saline ecosystems. This study was aimed to screen quinoa germplasms under high-sodium adsorption ratio (SAR) saline stress. Thirteen quinoa germplasms were evaluated under four levels [best available water (BAW), 8, 16, and 24 dSm−1] of high-SAR saline water irrigation. The evaluation was carried out based on growth, yield, and ionic content parameters along with statistical tools such as multivariate analysis, salt tolerance indices, and correlation. The results showed that the salinity levels of 16 and 24 dSm−1 resulted in increase of chlorophyll content relative to BAW and 8 dSm−1. The germplasm CSQ2 recorded the highest proline content (163.7 mg g−1 FW) at 24 dSm−1. Increasing levels of salinity reduced relative water content in plant leaves, and the germplasm CSQ2 showed minimal reduction of 4% at 24 dSm−1. Na+ and K+ contents in the plants increased with increasing salinity levels, while the K+/Na+ ratio decreased. The grain yield of quinoa germplasms ranged between 3.5 and 14.1 g plant−1. The germplasm EC507740 recorded the highest grain yield (7.0 g plant−1) followed by CSQ1 and CSQ2 at a maximum stress of 24 dSm−1. Principal component analysis (PCA) and correlation elucidated that Na+ content in plants was negatively correlated with all the studied traits except SPAD, proline content, and K+ content. The different salt tolerance indices indicated that the germplasms EC507740, CSQ1, CSQ2, EC507738, and IC411825 were more stable at high-SAR salinity, while PCA showed the germplasms EC507740 and CSQ2 as the most salt-tolerant germplasms. © 2024, Indian Academy of Sciences.","Growth; ionic content; principal component analysis; quinoa germplasm; salt tolerance indices; sodium adsorption ratio; yield","Adsorption; Chenopodium quinoa; Ecosystem; Multivariate Analysis; Proline; Salinity; ascorbate peroxidase; best available water; catalase; guaiacol peroxidase; potassium ion; proline; salt water; sodium ion; unclassified drug; adsorption; crop plant; crop yield; germplasm; growth; ion; multivariate analysis; principal component analysis; salinity tolerance; salinization; Article; Chenopodium quinoa; chlorophyll content; cluster analysis; controlled study; correlation analysis; dry weight; environmental parameters; enzyme activity; germplasm; grain yield; irrigation (agriculture); molecular stability; multivariate analysis; nonhuman; plant growth; plant height; plant leaf; plant root; plant yield; principal component analysis; saline stress; salinity; salt tolerance; shoot; sodium adsorption ratio; statistical analysis; vegetative growth; water salinity; adsorption; ecosystem","K. Prajapat; ICAR-Central Soil Salinity Research Institute, Karnal, Haryana, 132001, India; email: kailash.prajapat@icar.gov.in","","Springer","02505991","","JOBSD","38287678","English","J. Biosci.","Article","Final","","Scopus","2-s2.0-85179706115"
"Carranza-Concha J.; Chairez-Huerta S.G.; Contreras-Martínez C.S.; García-Martínez E.","Carranza-Concha, José (37760985600); Chairez-Huerta, Sofia G. (57290709000); Contreras-Martínez, Cristina S. (57195619116); García-Martínez, Eva (15820526700)","37760985600; 57290709000; 57195619116; 15820526700","CHARACTERIZATION OF NUTRITIONAL AND ANTIOXIDANT PROPERTIES OF QUINOA SEEDS (Chenopodium quinoa WILLD.); [CARACTERIZACIÓN DE LAS PROPIEDADES NUTRICIONALES Y ANTIOXIDANTES DE SEMILLAS DE QUINUA (Chenopodium quinoa WILLD.)]","2021","Revista Fitotecnia Mexicana","44","3","","357","366","5","","https://www.scopus.com/pages/publications/85116762530?origin=resultslist","Universidad Autónoma de Zacatecas, Departamento de Nutrición, Ejido La Escondida, Zacatecas, Mexico; Universitat Politècnica de València, Departamento de Tecnología de Alimentos, Valencia, Spain","Carranza-Concha J., Universidad Autónoma de Zacatecas, Departamento de Nutrición, Ejido La Escondida, Zacatecas, Mexico; Chairez-Huerta S.G., Universidad Autónoma de Zacatecas, Departamento de Nutrición, Ejido La Escondida, Zacatecas, Mexico; Contreras-Martínez C.S., Universidad Autónoma de Zacatecas, Departamento de Nutrición, Ejido La Escondida, Zacatecas, Mexico; García-Martínez E., Universitat Politècnica de València, Departamento de Tecnología de Alimentos, Valencia, Spain","Interest in the cultivation of quinoa pseudo-cereal (Chenopodium quinoa Willd.) has increased in recent years due to its nutritional value, as well as its antioxidant capacity and phytochemical content. The chemical composition of quinoa seeds and their bioactive compounds can differ between varieties. In this study, the nutritional composition, antioxidant properties and total phenolic content of Yellow quinoa seeds cultivated in Mexico were evaluated. The results were compared with four commercial quinoa varieties from Peru: Yellow, Black, Red and Peruvian Yellow. The chemical composition of seeds in this study varied as a function of germplasm and growing conditions. In general, samples were characterized by their high carbohydrate content, followed by protein, lipids and fiber. The Yellow quinoa grown in Mexico stood out for its high phenolic content, as well as for its antioxidant activity, probably influenced by the presence of saponins. © 2021. All Rights Reserved.","antioxidant capacity; Chenopodium quinoa Willd; nutritional composition; total phenols","","J. Carranza-Concha; Universidad Autónoma de Zacatecas, Departamento de Nutrición, Ejido La Escondida, Mexico; email: joseconcha10@hotmail.com","","Sociedad Mexicana de Fitogenetica","01877380","","","","English","Rev. Fitotec. Mex.","Article","Final","","Scopus","2-s2.0-85116762530"
"Hafeez M.B.; Iqbal S.; Li Y.; Saddiq M.S.; Basra S.M.A.; Zhang H.; Zahra N.; Akram M.Z.; Bertero D.; Curti R.N.","Hafeez, Muhammad Bilal (60033156200); Iqbal, Shahid (59380805900); Li, Yuanyuan (59789945900); Saddiq, Muhammad Sohail (57194836567); Basra, Shahzad M. A. (6507571481); Zhang, Hui (56902109500); Zahra, Noreen (57201492525); Akram, Muhammad Z. (57909017000); Bertero, Daniel (6603139565); Curti, Ramiro N. (39061195600)","60033156200; 59380805900; 59789945900; 57194836567; 6507571481; 56902109500; 57201492525; 57909017000; 6603139565; 39061195600","Assessment of Phenotypic Diversity in the USDA Collection of Quinoa Links Genotypic Adaptation to Germplasm Origin","2022","Plants","11","6","738","","","33","10.3390/plants11060738","https://www.scopus.com/pages/publications/85126024976?origin=resultslist","Department of Agronomy, University of Agriculture, Faisalabad, 38040, Pakistan; Department of Agronomy, Muhammad Nawaz Shareef, University of Agriculture, Multan, 66000, Pakistan; Instititute of Plant Breeding and Biotechnology, Muhammad Nawaz Shareef, University of Agriculture, Multan, 66000, Pakistan; Shandong Provincial Key Laboratory of Plant Stress Research, College of Life Science, Shandong Normal University, Jinan, 250014, China; Department of Agronomy, Ghazi University, Dera Ghazi Khan, 32200, Pakistan; Department of Botany, University of Agriculture, Faisalabad, 38040, Pakistan; Cátedra de Producción Vegetal and Instituto de Investigaciones Fisiológicas y Ecológicas Vinculadas a la Agricultura (IFEVA)—CONICET, Facultad de Agronomía, Universidad de Buenos Aires, Buenos Aires, C1417DSE, Argentina; Laboratorio de Investigaciones Botánicas (LABIBO), Facultad de Ciencias Naturales and Sede Regional Sur, Universidad Nacional de Salta—CCT-CONICET, Salta, 4400, Argentina","Hafeez M.B., Department of Agronomy, University of Agriculture, Faisalabad, 38040, Pakistan; Iqbal S., Department of Agronomy, Muhammad Nawaz Shareef, University of Agriculture, Multan, 66000, Pakistan, Instititute of Plant Breeding and Biotechnology, Muhammad Nawaz Shareef, University of Agriculture, Multan, 66000, Pakistan; Li Y., Shandong Provincial Key Laboratory of Plant Stress Research, College of Life Science, Shandong Normal University, Jinan, 250014, China; Saddiq M.S., Department of Agronomy, Ghazi University, Dera Ghazi Khan, 32200, Pakistan; Basra S.M.A., Department of Agronomy, University of Agriculture, Faisalabad, 38040, Pakistan; Zhang H., Shandong Provincial Key Laboratory of Plant Stress Research, College of Life Science, Shandong Normal University, Jinan, 250014, China; Zahra N., Department of Botany, University of Agriculture, Faisalabad, 38040, Pakistan; Akram M.Z., Department of Agronomy, University of Agriculture, Faisalabad, 38040, Pakistan; Bertero D., Cátedra de Producción Vegetal and Instituto de Investigaciones Fisiológicas y Ecológicas Vinculadas a la Agricultura (IFEVA)—CONICET, Facultad de Agronomía, Universidad de Buenos Aires, Buenos Aires, C1417DSE, Argentina; Curti R.N., Laboratorio de Investigaciones Botánicas (LABIBO), Facultad de Ciencias Naturales and Sede Regional Sur, Universidad Nacional de Salta—CCT-CONICET, Salta, 4400, Argentina","Quinoa’s germplasm evaluation is the first step towards determining its suitability under new environmental conditions. The aim of this study was to introduce suitable germplasm to the lowland areas of the Faisalabad Plain that could then be used to introduce quinoa more effectively to that region. A set of 117 quinoa genotypes belonging to the USDA quinoa collection was evaluated for 11 phenotypic quantitative traits (grain yield (Y), its biological and numerical components plus phenological variables) in a RCBD during two consecutive growing seasons at the University of Agriculture, Faisalabad, Pakistan under mid-autumn sowings. Genotypic performance changed across the years, however most phenotypic traits showed high heritability, from 0.75 for Harvest Index (HI) to 0.97 for aerial biomass (B) and Y. Ordination and cluster analyses differentiated four groups dominated by genotypes from: Peru and the Bolivian Highlands (G1); the Bolivian Highlands (G2); the Ballón collection (regarded as a cross between Bolivian and Sea Level (Chilean) genotypes) plus Bolivian Highlands (G3); and Ballón plus Sea Level (G4), this latter group being the most differentiated one. This genetic structure shared similarities with previous groups identified using SSR markers and G×E data from an international quinoa test. G4 genotypes showed the highest Y associated with higher B and seed numbers (SN), while HI made a significant contribution to yield determination in G2 and seed weight (SW) in G3. G1 and G2 showed the lowest Y associated with a lower B and SN. Moreover, SW showed a strongly negative association with SN in G2. Accordingly, G4 followed by G3 are better suited to the lowland areas of Faisalabad plain and the physiological traits underlying yield determination among genotypic groups should be considered in future breeding programs. © 2022 by the authors. Licensee MDPI, Basel, Switzerland.","Breeding; Chenopodium quinoa Willd; Effects of genotype by environment interaction; Genetic structure; Germplasm; Heritability","","Y. Li; Shandong Provincial Key Laboratory of Plant Stress Research, College of Life Science, Shandong Normal University, Jinan, 250014, China; email: yuanyuan_li@outlook.com; R.N. Curti; Laboratorio de Investigaciones Botánicas (LABIBO), Facultad de Ciencias Naturales and Sede Regional Sur, Universidad Nacional de Salta—CCT-CONICET, Salta, 4400, Argentina; email: rcurti@agro.uba.ar","","MDPI","22237747","","","","English","Plants","Article","Final","All Open Access; Gold Open Access; Green Open Access","Scopus","2-s2.0-85126024976"
"Baldera-Chapoñan V.-H.; De la Cruz G.; Oliva-Cruz S.; Lozano-Isla F.","Baldera-Chapoñan, Victor-Hugo (60235563500); De la Cruz, Germán (49961331800); Oliva-Cruz, Segundo (58088348800); Lozano-Isla, Flavio (56430614100)","60235563500; 49961331800; 58088348800; 56430614100","Agromorphological Characterization of Quinoa (Chenopodium quinoa Willd.) Under Andean–Amazonian Region of Peru","2025","Plants","14","23","3689","","","2","10.3390/plants14233689","https://www.scopus.com/pages/publications/105024573199?origin=resultslist","Facultad de Ingeniería y Ciencias Agrarias, Universidad Nacional Toribio Rodríguez de Mendoza de Amazonas (UNTRM), Chachapoyas, 01000, Peru; Facultad de Ciencias Agrarias, Universidad Nacional de San Cristóbal de Huamanga (UNSCH), Ayacucho, 05000, Peru; Instituto de Investigación para el Desarrollo Sustentable de Ceja de Selva, Universidad Nacional Toribio Rodríguez de Mendoza de Amazonas (UNTRM), Chachapoyas, 01000, Peru; Centro de Investigación e Innovación en Granos y Semillas, Universidad Nacional Toribio Rodríguez de Mendoza de Amazonas (UNTRM), Chachapoyas, 01000, Peru","Baldera-Chapoñan V.-H., Facultad de Ingeniería y Ciencias Agrarias, Universidad Nacional Toribio Rodríguez de Mendoza de Amazonas (UNTRM), Chachapoyas, 01000, Peru; De la Cruz G., Facultad de Ciencias Agrarias, Universidad Nacional de San Cristóbal de Huamanga (UNSCH), Ayacucho, 05000, Peru; Oliva-Cruz S., Facultad de Ingeniería y Ciencias Agrarias, Universidad Nacional Toribio Rodríguez de Mendoza de Amazonas (UNTRM), Chachapoyas, 01000, Peru, Instituto de Investigación para el Desarrollo Sustentable de Ceja de Selva, Universidad Nacional Toribio Rodríguez de Mendoza de Amazonas (UNTRM), Chachapoyas, 01000, Peru; Lozano-Isla F., Facultad de Ingeniería y Ciencias Agrarias, Universidad Nacional Toribio Rodríguez de Mendoza de Amazonas (UNTRM), Chachapoyas, 01000, Peru, Instituto de Investigación para el Desarrollo Sustentable de Ceja de Selva, Universidad Nacional Toribio Rodríguez de Mendoza de Amazonas (UNTRM), Chachapoyas, 01000, Peru, Centro de Investigación e Innovación en Granos y Semillas, Universidad Nacional Toribio Rodríguez de Mendoza de Amazonas (UNTRM), Chachapoyas, 01000, Peru","Quinoa (Chenopodium quinoa Willd.) is an Andean pseudocereal of high nutritional value and remarkable phenotypic diversity, recognized as a strategic crop for food security under increasing climatic variability. In this study, the agromorphological diversity of 158 accessions cultivated in the Andean–Amazonian region of Peru was evaluated with the aim of identifying superior materials for conservation and breeding programs. The experiment was conducted using an augmented design that included three check cultivars (INIA 415 Pasankalla, INIA 420 Negra Collana, and Blanca Juli). Diversity in eleven qualitative traits was quantified using the Shannon–Weaver (H′) and Nei (He) indices, whereas twelve quantitative traits were analyzed through principal component analysis (PCA) and hierarchical clustering. The results revealed substantial intra- and inter-accession variability, with He values ranging from 0.21 to 0.76 and H′ values from 0.40 to 1.79, reflecting marked differences in growth habit, panicle morphology, stem pigmentation, and tolerance to Peronospora variabilis and Epicauta spp. Multivariate analyses identified three contrasting groups and enabled the selection of outstanding accessions, including UNTRM-367-1149, UNTRM-367-1107, UNTRM-367-1078, UNTRM-367-1079, UNTRM-367-1081, UNTRM-367-1095, and UNTRM-367-1104, characterized by high yield potential, favorable reproductive architecture, early or intermediate maturity, and low downy mildew severity. These accessions represent promising genetic resources for developing quinoa varieties adapted to transitional Andean–Amazonian environments, contributing to improved crop productivity and resilience. © 2025 by the authors.","Andean crops; Chenopodium quinoa; food security; genetic diversity; germplasm; phenotypic plasticity; plant breeding","","V.-H. Baldera-Chapoñan; Facultad de Ingeniería y Ciencias Agrarias, Universidad Nacional Toribio Rodríguez de Mendoza de Amazonas (UNTRM), Chachapoyas, 01000, Peru; email: victorhugobalderachaponan@gmail.com; F. Lozano-Isla; Facultad de Ingeniería y Ciencias Agrarias, Universidad Nacional Toribio Rodríguez de Mendoza de Amazonas (UNTRM), Chachapoyas, 01000, Peru; email: flavio.lozano@untrm.edu.pe","","Multidisciplinary Digital Publishing Institute (MDPI)","22237747","","","","English","Plants","Article","Final","All Open Access; Gold Open Access; Green Open Access","Scopus","2-s2.0-105024573199"
"Morillo Coronado A.C.; Castro M.A.; Manjarres Hernandez E.H.","Morillo Coronado, A.C. (57209509524); Castro, M.A. (58235849600); Manjarres Hernandez, E.H. (57217164726)","57209509524; 58235849600; 57217164726","Interpopulation characterization of quinoa (Chenopodium quinoa Willd.) from different agroecological environments of Colombia; [Caracterização interpopulacional de quinoa (Chenopodium quinoa Willd.) de diferentes ambientes agroecológicos da Colômbia]","2023","Brazilian Journal of Biology","83","","e271954","1","","6","10.1590/1519-6984.271954","https://www.scopus.com/pages/publications/85158056504?origin=resultslist","Universidad Pedagógica y Tecnológica de Colombia – UPTC, Facultad de Ciencias Agropecuarias, Grupo Competitividad, Innovación y Desarrollo Empresarial – CIDE, Boyacá, Tunja, Colombia","Morillo Coronado A.C., Universidad Pedagógica y Tecnológica de Colombia – UPTC, Facultad de Ciencias Agropecuarias, Grupo Competitividad, Innovación y Desarrollo Empresarial – CIDE, Boyacá, Tunja, Colombia; Castro M.A., Universidad Pedagógica y Tecnológica de Colombia – UPTC, Facultad de Ciencias Agropecuarias, Grupo Competitividad, Innovación y Desarrollo Empresarial – CIDE, Boyacá, Tunja, Colombia; Manjarres Hernandez E.H., Universidad Pedagógica y Tecnológica de Colombia – UPTC, Facultad de Ciencias Agropecuarias, Grupo Competitividad, Innovación y Desarrollo Empresarial – CIDE, Boyacá, Tunja, Colombia","Chenopodium quinoa Willd. it is an Andean cereal of great importance for human consumption due to its high nutritional value. In Colombia there is a high phenotypic and genotypic variability within quinoa crops, which has not been studied and has been maintained by the same farmers cycle after production cycle. The objective of this study was to carry out an interpopulation characterization of quinoa cultivated in different producing municipalities of the department of Boyacá, in Colombia, for which 19 morphological descriptors were used, which were evaluated in situ in nine municipalities and analyzed through descriptive statistics, principal component analysis, correlation and conglomerates. In the evaluation of the quantitative traits for all the populations, it was observed that the most variable descriptors were Number of teeth lower leaf (DHI), Lower leaf length (LHI), Width upper leaf (AHI) and Number of teeth upper leaf (DHS). Great segregation between and within individuals of Blanca de Jericó and Piartal was observed for panicle and leaf color and shape, stem color, presence of teeth, and axils on upper and lower leaves. A classification key is proposed that allows in the field to be able to morphologically differentiate the genotypes of Piartal and Blanca de Jericó. This research shows that among the most cultivated genotypes in the department of Boyacá, there is still an important phenotypic diversity given at the inter and intra-individual level, due to the phenological state and the agroclimatological conditions of the different producing regions. © 2023, Instituto Internacional de Ecologia. All rights reserved.","andean cereal; breeding; germplasm; morphological descriptors","Chenopodium quinoa; Colombia; Edible Grain; Genotype; Humans; Phenotype; Chenopodium quinoa; Colombia; food grain; genetics; genotype; human; phenotype","A.C. Morillo Coronado; Universidad Pedagógica y Tecnológica de Colombia – UPTC, Facultad de Ciencias Agropecuarias, Grupo Competitividad, Innovación y Desarrollo Empresarial – CIDE, Tunja, Boyacá, Colombia; email: ana.morillo@uptc.edu.co","","Instituto Internacional de Ecologia","15196984","","","37132743","English","Braz. J. Biol.","Article","Final","All Open Access; Gold Open Access","Scopus","2-s2.0-85158056504"
"Salazar J.; de Lourdes Torres M.; Gutierrez B.; Torres A.F.","Salazar, Juan (57207705887); de Lourdes Torres, María (55973684200); Gutierrez, Bernardo (57215091466); Torres, Andrés Francisco (55699229400)","57207705887; 55973684200; 57215091466; 55699229400","Molecular characterization of Ecuadorian quinoa (Chenopodium quinoa Willd.) diversity: implications for conservation and breeding","2019","Euphytica","215","3","60","","","29","10.1007/s10681-019-2371-z","https://www.scopus.com/pages/publications/85062288430?origin=resultslist","Laboratorio de Biotecnología Vegetal, Colegio de Ciencias Biológicas Y Ambientales, Universidad San Francisco de Quito USFQ, Diego de Robles Y Vía Interoceánica, Cumbayá, Ecuador; Department of Zoology, University of Oxford, 11a Mansfield Road, Oxford, OX1 3SZ, United Kingdom; Wageningen UR Plant Breeding, Wageningen University and Research, PO Box 386, Wageningen, 6700 AJ, Netherlands","Salazar J., Laboratorio de Biotecnología Vegetal, Colegio de Ciencias Biológicas Y Ambientales, Universidad San Francisco de Quito USFQ, Diego de Robles Y Vía Interoceánica, Cumbayá, Ecuador; de Lourdes Torres M., Laboratorio de Biotecnología Vegetal, Colegio de Ciencias Biológicas Y Ambientales, Universidad San Francisco de Quito USFQ, Diego de Robles Y Vía Interoceánica, Cumbayá, Ecuador; Gutierrez B., Laboratorio de Biotecnología Vegetal, Colegio de Ciencias Biológicas Y Ambientales, Universidad San Francisco de Quito USFQ, Diego de Robles Y Vía Interoceánica, Cumbayá, Ecuador, Department of Zoology, University of Oxford, 11a Mansfield Road, Oxford, OX1 3SZ, United Kingdom; Torres A.F., Laboratorio de Biotecnología Vegetal, Colegio de Ciencias Biológicas Y Ambientales, Universidad San Francisco de Quito USFQ, Diego de Robles Y Vía Interoceánica, Cumbayá, Ecuador, Wageningen UR Plant Breeding, Wageningen University and Research, PO Box 386, Wageningen, 6700 AJ, Netherlands","Quinoa (Chenopodium quinoa Willd.) is recognized as an important crop to improve global food security. It has gained international recognition because of the nutritional value of its seeds and its broad agronomic resilience. Although several studies have attempted to characterize the genetic diversity of quinoa, none have focused on evaluating germplasm from Ecuador; the latter considered a relevant subcenter of diversity for the species. In this study, 84 accessions representing the species’ cultivated range in the Ecuadorian Andes were characterized using 15 species-specific SSR markers. The extent of allelic richness (196 alleles) and genetic heterozygosity (HE = 0.71) detected for these accessions demonstrate that Ecuadorian quinoa is highly diverse. Phenetic analyzes structured Ecuadorian germplasm into 3 subgroups; each containing genotypes from all surveyed provinces. Average expected heterozygosity was high for all 3 subgroups (0.53 ≤ HE ≤ 0.72), and Nei-pairwise comparisons showed significant genetic divergence among them (0.31 ≤ NeiDST ≤ 0.84). The lack of a clear geographic pattern in the genetic structure of Ecuadorian quinoa led us to believe that the 3 reported subgroups constitute independent genetic lineages representing ancestral landrace populations which have been disseminated throughout Ecuador via informal seed networks. Nevertheless, a Wilcoxon test showed that at least one subgroup had been subject to intensive inbreeding and selection; and possibly corresponds to the local commercial variety INIAP-Tunkahuan. Our results show that ancestral quinoa diversity in Ecuador has prevailed despite the introduction of commercial varieties, and should be preserved for future use in breeding programs. © 2019, The Author(s).","Breeding; Ecuador; Genetic diversity; Population structure; Quinoa; SSR","","A.F. Torres; Laboratorio de Biotecnología Vegetal, Colegio de Ciencias Biológicas Y Ambientales, Universidad San Francisco de Quito USFQ, Cumbayá, Diego de Robles Y Vía Interoceánica, Ecuador; email: andres.torres@wur.nl","","Springer Netherlands","00142336","","EUPHA","","English","Euphytica","Article","Final","All Open Access; Hybrid Gold Open Access","Scopus","2-s2.0-85062288430"
"Nadiya Jan K.; Panesar P.S.; Singh S.","Nadiya Jan, Khan (57225733855); Panesar, Paramjit S. (35585941700); Singh, Sukhcharn (57199513120)","57225733855; 35585941700; 57199513120","Effect of moisture content on the physical and mechanical properties of quinoa seeds","2019","International Agrophysics","33","1","","41","48","37","10.31545/intagr/104374","https://www.scopus.com/pages/publications/85065434767?origin=resultslist","Department of Food Engineering and Technology, Sant Longowal Institute of Engineering and Technology, Sangrur, Punjab, 148106, India","Nadiya Jan K., Department of Food Engineering and Technology, Sant Longowal Institute of Engineering and Technology, Sangrur, Punjab, 148106, India; Panesar P.S., Department of Food Engineering and Technology, Sant Longowal Institute of Engineering and Technology, Sangrur, Punjab, 148106, India; Singh S., Department of Food Engineering and Technology, Sant Longowal Institute of Engineering and Technology, Sangrur, Punjab, 148106, India","The study was conducted to compare the engineering properties of Indian quinoa seeds with increase in moisture content. Close dependency of the properties on moisture content was observed. Two germplasms of quinoa IC-411824 and EC-507739 were investigated. The results showed that the principal dimensions of EC-507739 were higher than those of IC-411824. With an increase in moisture mean values of true density increased from 993 to 1166 kg m-3 for EC-507739 and from 984 to 1097 kg m-3 for IC-411824. Coefficient of friction showed an increase of 16.29, 16.00, and 18.93% against glass, galvanized iron and wood respectively in case of IC-411824. However, for EC-507739 increase of 19.12, 22.73, and 23.21% was observed against glass, galvanized iron and wood respectively. Mechanical properties were higher for EC-507739 than IC-411824 and decreased with increase in moisture content for both the varieties. Mechanical behavior of seed can be used in designing of grinding machines. © 2019 Institute of Agrophysics, Polish Academy of Sciences","K e y w o r d s: Indian quinoa seeds; Physical properties; Rupture energy; Rupture force","Chenopodium quinoa; bioengineering; germplasm; mechanical property; moisture content; physical property; rupture; seed","K. Nadiya Jan; Department of Food Engineering and Technology, Sant Longowal Institute of Engineering and Technology, Sangrur, Punjab, 148106, India; email: khan14diya@gmail.com","","Polish Academy of Sciences","02368722","","","","English","Int. Agrophys.","Article","Final","All Open Access; Gold Open Access","Scopus","2-s2.0-85065434767"
"Fuentes F.F.; Bazile D.; Bhargava A.; Martínez E.A.","Fuentes, F.F. (57206375499); Bazile, D. (24333883200); Bhargava, A. (11840251000); Martínez, E.A. (56218360900)","57206375499; 24333883200; 11840251000; 56218360900","Implications of farmers' seed exchanges for on-farm conservation of quinoa, as revealed by its genetic diversity in Chile","2012","Journal of Agricultural Science","150","6","","702","716","89","10.1017/S0021859612000056","https://www.scopus.com/pages/publications/84868555384?origin=resultslist","Departamento de Agricultura del Desierto y Biotecnología, Universidad Arturo Prat, Iquique, Casilla 121, Chile; CIRAD (Centre de Cooperation Internationale en Recherche Agronomique pour le Developpement), UPR47, GREEN, Montpellier, France; PUCV, Instituto de Geografía, Valparaíso, Av. Brasil 2241, Chile; Amity Institute of Biotechnology, Amity University Lucknow Campus, Lucknow-226010, India; Centro de Estudios Avanzados en Zonas Aridas (CEAZA), La Serena, Chile; PhD Program on Applied Biology and Ecology (Dr-BEA), Facultad de Ciencias del Mar, Universidad Católica del Norte, Coquimbo, Chile","Fuentes F.F., Departamento de Agricultura del Desierto y Biotecnología, Universidad Arturo Prat, Iquique, Casilla 121, Chile; Bazile D., CIRAD (Centre de Cooperation Internationale en Recherche Agronomique pour le Developpement), UPR47, GREEN, Montpellier, France, PUCV, Instituto de Geografía, Valparaíso, Av. Brasil 2241, Chile; Bhargava A., Amity Institute of Biotechnology, Amity University Lucknow Campus, Lucknow-226010, India; Martínez E.A., Centro de Estudios Avanzados en Zonas Aridas (CEAZA), La Serena, Chile, PhD Program on Applied Biology and Ecology (Dr-BEA), Facultad de Ciencias del Mar, Universidad Católica del Norte, Coquimbo, Chile","Quinoa cultivation in Chile presents an ancient and active complex of geographic, climatic, social and cultural interactions that has determined its current biodiversity in the three main growing zones (north, central and south). Importantly, these interactions involve the participation of farmers, whose activities are at the base of seed exchange networks due to their knowledge and in situ conservation of genetic diversity. The present study reports how a better understanding of farmers' seed exchanges and local production practices could impact the genetic structure and diversity of quinoa at national scale in Chile. Using field interviews and characterization of 20 microsatellite genetic markers in a multi-origin set of 34 quinoa accessions representative of Chile and the South American region, the phenetic analysis of germplasm was consistent with the current classification of quinoa ecotypes present in Chile and Andean zone. This allowed the identification of five populations, which were represented by quinoa of Salares (northern Chile), Coastal/Lowlands (central and southern Chile), Highlands (Peru, Bolivia and Argentina) and Inter-Andean Valleys (Ecuador and Colombia). The highly informative quality of the markers used revealed a wide genetic diversity among main growing areas in Chile, which correlated well with natural geographical-edaphic-climatic and social-linguistic context to the expansion of quinoa biodiversity. Additionally, in addition to ancient seed exchanges, this process is still governed by the diverse agricultural practices of Andean farmers. Genetic erosion is considered an imminent risk due to small-scale farming, where the influence of increased migration of people to urban systems and export-driven changes to the agro-ecosystems may further reduce the diversity of quinoa plants in cultivation. © Cambridge University Press 2012.","","Andes; Chile; Chenopodium quinoa; agricultural ecosystem; biodiversity; cereal; conservation genetics; cultivation; genetic marker; genetic structure; genetic variation; participatory approach","F.F. Fuentes; Departamento de Agricultura del Desierto y Biotecnología, Universidad Arturo Prat, Iquique, Casilla 121, Chile; email: francfue@unap.cl","","","14695146","","JASIA","","English","J. Agric. Sci.","Article","Final","","Scopus","2-s2.0-84868555384"
"Fuentes F.; Bhargava A.","Fuentes, F. (57206375499); Bhargava, A. (11840251000)","57206375499; 11840251000","Morphological Analysis of Quinoa Germplasm Grown Under Lowland Desert Conditions","2011","Journal of Agronomy and Crop Science","197","2","","124","134","77","10.1111/j.1439-037X.2010.00445.x","https://www.scopus.com/pages/publications/79952394427?origin=resultslist","Departamento de Agricultura del Desierto y Biotecnología, Universidad Arturo Prat, Iquique, Chile; Amity Institute of Biotechnology, Amity University Uttar Pradesh (Lucknow Campus), Lucknow, India","Fuentes F., Departamento de Agricultura del Desierto y Biotecnología, Universidad Arturo Prat, Iquique, Chile; Bhargava A., Amity Institute of Biotechnology, Amity University Uttar Pradesh (Lucknow Campus), Lucknow, India","Twenty-eight quinoa accessions collected from the northern highlands (Andes) of Chile were assessed using eleven morphological descriptors. A complementary analysis of multivariate tools permitted a fuller understanding of interrelationships within this germplasm as it was assessed in a lowland desert environment. Through a frequency distribution, it was possible to make a general classification of accessions which were represented by plants having medium height and low grain yield. The accessions BS2 and BS1 registered the highest yields with mean values of 993.89 and 820.56kgha-1 respectively. On the other hand, accession B13 stood out as having good forage potential, with relatively high values for plant weight (PW, 349g DM) and plant height (PH) (1.91cm). The first four principal components accounted for 70% of the total variation among the accessions. The first PC (PC1), accounting for 36% of the total variation, included stem diameter, PW and PH with high positive, and harvest index and leaf tooth number with high negative coefficients. Principal component 2 (PC2) contributed for an additional 19% of the total variation and reflected the patterns of variation in leaf morphology all of which had high positive values. Cluster analysis allowed classification of the accessions into six discrete groups. The yield assessment in the Atacama Desert was considered low, probably due to the negative effects of the high-temperature stress around flowering. The data set presented in this study is the first report of quinoa assessed under lowland desert conditions and would assist in the development of new plant breeding programmes for quinoa in areas having similar agroclimatic factors as the Atacama Desert. © 2010 Blackwell Verlag GmbH.","Chenopodium quinoa; Desert; Grain yield; Multivariate analysis; Temperature stress","Andes; Atacama Desert; Chile; Chenopodium quinoa; cluster analysis; data set; desert; germplasm; height; herb; high temperature; leaf morphology; lowland environment; multivariate analysis; plant breeding; temperature effect; yield response","F. Fuentes; Departamento de Agricultura del, Desierto y Biotecnología, Universidad Arturo Prat, Iquique, Chile; email: francfue@unap.cl","","","1439037X","","ZAPFA","","English","J. Agron. Crop. Sci.","Article","Final","","Scopus","2-s2.0-79952394427"
"Mason S.L.; Stevens M.R.; Jellen E.N.; Bonifacio A.; Fairbanks D.J.; Coleman C.E.; McCarty R.R.; Rasmussen A.G.; Maughan P.J.","Mason, S.L. (8682237700); Stevens, M.R. (7402243451); Jellen, E.N. (6701925700); Bonifacio, A. (7004508682); Fairbanks, D.J. (7005621879); Coleman, C.E. (56211273000); McCarty, R.R. (8682237400); Rasmussen, A.G. (57206162227); Maughan, P.J. (7003959730)","8682237700; 7402243451; 6701925700; 7004508682; 7005621879; 56211273000; 8682237400; 57206162227; 7003959730","Development and use of microsatellite markers for germplasm characterization in quinoa (Chenopodium quinoa Willd.)","2005","Crop Science","45","4","","1618","1630","72","10.2135/cropsci2004.0295","https://www.scopus.com/pages/publications/22844444716?origin=resultslist","Dep. of Plant and Animal Sciences, Brigham Young Univ., Provo, UT 84602, United States; Foundation for the Promotion and Investigation of Andean Products (PROINPA), La Paz, Bolivia","Mason S.L., Dep. of Plant and Animal Sciences, Brigham Young Univ., Provo, UT 84602, United States; Stevens M.R., Dep. of Plant and Animal Sciences, Brigham Young Univ., Provo, UT 84602, United States; Jellen E.N., Dep. of Plant and Animal Sciences, Brigham Young Univ., Provo, UT 84602, United States; Bonifacio A., Foundation for the Promotion and Investigation of Andean Products (PROINPA), La Paz, Bolivia; Fairbanks D.J., Dep. of Plant and Animal Sciences, Brigham Young Univ., Provo, UT 84602, United States; Coleman C.E., Dep. of Plant and Animal Sciences, Brigham Young Univ., Provo, UT 84602, United States; McCarty R.R., Dep. of Plant and Animal Sciences, Brigham Young Univ., Provo, UT 84602, United States; Rasmussen A.G., Dep. of Plant and Animal Sciences, Brigham Young Univ., Provo, UT 84602, United States; Maughan P.J., Dep. of Plant and Animal Sciences, Brigham Young Univ., Provo, UT 84602, United States","Quinoa (Chenopodium quinoa Willd.) is a widely consumed food crop and a primary protein source for many of the indigenous inhabitants of the Andean region of South America. The objective of this study was to develop a collection of reproducible and highly informative microsatellite markers for quinoa. A total of 1276 clones were sequenced from three microsatellite-enriched (CA, ATT, ATG) libraries. Four hundred fifty-seven (36%) of the clones contained unique microsatellites. The most common repeated motifs, other than CA, AAT, and ATG, were GA and CAA. Flanking primers were designed for 397 microsatellite loci and screened using a panel of diverse quinoa accessions and one accession of C. berlandieri Moq., a wild relative of quinoa. Two hundred eight (52%) of the microsatellite markers were polymorphic among the quinoa accessions. An additional 25 of the microsatellite markers (6%) were polymorphic when the C. berlandieri accession was included in the analysis. Only in rare instances (nine) did a microsatellite amplify in quinoa and not in C. berlandieri. The number of observed alleles ranged from 2 to 13, with an average of four alleles detected per locus. Heterozygosity values ranged from 0.20 to 0.90 with a mean value of 0.57. Sixty-seven markers (32%) were highly polymorphic (H ≥ 0.70). These microsatellites markers are an ideal resource for use in managing quinoa germplasm, trait mapping and marker-assisted hreeding strategies. The wide cross-species transportability of these markers may extend their value to research involving other Chenopodium species. © Crop Science Society of America.","","Acer pensylvanicum; Chenopodium; Chenopodium berlandieri; Chenopodium quinoa","P.J. Maughan; Dep. of Plant and Animal Sciences, Brigham Young Univ., Provo, UT 84602, United States; email: Jeff_Maughan@byu.edu","","","0011183X","","CRPSA","","English","Crop Sci.","Article","Final","All Open Access; Green Open Access","Scopus","2-s2.0-22844444716"
"Jiang Y.; Yasir M.; Cao Y.; Hu L.; Yan T.; Zhu S.; Lu G.","Jiang, Yurong (55759421400); Yasir, Muhammad (57209020255); Cao, Yuefen (55764128200); Hu, Lejia (57823526800); Yan, Tongli (58064951900); Zhu, Shuijin (55510284700); Lu, Guoquan (16444722900)","55759421400; 57209020255; 55764128200; 57823526800; 58064951900; 55510284700; 16444722900","Physiological and Biochemical Characteristics and Response Patterns of Salinity Stress Responsive Genes (SSRGs) in Wild Quinoa (Chenopodium quinoa L.)","2023","Phyton-International Journal of Experimental Botany","92","2","","399","410","4","10.32604/phyton.2022.022742","https://www.scopus.com/pages/publications/85146218455?origin=resultslist","The Key Laboratory for Quality Improvement of Agricultural Products of Zhejiang Province, College of Advanced Agricultural Sciences, Zhejiang A&F University, Hangzhou, 311300, China; College of Agriculture and Biotechnology, Zhejiang University, Hangzhou, 310058, China","Jiang Y., The Key Laboratory for Quality Improvement of Agricultural Products of Zhejiang Province, College of Advanced Agricultural Sciences, Zhejiang A&F University, Hangzhou, 311300, China; Yasir M., The Key Laboratory for Quality Improvement of Agricultural Products of Zhejiang Province, College of Advanced Agricultural Sciences, Zhejiang A&F University, Hangzhou, 311300, China; Cao Y., The Key Laboratory for Quality Improvement of Agricultural Products of Zhejiang Province, College of Advanced Agricultural Sciences, Zhejiang A&F University, Hangzhou, 311300, China; Hu L., The Key Laboratory for Quality Improvement of Agricultural Products of Zhejiang Province, College of Advanced Agricultural Sciences, Zhejiang A&F University, Hangzhou, 311300, China; Yan T., The Key Laboratory for Quality Improvement of Agricultural Products of Zhejiang Province, College of Advanced Agricultural Sciences, Zhejiang A&F University, Hangzhou, 311300, China; Zhu S., College of Agriculture and Biotechnology, Zhejiang University, Hangzhou, 310058, China; Lu G., The Key Laboratory for Quality Improvement of Agricultural Products of Zhejiang Province, College of Advanced Agricultural Sciences, Zhejiang A&F University, Hangzhou, 311300, China","Cultivating salt-tolerant crops is a feasible way to effectively utilize saline-alkali land and solve the problem of underutilization of saline soils. Quinoa, a protein-comprehensive cereal in the plant kingdom, is an exceptional crop in terms of salt stress tolerance level. It seems an excellent model for the exploration of salt-tolerance mechanisms and cultivation of salt-tolerant germplasms. In this study, the seeds and seedlings of the quinoa cultivar Shelly were treated with different concentrations of NaCl solution. The physiological, biochemical characteristics and agronomic traits were investigated, and the response patterns of three salt stress-responsive genes (SSRGs) in quinoa were determined by real-time PCR. The optimum level of stress tolerance of quinoa cultivar Shelly was found in the range of 250–350 mM concentration of NaCl. Salt stress significantly induced expression of superoxide dismutase (SOD), peroxidase (POD), and particularly betaine aldehyde dehydrogenase (BADH). BADH was discovered to be more sensitive to salt stress and played an important role in the salt stress tolerance of quinoa seedlings, particularly at high NaCl concentrations, as it displayed upregulation until 24 h under 100 mM salt treatment. Moreover, it showed upregulation until 12 h under 250 mM salt stress. Taken together, these results suggest that BADH played an essential role in the salt-tolerance mechanism of quinoa. Based on the expression level and prompt response induced by NaCl, we suggest that the BADH can be considered as a molecular marker for screening salt-tolerant quinoa germplasm at the early stages of crop development. Salt treatment at different plant ontogeny or at different concentrations had a significant impact on quinoa growth. Therefore, an appropriate treatment approach needs to be chosen rationally in the process of screening salt-tolerant quinoa germplasm, which is useful to the utilization of saline soils. Our study provides a fundamental information to deepen knowledge of the salt tolerance mechanism of quinoa for the development of salt-tolerant germplasm in crop breeding programs. © 2023, Tech Science Press. All rights reserved.","NaCl stress; Salt tolerant; stress-responsive genes","","S. Zhu; College of Agriculture and Biotechnology, Zhejiang University, Hangzhou, 310058, China; email: shjzhu@zju.edu.cn; G. Lu; The Key Laboratory for Quality Improvement of Agricultural Products of Zhejiang Province, College of Advanced Agricultural Sciences, Zhejiang A&F University, Hangzhou, 311300, China; email: 20090007@zafu.edu.cn","","Tech Science Press","00319457","","PHYBA","","English","Phyton-International Journal of Experimental Botany","Article","Final","All Open Access; Gold Open Access","Scopus","2-s2.0-85146218455"
"Munir H.; Basra S.M.A.; Cheema M.A.; Wahid A.","Munir, Hassan (16686834400); Basra, Shahzad Maqsood Ahmed (6507571481); Cheema, Mumtaz Akhtar (13204812100); Wahid, Abdul (7004575589)","16686834400; 6507571481; 13204812100; 7004575589","Phenotypic flexibility in exotic quinoa (Chenopodium quinoa Willd.) germplasm for seedling vigor and viability","2011","Pakistan Journal of Agricultural Sciences","48","4","","255","261","4","","https://www.scopus.com/pages/publications/84864044567?origin=resultslist","Department of Crop Physiology, University of Agriculture, Faisalabad-38040, Pakistan; Department of Agronomy, University of Agriculture, Faisalabad-38040, Pakistan; Department of Botany, University of Agriculture, Faisalabad-38040, Pakistan","Munir H., Department of Crop Physiology, University of Agriculture, Faisalabad-38040, Pakistan; Basra S.M.A., Department of Crop Physiology, University of Agriculture, Faisalabad-38040, Pakistan; Cheema M.A., Department of Agronomy, University of Agriculture, Faisalabad-38040, Pakistan; Wahid A., Department of Botany, University of Agriculture, Faisalabad-38040, Pakistan","Exotic quinoa genotypes were evaluated for seedling vigor, viability, heritability, and genotypic and phenotypic variations under lab. conditions. A total of 25 genotypes of quinoa underwent comparison. Distinct demarcation among these genotypes was observed for final germination percentage, mean germination time, time to 50% germination, germination index, root/shoot length and root:shoot ratio. Viable, vigorous genotypes and poorly performing genotypes were identified and grouped from the available exotic germplasm. This selection was made on the assumption that resistance to climatic adversities and better sustainability under poor storage conditions are issues of immense importance in postharvest handling of quinoa seed. For selection of vigorous quinoa genotypes, final germination percentage (more than 90%) and root (more than 3.5 cm) or shoot lengths (more than 4.0 cm) presented themselves as important associated traits, in addition to germination index (22 to 33) and seedling survival percentage (between 90-100%). However, final germination percentage and root length were demonstrated to be reliable and environment-proof traits for the crop. © 2012 Pakistan Journal of Agricultural Sciences, Faisalabad, Pakistan. All rights reserved.","Germination; Germplasm; Quinoa (Chenopodium quinoa Willd.); Seedling vigor","Chenopodium quinoa","H. Munir; Department of Crop Physiology, University of Agriculture, Faisalabad-38040, Pakistan; email: hmbajwa@gmail.com","","","20760906","","","","English","Pak. J. Agric. Sci.","Article","Final","","Scopus","2-s2.0-84864044567"
"Christensen S.A.; Pratt D.B.; Pratt C.; Nelson P.T.; Stevens M.R.; Jellen E.N.; Coleman C.E.; Fairbanks D.J.; Bonifacio A.; Maughan P.J.","Christensen, S.A. (59823887500); Pratt, D.B. (24463774200); Pratt, C. (57206326769); Nelson, P.T. (7402247276); Stevens, M.R. (7402243451); Jellen, E.N. (6701925700); Coleman, C.E. (56211273000); Fairbanks, D.J. (7005621879); Bonifacio, A. (7004508682); Maughan, P.J. (7003959730)","59823887500; 24463774200; 57206326769; 7402247276; 7402243451; 6701925700; 56211273000; 7005621879; 7004508682; 7003959730","Assessment of genetic diversity in the USDA and CIP-FAO international nursery collections of quinoa (Chenopodium quinoa Willd.) using microsatellite markers","2007","Plant Genetic Resources: Characterisation and Utilisation","5","2","","82","95","96","10.1017/S1479262107672293","https://www.scopus.com/pages/publications/34447128815?origin=resultslist","Brigham Young University, Department of Plant and Animal Sciences, 275 WIDB, Provo, UT 84602, United States; Stephen F. Austin State University, Department of Biology, Nacogdoches, TX 75961, United States; Fundacion PROINPA, Cochabamba, Casilla Postal 4285, Bolivia","Christensen S.A., Brigham Young University, Department of Plant and Animal Sciences, 275 WIDB, Provo, UT 84602, United States; Pratt D.B., Stephen F. Austin State University, Department of Biology, Nacogdoches, TX 75961, United States; Pratt C., Brigham Young University, Department of Plant and Animal Sciences, 275 WIDB, Provo, UT 84602, United States; Nelson P.T., Brigham Young University, Department of Plant and Animal Sciences, 275 WIDB, Provo, UT 84602, United States; Stevens M.R., Brigham Young University, Department of Plant and Animal Sciences, 275 WIDB, Provo, UT 84602, United States; Jellen E.N., Brigham Young University, Department of Plant and Animal Sciences, 275 WIDB, Provo, UT 84602, United States; Coleman C.E., Brigham Young University, Department of Plant and Animal Sciences, 275 WIDB, Provo, UT 84602, United States; Fairbanks D.J., Brigham Young University, Department of Plant and Animal Sciences, 275 WIDB, Provo, UT 84602, United States; Bonifacio A., Fundacion PROINPA, Cochabamba, Casilla Postal 4285, Bolivia; Maughan P.J., Brigham Young University, Department of Plant and Animal Sciences, 275 WIDB, Provo, UT 84602, United States","Quinoa (Chenopodium quinoa Willd.) is a staple food crop for millions of impoverished rural inhabitants of Andean South America where it has been cultivated for millennia. Interest in quinoa, due largely to its superior nutritional characteristics, is fuelling a growing export market and has led to an increased focus on genetic research and the development of quinoa breeding programmes throughout South America. The success of these breeding programmes will rely heavily on the development of core germplasm collections and germplasm conservation. We report the development of a set of fluorescence-tagged microsatellite molecular markers that can be used to characterize genetic diversity within quinoa germplasm and we use this set of 36 microsatellites markers to genetically characterize the diversity of 121 accessions of C. quinoa held in the USDA germplasm bank, 22 accessions from the CIP-FAO international nursery collection and eight accessions representing parents from genetic mapping populations. A total of 420 alleles were detected among the quinoa accessions with an average of 11 alleles detected per microsatellite locus. Genetic heterogeneity was observed in 32% of the quinoa accessions at a given locus and suggests that many of these accessions represent heterogeneous seed lots or landraces. Both unweighted pair-group method with arithmetic averages (UPGMA) and principle components analysis (PCA) analyses partitioned the quinoa accessions into two main clusters. The first major cluster consisted of accessions from the Andean highlands of Peru, Bolivia, Ecuador, Argentina and extreme northeastern Chile. The other main cluster contained accessions from both the lowlands of Chile and a set of USDA accessions with no known passport data, collected by Emigdio Ballón. Using the patterns of genetic diversity detected within the C. quinoa accessions we discuss hypotheses regarding quinoa's centre of diversity, including highland and lowland ecotype clustering patterns, origin of lowland varieties, origin of domestication, and diversity levels in the USDA and CIP-FAO collections. © 2007 NIAB.","Chenopodium quinoa; Genetic diversity; Microsatellites; SSRs","Chenopodium quinoa","P.J. Maughan; Brigham Young University, Department of Plant and Animal Sciences, 275 WIDB, Provo, UT 84602, United States; email: jeff_maughan@byu.edu","","","1479263X","","","","English","Plant Genet. Resour. Charact. Util.","Article","Final","","Scopus","2-s2.0-34447128815"
"Benlhabib O.; Boujartani N.; Maughan P.J.; Jacobsen S.E.; Jellen E.N.","Benlhabib, Ouafae (6507502160); Boujartani, Noura (57190943608); Maughan, Peter J. (7003959730); Jacobsen, Sven E. (8607369400); Jellen, Eric N. (6701925700)","6507502160; 57190943608; 7003959730; 8607369400; 6701925700","Elevated genetic diversity in an F2:6 population of quinoa (chenopodium quinoa) developed through an inter-ecotype cross","2016","Frontiers in Plant Science","7","AUG2016","1201","","","28","10.3389/fpls.2016.01222","https://www.scopus.com/pages/publications/84984639997?origin=resultslist","Departement de Production, Protection et Biotechnologies Vegetales, Agronomic and Veterinary Institute Hassan II, Rabat, Morocco; Department of Plant and Wildlife Sciences, Brigham Young University, Provo, UT, United States; Department of Plant and Environmental Sciences, Faculty of Life Sciences, University of Copenhagen, Copenhagen, Denmark","Benlhabib O., Departement de Production, Protection et Biotechnologies Vegetales, Agronomic and Veterinary Institute Hassan II, Rabat, Morocco; Boujartani N., Departement de Production, Protection et Biotechnologies Vegetales, Agronomic and Veterinary Institute Hassan II, Rabat, Morocco; Maughan P.J., Department of Plant and Wildlife Sciences, Brigham Young University, Provo, UT, United States; Jacobsen S.E., Department of Plant and Environmental Sciences, Faculty of Life Sciences, University of Copenhagen, Copenhagen, Denmark; Jellen E.N., Department of Plant and Wildlife Sciences, Brigham Young University, Provo, UT, United States","Quinoa (Chenopodium quinoa) is a seed crop of the Andean highlands and Araucanian coastal regions of South America that has recently expanded in use and production beyond its native range. This is largely due to its superb nutritional value, consisting of protein that is rich in essential amino acids along with vitamins and minerals. Quinoa also presents a remarkable degree of tolerance to saline conditions, drought, and frost. The present study involved 72 F2:6 recombinant-inbred lines and parents developed through hybridization between highland (0654) and coastal (NL-6) germplasm groups. The purpose was to characterize the quinoa germplasm developed, to assess the discriminating potential of 21 agro-morpho-phenological traits, and to evaluate the extent of genetic variability recovered through selfing. A vast amount of genetic variation was detected among the 72 lines evaluated for quantitative and qualitative traits. Impressive transgressive segregation was measured for seed yield (22.42 g/plant), while plant height and maturity had higher heritabilities (73 and 89%, respectively). Other notable characters segregating in the population included panicle and stem color, panicle form, and resistance to downy mildew. In the Principal Component analysis, the first axis explained 74% of the total variation and was correlated to plant height, panicle size, stem diameter, biomass, mildew reaction, maturation, and seed yield; those traits are relevant discriminatory characters. Yield correlated positively with panicle length and biomass. Unweighted Pair Group Method with Arithmetic Mean-based cluster analysis identified three groups: one consisting of late, mildew-resistant, high-yielding lines; one having semi-late lines with intermediate yield and mildew susceptibility; and a third cluster consisting of early to semi-late accessions with low yield and mildew susceptibility. This study highlighted the extended diversity regenerated among the 72 accessions and helped to identify potentially adapted quinoa genotypes for production in the Moroccan coastal environment. © 2016 Benlhabib, Boujartani, Maughan, Jacobsen and Jellen.","Breeding; Chenopodium; Downy mildew resistance; Genetic diversity; Peronospora variabilis; Quinoa","","E.N. Jellen; Department of Plant and Wildlife Sciences, Brigham Young University, Provo, United States; email: jellen@byu.edu","","Frontiers Research Foundation","1664462X","","","","English","Front. Plant Sci.","Article","Final","All Open Access; Gold Open Access; Green Open Access","Scopus","2-s2.0-84984639997"
"Del Castillo C.; Winkel T.; Mahy G.; Bizoux J.-P.","Del Castillo, Carmen (14824723500); Winkel, Thierry (36916561000); Mahy, Grégory (56033000500); Bizoux, Jean-Philippe (8702674700)","14824723500; 36916561000; 56033000500; 8702674700","Genetic structure of quinoa (Chenopodium quinoa Willd.) from the Bolivian altiplano as revealed by RAPD markers","2007","Genetic Resources and Crop Evolution","54","4","","897","905","42","10.1007/s10722-006-9151-z","https://www.scopus.com/pages/publications/34447339401?origin=resultslist","Facultad de Agronomía, Universidad Mayor de San Andrés, La Paz, Bolivia; IRD, UR 060 Climat et Fonctionnement des Agroécosystèmes, La Paz, Bolivia; Faculté Universitaire des Sciences Agronomiques, Laboratoire d'Écologie, Gembloux, Belgium","Del Castillo C., Facultad de Agronomía, Universidad Mayor de San Andrés, La Paz, Bolivia; Winkel T., IRD, UR 060 Climat et Fonctionnement des Agroécosystèmes, La Paz, Bolivia; Mahy G., Faculté Universitaire des Sciences Agronomiques, Laboratoire d'Écologie, Gembloux, Belgium; Bizoux J.-P., Faculté Universitaire des Sciences Agronomiques, Laboratoire d'Écologie, Gembloux, Belgium","Quinoa (Chenopodium quinoa Willd.) is a pseudocereal originated from the Andes important for small farmers' food security as well as for commercial production. Recently, it has been claimed that in Bolivia genetic erosion could result from the marginalization of the crop in the north and from its commercial standardization in the south. The aim of this study was to quantify the hierarchical structure of the genetic variation present in eight quinoa field populations, consisting of cultivated and weedy individuals, representative of the altiplano and interandean valleys of Bolivia. Randomly amplified polymorphic DNA markers show that quinoa has a strong population structure and a high intra-population variation. An effect of geographical structure of the populations was highlighted, due to population isolation, not simply linked to distance but more probably to climatic and orographic barriers present in the studied zone. The population structure is also reinforced by the limited seed exchanges among farmers as revealed by field interviews. This population structure appears related to three major biogeographic zones: the northern and central altiplano, the interandean valley, and the southern Salar. Intrapopulation genetic diversity was higher than that expected for a mainly autogamous species, and higher than that reported in anterior studies based on germplasm collections. These results are commented in view of current knowledge on phylogeny and reproductive biology of the species, and their implications regarding genetic resources management are discussed. © 2006 Springer Science+Business Media, Inc.","Bolivia; Chenopodium quinoa; Genetic diversity; Genetic structure; RAPD","Bolivia; South America; Chenopodium quinoa; biogeography; cultivar; dicotyledon; genetic marker; genetic structure; genetic variation; germplasm; intrapopulation variation; molecular analysis; phylogeny; polymerase chain reaction; population structure; reproductive biology; weed","T. Winkel; IRD, UR 060 Climat et Fonctionnement des Agroécosystèmes, La Paz, Bolivia; email: thierry.winkel@ird.fr","","","09259864","","GRCEE","","English","Genet. Resour. Crop. Evol.","Article","Final","All Open Access; Green Open Access","Scopus","2-s2.0-34447339401"
"Aydoǧdu M.; Koç A.","Aydoǧdu, Mehmet (57200801423); Koç, Ali (57224742175)","57200801423; 57224742175","Screening quinoa (Chenopodium quinoa) germplasm for resistance to downy mildew (Peronospora variabilis) in Turkey","2021","Crop and Pasture Science","72","6","","416","425","4","10.1071/CP20508","https://www.scopus.com/pages/publications/85108199873?origin=resultslist","Department of Plant Health, Bati Akdeniz Agricultural Research Institute, Antalya, 07100, Turkey; Department of Field Crops, Bati Akdeniz Agricultural Research Institute, Antalya, 07100, Turkey","Aydoǧdu M., Department of Plant Health, Bati Akdeniz Agricultural Research Institute, Antalya, 07100, Turkey; Koç A., Department of Field Crops, Bati Akdeniz Agricultural Research Institute, Antalya, 07100, Turkey","Downy mildew caused by Peronospora variabilis is a major fungal disease limiting yield of quinoa (Chenopodium quinoa) around the world. Existing quinoa cultivars do not have adequate levels of resistance to the disease. In the present study, 165 quinoa accessions were screened for resistance to the disease in two consecutive years. Disease ratings were performed by using a three-leaf scoring technique. In 2018, of 70 quinoa accessions, 47.14% were moderately resistant and 18.57% were highly resistant. However, in 2019, of 95 accessions, 44.21% showed moderately resistant reaction and 26.31% highly resistant reaction to the disease. The average of AUDPC (area under disease progress curve) of all the accessions was 1293.42 in 2018, and 931.68 in 2019. The disease caused significant (P < 0.01) cumulative defoliations in susceptible accessions. AUDPC was positively correlated (r = 0.796 in 2018, r = 0.896 in 2019) with defoliation rate and negatively correlated (r =-0.834 in 2018, r =-0.599 in 2019) with plant height. There were also negative correlations (r =-0.755 in 2018, r =-0.580 in 2019) between defoliation rate and plant height. The study not only revealed resistant germplasm but also showed the importance of screening downy mildew resistance by comparing disease-related agronomic characteristics.  © 2021 CSIRO.","agronomic characteristics; Peronospora variabilis; quinoa; resistance","Turkey; Chenopodium quinoa; Meleagris gallopavo; Peronospora variabilis; Peronosporaceae; disease resistance; fungal disease; fungus; germplasm","M. Aydoǧdu; Department of Plant Health, Bati Akdeniz Agricultural Research Institute, Antalya, 07100, Turkey; email: mehmet9498@yahoo.com","","CSIRO","18360947","","","","English","Crop Pasture Sci.","Article","Final","","Scopus","2-s2.0-85108199873"
"Costa Tártara S.M.; Manifesto M.M.; Bramardi S.J.; Bertero H.D.","Costa Tártara, S.M. (36464769400); Manifesto, M.M. (6504673609); Bramardi, S.J. (8656302200); Bertero, H.D. (6603139565)","36464769400; 6504673609; 8656302200; 6603139565","Genetic structure in cultivated quinoa (Chenopodium quinoa Willd.), a reflection of landscape structure in Northwest Argentina","2012","Conservation Genetics","13","4","","1027","1038","35","10.1007/s10592-012-0350-1","https://www.scopus.com/pages/publications/84864312117?origin=resultslist","Instituto de Recursos Biológicos CIRN-INTA, N Repetto y Los Reseros s/n, 1686 Hurlingham, Buenos Aires, Argentina; Consejo Nacional de Investigaciones Científicas y Técnicas, 1033 Buenos Aires, Av. Rivadavia 1917, Argentina; Facultad de Ciencias Agrarias, Universidad Nacional del Comahue, 8303 Cinco Saltos, Río Negro, Ruta 151, Km 12, Argentina; Facultad de Ciencias Agrarias y Forestales, Universidad Nacional de La Plata, 1900 Buenos Aires, Av. 60 s/n La Plata, Argentina; Cátedra de Producción Vegetal, Facultad de Agronomía, Universidad de Buenos Aires, 1417 Buenos Aires, Av. San Martín 4453, Argentina","Costa Tártara S.M., Instituto de Recursos Biológicos CIRN-INTA, N Repetto y Los Reseros s/n, 1686 Hurlingham, Buenos Aires, Argentina, Consejo Nacional de Investigaciones Científicas y Técnicas, 1033 Buenos Aires, Av. Rivadavia 1917, Argentina; Manifesto M.M., Instituto de Recursos Biológicos CIRN-INTA, N Repetto y Los Reseros s/n, 1686 Hurlingham, Buenos Aires, Argentina; Bramardi S.J., Facultad de Ciencias Agrarias, Universidad Nacional del Comahue, 8303 Cinco Saltos, Río Negro, Ruta 151, Km 12, Argentina, Facultad de Ciencias Agrarias y Forestales, Universidad Nacional de La Plata, 1900 Buenos Aires, Av. 60 s/n La Plata, Argentina; Bertero H.D., Consejo Nacional de Investigaciones Científicas y Técnicas, 1033 Buenos Aires, Av. Rivadavia 1917, Argentina, Cátedra de Producción Vegetal, Facultad de Agronomía, Universidad de Buenos Aires, 1417 Buenos Aires, Av. San Martín 4453, Argentina","Quinoa (Chenopodium quinoa Willd.), one of the main crops domesticated in the Andean highlands 1,000 of years ago, played an important role as a protein source. 35 germplasm accessions collected along the Northwest Argentina (NWA) region were studied using 22 microsatellite (SSR) markers. Results showed a great level of genetic diversity, differing from previous reports about the geographical distribution of quinoa variability. All SSR loci analysed were highly polymorphic detecting a total of 354 alleles among all populations, with an average of 16 alleles per locus. Cluster analyses grouped the accessions into four main clusters at the average genetic distance level (0.80), each of which represented a different environment of the NWA region: Puna (UHe = 0.42, ±0.07 SE), Dry Valleys (UHe = 0.27, ±0.05 SE), Eastern Humid Valleys (UHe = 0.16, ±0.04 SE) and a transition area with high altitudes between the last two environments (UHe = 0.25, ±0.03 SE). An eastward decreasing genetic diversity gradient was found. AMOVA analyses showed a strong genetic structure: a high population subdivision relative to the grouping by region (Fsr = 0.47) together with a high genetic differentiation among populations (Fst = 0.58) and a heterozygous defect (Fis = 0.63) in each of them. The variability structure, a reflection of the structure of the NWA landscapes, is discussed in connection with environmental variables. © 2012 Springer Science+Business Media B.V.","Cluster analysis; Genetic diversity; Germplasm; Microsatellites; Northwest Argentina; Quinoa","Andes; Argentina; Chenopodium quinoa; allele; cluster analysis; cultivation; dicotyledon; genetic marker; genetic structure; geographical distribution; germplasm; landscape structure; protein; upland region","S. M. Costa Tártara; Instituto de Recursos Biológicos CIRN-INTA, N Repetto y Los Reseros s/n, 1686 Hurlingham, Buenos Aires, Argentina; email: scosta@cnia.inta.gov.ar","","","15729737","","CGOEA","","English","Conserv. Genet.","Article","Final","All Open Access; Green Open Access","Scopus","2-s2.0-84864312117"
"del Pozo A.; Ruf K.; Alfaro C.; Zurita A.; Guerra F.; Sagredo B.","del Pozo, Alejandro (7005152626); Ruf, Kurt (57210735232); Alfaro, Christian (38460889400); Zurita, Andrés (58399005100); Guerra, Fernando (23488787500); Sagredo, Boris (6507867661)","7005152626; 57210735232; 38460889400; 58399005100; 23488787500; 6507867661","Traits associated with higher productivity and resilience to drought-prone Mediterranean environments of coastal-lowland quinoa (Chenopodium quinoa Willd.)","2023","Field Crops Research","299","","108985","","","12","10.1016/j.fcr.2023.108985","https://www.scopus.com/pages/publications/85163327463?origin=resultslist","Centro de Mejoramiento Genético y Fenómica Vegetal, Facultad de Ciencias Agrarias, Universidad de Talca, Talca, Chile; Centro Regional Investigación Rayentué, Instituto de Investigaciones Agropecuarias, Rengo, Chile; Centro Regional Investigación Intihuasi, Instituto de Investigaciones Agropecuarias, La Serena, Chile; Instituto de Ciencias Biológicas, Universidad de Talca, Campus Lircay, Talca, Chile","del Pozo A., Centro de Mejoramiento Genético y Fenómica Vegetal, Facultad de Ciencias Agrarias, Universidad de Talca, Talca, Chile; Ruf K., Centro de Mejoramiento Genético y Fenómica Vegetal, Facultad de Ciencias Agrarias, Universidad de Talca, Talca, Chile; Alfaro C., Centro Regional Investigación Rayentué, Instituto de Investigaciones Agropecuarias, Rengo, Chile; Zurita A., Centro Regional Investigación Intihuasi, Instituto de Investigaciones Agropecuarias, La Serena, Chile; Guerra F., Instituto de Ciencias Biológicas, Universidad de Talca, Campus Lircay, Talca, Chile; Sagredo B., Centro Regional Investigación Intihuasi, Instituto de Investigaciones Agropecuarias, La Serena, Chile","Quinoa (Chenopodium quinoa Willd.) is an Andean crop that has been cultivated for over 7000 years in Andean South America. Among the five quinoa ecotypes identified, the coastal-lowland ecotype is distributed in central-southern Chile. Little is known about the phenotypic variability of this germplasm and its productive potential. In this work, we evaluated a panel of 99 self-pollinating genotypes of quinoa under rainfed and irrigated conditions in the Mediterranean area of central Chile. The aim was i) to evaluate the phenotypic variability of agronomic and leaf photosynthetic traits; ii) to assess trait responses to environmental conditions (rainfed and irrigated) and their heritability; and iii) to identify traits and genotypes associated with high yield potential and resilience in drought-prone environments. The selected genotypes were evaluated under rainfed (Hidango; 34° 06' S, 71°47' W) and irrigated (Santa Rosa; 36°31' S, 71°54' W) conditions, in two growing seasons (2016/17 and 2017/18). In the most favorable environment (Santa Rosa 2016), the shoot dry weight (shoot DW) and grain yield (GY) of the different genotypes, ranged from 655 and 2787 g m-2 (average 1440 g m-2) and from 45 and 452 g m-2 (average 244 g m-2), respectively. Under rainfed conditions (at Hidango), the shoot DW and GY were reduced by 75 % and 74 %, respectively, compared to Santa Rosa 2016, but still, some genotypes produced more than 100 g m-2, with < 70 mm of precipitation, evidencing a high drought tolerance. The harvest index (HI) and grain weight (TKW) were less affected by drought; compared to Santa Rosa 2016, the reduction was 8–18 % and 25–29 %, respectively, in 2016/17 and 2017/18. Days from sowing to flowering (DSF) and from flowering to maturity (DFM) varied among genotypes and were negatively correlated with GY and HI. Under rainfed conditions, the fluorescence parameters F0 and Fm were reduced by 30 % during flowering and by 50 % during grain-filling, compared to irrigated conditions. The HI and TKW showed the highest heritability (0.69) and were highly correlated with GY in all environments. This study showed that traits associated with higher productivity and resilience of quinoa genotypes in rainfed Mediterranean environments were early maturating and with high HI, and TKW. Finally, a set of genotypes presenting a high stress tolerance index (STI), and therefore higher tolerance to drought conditions, were identified and are candidates for further research focused on the selection of parentals for more advanced breeding stages. © 2023 Elsevier B.V.","Chlorophyll content; Chlorophyll fluorescence; Drought stress; Grain yield; Harvest index; Heritability","Cameroon; Chile; Guatemala [Central America]; North West Region; Santa; Santa Rosa; South America; climate conditions; crop yield; dicotyledon; drought; ecotype; factor productivity; flowering; germplasm; resilience; sowing date","A. del Pozo; Centro de Mejoramiento Genético y Fenómica Vegetal, Facultad de Ciencias Agrarias, Universidad de Talca, Talca, Chile; email: adelpozo@utalca.cl","","Elsevier B.V.","03784290","","FCRED","","English","Field Crops Res.","Article","Final","","Scopus","2-s2.0-85163327463"
"Barut M.; Nadeem M.A.; Karaköy T.; Baloch F.S.","Barut, Muzaffer (57217031979); Nadeem, Muhammad Azhar (57202671363); Karaköy, Tolga (24481286100); Baloch, Faheem Shehzad (25824197600)","57217031979; 57202671363; 24481286100; 25824197600","DNA fingerprinting and genetic diversity analysis of world quinoa germplasm using IPBS-retrotransposon marker system","2020","Turkish Journal of Agriculture and Forestry","44","5","","479","491","43","10.3906/tar-2001-10","https://www.scopus.com/pages/publications/85085903473?origin=resultslist","Department of Field Crops, Faculty of Agricultural and Natural Science, Bolu Abant İzzet Baysal University, Bolu, Turkey; Faculty of Agricultural Sciences and Technologies, Sivas University of Science and Technology, Sivas, Turkey; Department of Field Crops, Faculty of Agriculture, University of Çukurova, Adana, Turkey","Barut M., Department of Field Crops, Faculty of Agricultural and Natural Science, Bolu Abant İzzet Baysal University, Bolu, Turkey, Department of Field Crops, Faculty of Agriculture, University of Çukurova, Adana, Turkey; Nadeem M.A., Faculty of Agricultural Sciences and Technologies, Sivas University of Science and Technology, Sivas, Turkey; Karaköy T., Faculty of Agricultural Sciences and Technologies, Sivas University of Science and Technology, Sivas, Turkey; Baloch F.S., Department of Field Crops, Faculty of Agricultural and Natural Science, Bolu Abant İzzet Baysal University, Bolu, Turkey","Quinoa is an important staple food crop for millions of impoverished rural inhabitants of the Andean region. Quinoa is considered a good source of protein,vitamins, minerals, and antioxidants. This study aimed to investigate the genetic diversity and population structure of world quinoa germplasm originating from 8 countries through the iPBS-retrotransposon marker system. Molecular characterization was performed using the 11 most polymorphic primers. A total of 235 bands were recorded, of which 66.8% were polymorphic. Mean polymorphism information content (PIC) was 0.410. Various diversity indices including mean effective number of alleles (1.269), mean Shannon’s information index (0.160) and gene diversity (0.247) revealed the existence of sufficient amount of genetic diversity in studied germplasm. Bolivia–17 and Mexico–1 were found to be genetically distinct accessions and can be suggested as candidate parents for future breeding activities. Various diversity indices were also calculated among germplasm collection counries and the results clearly showed the existence of higher genetic diversity in Bolivian and Peruvian accessions. The model-based structure, neighbor-joining, and principal coordinate analysis (PCoA) grouped quinoa germplasm according to their collection country. Analysis of molecular variance (AMOVA) revealed that most of the variations (69%) in world quinoa germplasm are due to differences within populations. Findings of this study can be used for deeper understanding of the genetic relationship and in the determination of appropriate breeding and conservation strategies for quinoa. © TÜBİTAK.","Chenopodium quinoa; Germplasm characterization; Grain crop; Polymorphism; Population structure","Andes; Chenopodium quinoa; Crops; Forestry; Genes; Polymorphism; Analysis of molecular variances; Conservation strategies; Genetic relationships; Germplasm collections; Information contents; Molecular characterization; Population structures; Principal coordinate analysis; angiosperm; cereal; DNA; genetic variation; germplasm; molecular analysis; polymorphism; population structure; Biodiversity","F.S. Baloch; Department of Field Crops, Faculty of Agricultural and Natural Science, Bolu Abant İzzet Baysal University, Bolu, Turkey; email: balochfaheem13@gmail.com","","Turkiye Klinikleri","1300011X","","","","English","Turk. J. Agric. For.","Article","Final","","Scopus","2-s2.0-85085903473"
"Delgado H.; Tapia C.; Manjarres-Hernández E.H.; Borja E.; Naranjo E.; Martín J.P.","Delgado, Hipatia (58074739500); Tapia, César (54885967700); Manjarres-Hernández, Elsa Helena (57217164726); Borja, Edwin (58166436900); Naranjo, Edwin (58165590100); Martín, Juan Pedro (37461804300)","58074739500; 54885967700; 57217164726; 58166436900; 58165590100; 37461804300","Phenotypic Diversity of Quinoa Landraces Cultivated in the Ecuadorian Andean Region: In Situ Conservation and Detection of Promising Accessions for Breeding Programs","2024","Agriculture (Switzerland)","14","3","336","","","7","10.3390/agriculture14030336","https://www.scopus.com/pages/publications/85188829371?origin=resultslist","Departamento de Biotecnología-Biología Vegetal, Escuela Técnica Superior de Ingeniería Agronómica, Alimentaria y de Biosistemas, Universidad Politécnica de Madrid, Avda, Puerta de Hierro 2-4, Madrid, 28040, Spain; Instituto Nacional de Investigaciones Agropecuarias, Santa Catalina, Panamericana Sur Km, 1 vía Tambillo, Quito, 170201, Ecuador; Facultad de Ciencias, Universidad Pedagógica y Tecnológica de Colombia, Tunja, 150003, Colombia; Facultad de Ciencias Biológicas, Universidad de Valencia, C/, Doctor Moliner 50, Burjassot, Valencia, 46100, Spain","Delgado H., Departamento de Biotecnología-Biología Vegetal, Escuela Técnica Superior de Ingeniería Agronómica, Alimentaria y de Biosistemas, Universidad Politécnica de Madrid, Avda, Puerta de Hierro 2-4, Madrid, 28040, Spain; Tapia C., Instituto Nacional de Investigaciones Agropecuarias, Santa Catalina, Panamericana Sur Km, 1 vía Tambillo, Quito, 170201, Ecuador; Manjarres-Hernández E.H., Facultad de Ciencias, Universidad Pedagógica y Tecnológica de Colombia, Tunja, 150003, Colombia; Borja E., Facultad de Ciencias Biológicas, Universidad de Valencia, C/, Doctor Moliner 50, Burjassot, Valencia, 46100, Spain; Naranjo E., Instituto Nacional de Investigaciones Agropecuarias, Santa Catalina, Panamericana Sur Km, 1 vía Tambillo, Quito, 170201, Ecuador; Martín J.P., Departamento de Biotecnología-Biología Vegetal, Escuela Técnica Superior de Ingeniería Agronómica, Alimentaria y de Biosistemas, Universidad Politécnica de Madrid, Avda, Puerta de Hierro 2-4, Madrid, 28040, Spain","Quinoa (Chenopodium quinoa Willd.) is an ancestral crop in the Ecuadorian Andean region, and its landraces have always been of great social and food importance for the native population. Currently, there is no updated information about their phenotypic diversity and conservation status nor about the changes that have occurred in the last decades. A total of 268 accessions of quinoa landraces collected at two different times (1978–1988 and 2014–2015) in three representative Ecuadorian Andean provinces (Imbabura, Cotopaxi and Chimborazo) were evaluated for forty agro-morphological (17 quantitative and 23 qualitative) traits. Most of the quantitative traits showed high variability, some of them with great importance for commercialization and germplasm selection for breeding programs (e.g., panicle width, grain width, 1000-grain weight or seed yield per plant). Ten quantitative and eleven qualitative descriptors were significantly different between both collections. Regarding the presence/absence of saponin, all the accessions collected four decades ago had saponin, while it was found in only 18% of accessions collected more recently. The phenotypic relationships in the dendrogram did not show clustered accessions by their geographical origin or by collection. A selection index allowed us to detect a few accessions recently collected in Chimborazo with high promises for future breeding programs, with high seed yields per plant values and a reduced or no saponin content. The agro-morphological information obtained may be very useful for the suitable management and conservation of this ancestral plant genetic resource, both on the farm by indigenous farming communities and ex situ by the Germplasm Bank of the Ecuadorian National Institute for Agricultural Research (INIAP). © 2024 by the authors.","agro-morphological descriptors; native quinoas; on-farm conservation; promising germplasm; selection index","","J.P. Martín; Departamento de Biotecnología-Biología Vegetal, Escuela Técnica Superior de Ingeniería Agronómica, Alimentaria y de Biosistemas, Universidad Politécnica de Madrid, Madrid, Avda, Puerta de Hierro 2-4, 28040, Spain; email: juanpedro.martin@upm.es","","Multidisciplinary Digital Publishing Institute (MDPI)","20770472","","","","English","Agric.","Article","Final","All Open Access; Gold Open Access; Green Open Access","Scopus","2-s2.0-85188829371"
"Pandya A.; Thiele B.; Köppchen S.; Zurita-Silva A.; Usadel B.; Fiorani F.","Pandya, Archis (57289311300); Thiele, Björn (7102797671); Köppchen, Stephan (26039215500); Zurita-Silva, Andres (6506264328); Usadel, Björn (6506402404); Fiorani, Fabio (6603934400)","57289311300; 7102797671; 26039215500; 6506264328; 6506402404; 6603934400","Characterization of Bioactive Phenolic Compounds in Seeds of Chilean Quinoa (Chenopodium quinoa Willd.) Germplasm","2023","Agronomy","13","8","2170","","","13","10.3390/agronomy13082170","https://www.scopus.com/pages/publications/85168654316?origin=resultslist","Institute of Bio- and Geoscience, IBG-2: Plant Sciences, Forschungszentrum Jülich GmbH, Jülich, 52428, Germany; Institute of Bio- and Geoscience, IBG-3: Agrosphere Forschungszentrum Jülich GmbH, Jülich, 52428, Germany; Instituto de Investigaciones Agropecuarias (INIA), La Serena, 1700000, Chile; Institute of Bio- and Geoscience, IBG-4: Bioinformatics, Forschungszentrum Jülich GmbH, Jülich, 52428, Germany","Pandya A., Institute of Bio- and Geoscience, IBG-2: Plant Sciences, Forschungszentrum Jülich GmbH, Jülich, 52428, Germany; Thiele B., Institute of Bio- and Geoscience, IBG-2: Plant Sciences, Forschungszentrum Jülich GmbH, Jülich, 52428, Germany, Institute of Bio- and Geoscience, IBG-3: Agrosphere Forschungszentrum Jülich GmbH, Jülich, 52428, Germany; Köppchen S., Institute of Bio- and Geoscience, IBG-3: Agrosphere Forschungszentrum Jülich GmbH, Jülich, 52428, Germany; Zurita-Silva A., Instituto de Investigaciones Agropecuarias (INIA), La Serena, 1700000, Chile; Usadel B., Institute of Bio- and Geoscience, IBG-4: Bioinformatics, Forschungszentrum Jülich GmbH, Jülich, 52428, Germany; Fiorani F., Institute of Bio- and Geoscience, IBG-2: Plant Sciences, Forschungszentrum Jülich GmbH, Jülich, 52428, Germany","In recent years, quinoa (Chenopodium quinoa Willd.), an ancient Andean region crop, has received increased research attention because it is an excellent source of nutrients and also of bioactive phenolic compounds, which are potentially beneficial for human health. However, variation in the content and type of these metabolites in quinoa genetic resources remains, to a large extent, unexplored. We evaluated the composition of free and bound phenolic forms in the seeds of 111 Chilean quinoa accessions by using LC-DAD-MS/MS. The relative phenolic content ranged from 35.51 mg/100 g to 93.23 mg/100 g of seed dry weight. The free phenolic fraction accounted for 72% of the total phenolic content, while the bound fraction represented the remaining 28% of the total phenolic content. Our study also revealed a significant degree of variation in terms of individual phenolic compounds such as rutin, vanillic acid, quercetin, and their derivatives, which can have important implications for quinoa’s nutritional and functional properties. We conclude that our data reveal a significant phenotypic variation of bioactive phenolic content in the examined germplasm, which could be exploited in current and future genetic improvement programs in quinoa. © 2023 by the authors.","free and bound phenolic compounds; HPLC-DAD-MS/MS; quinoa","","F. Fiorani; Institute of Bio- and Geoscience, IBG-2: Plant Sciences, Forschungszentrum Jülich GmbH, Jülich, 52428, Germany; email: f.fiorani@fz-juelich.de","","Multidisciplinary Digital Publishing Institute (MDPI)","20734395","","","","English","Agronomy","Article","Final","All Open Access; Gold Open Access; Green Open Access","Scopus","2-s2.0-85168654316"
"Pandya A.; Thiele B.; Zurita-Silva A.; Usadel B.; Fiorani F.","Pandya, Archis (57289311300); Thiele, Björn (7102797671); Zurita-Silva, Andres (6506264328); Usadel, Björn (6506402404); Fiorani, Fabio (6603934400)","57289311300; 7102797671; 6506264328; 6506402404; 6603934400","Determination and metabolite profiling of mixtures of triterpenoid saponins from seeds of chilean quinoa (Chenopodium quinoa) germplasm","2021","Agronomy","11","9","1867","","","23","10.3390/agronomy11091867","https://www.scopus.com/pages/publications/85116669726?origin=resultslist","Institute of Bio-and Geoscience, IBG-2 Plant Sciences, Forschungszentrum Jülich GmbH, Jülich, 52428, Germany; Institute of Bio-and Geoscience, IBG-3: Agrosphere Forschungszentrum Jülich GmbH, Jülich, 52428, Germany; Instituto de Investigaciones Agropecuarias (INIA), La Serena, 1700000, Chile; Institute of Bio-and Geoscience, IBG-4 Bioinformatics, Forschungszentrum Jülich GmbH, Jülich, 52428, Germany","Pandya A., Institute of Bio-and Geoscience, IBG-2 Plant Sciences, Forschungszentrum Jülich GmbH, Jülich, 52428, Germany; Thiele B., Institute of Bio-and Geoscience, IBG-2 Plant Sciences, Forschungszentrum Jülich GmbH, Jülich, 52428, Germany, Institute of Bio-and Geoscience, IBG-3: Agrosphere Forschungszentrum Jülich GmbH, Jülich, 52428, Germany; Zurita-Silva A., Instituto de Investigaciones Agropecuarias (INIA), La Serena, 1700000, Chile; Usadel B., Institute of Bio-and Geoscience, IBG-4 Bioinformatics, Forschungszentrum Jülich GmbH, Jülich, 52428, Germany; Fiorani F., Institute of Bio-and Geoscience, IBG-2 Plant Sciences, Forschungszentrum Jülich GmbH, Jülich, 52428, Germany","The seed pericarp of Chenopodium quinoa Willd. (quinoa) contains a mixture of triterpenoid saponins conferring undesired organoleptic properties. In this study, we evaluated saponin content and their corresponding sapogenins in 114 different quinoa accessions. Relative saponin content ranged from 0.22 to 15.04 mg/g of seed dry weight among the genotypes studied and the genotype effect was significant (p < 0.001). About 75% of the genotypes could be classified as low-saponin content lines which is promising in view of ongoing plant breeding efforts. In addition to the quantitative determination of saponins, metabolic profiling was performed by LC-FTICR-MS and LC-MS/MS. We obtained highly accurate mass estimation from ion spectra allowing the identification of twelve saponins of the oleanane type. These differ in their aglycons and in the number and type of glycoside units. Interestingly, we identified a saponin compound that, to our knowledge, had not been reported previously. Our study highlights that there is considerable variability concerning saponin content in quinoa, which contributes to the valorization of genetic resources towards the identification of genotypes that could be utilized in current and future quinoa breeding programs. © 2021 by the authors. Licensee MDPI, Basel, Switzerland.","GC-MS; LC-FTICR-MS; LC-MS/MS; Quinoa; Sapogenins; Total saponins","","A. Pandya; Institute of Bio-and Geoscience, IBG-2 Plant Sciences, Forschungszentrum Jülich GmbH, Jülich, 52428, Germany; email: a.pandya@fz-juelich.de","","MDPI","20734395","","","","English","Agronomy","Article","Final","All Open Access; Gold Open Access; Green Open Access","Scopus","2-s2.0-85116669726"
"Jarvis D.E.; Kopp O.R.; Jellen E.N.; Mallory M.A.; Pattee J.; Bonifacio A.; Coleman C.E.; Stevens M.R.; Fairbanks D.J.; Maughan P.J.","Jarvis, D.E. (7102858018); Kopp, O.R. (15757549800); Jellen, E.N. (6701925700); Mallory, M.A. (57198352655); Pattee, J. (24328499300); Bonifacio, A. (7004508682); Coleman, C.E. (56211273000); Stevens, M.R. (7402243451); Fairbanks, D.J. (7005621879); Maughan, P.J. (7003959730)","7102858018; 15757549800; 6701925700; 57198352655; 24328499300; 7004508682; 56211273000; 7402243451; 7005621879; 7003959730","Simple sequence repeat marker development and genetic mapping in quinoa (Chenopodium quinoa Willd.)","2008","Journal of Genetics","87","1","","39","51","62","10.1007/s12041-008-0006-6","https://www.scopus.com/pages/publications/44149103688?origin=resultslist","Brigham Young University, Department of Plant and Animal Sciences, Provo, UT 84602, United States; Utah Valley State University, Biology Department, Orem, UT 84058, United States; Fundacion PROINPA, Cochabamba, Casilla Postal 4285, Bolivia","Jarvis D.E., Brigham Young University, Department of Plant and Animal Sciences, Provo, UT 84602, United States; Kopp O.R., Utah Valley State University, Biology Department, Orem, UT 84058, United States; Jellen E.N., Brigham Young University, Department of Plant and Animal Sciences, Provo, UT 84602, United States; Mallory M.A., Brigham Young University, Department of Plant and Animal Sciences, Provo, UT 84602, United States; Pattee J., Utah Valley State University, Biology Department, Orem, UT 84058, United States; Bonifacio A., Fundacion PROINPA, Cochabamba, Casilla Postal 4285, Bolivia; Coleman C.E., Brigham Young University, Department of Plant and Animal Sciences, Provo, UT 84602, United States; Stevens M.R., Brigham Young University, Department of Plant and Animal Sciences, Provo, UT 84602, United States; Fairbanks D.J., Brigham Young University, Department of Plant and Animal Sciences, Provo, UT 84602, United States; Maughan P.J., Brigham Young University, Department of Plant and Animal Sciences, Provo, UT 84602, United States","Quinoa is a regionally important grain crop in the Andean region of South America. Recently quinoa has gained international attention for its high nutritional value and tolerances of extreme abiotic stresses. DNA markers and linkage maps are important tools for germplasm conservation and crop improvement programmes. Here we report the development of 216 new polymorphic SSR (simple sequence repeats) markers from libraries enriched for GA, CAA and AAT repeats, as well as 6 SSR markers developed from bacterial artificial chromosome-end sequences (BES-SSRs). Heterozygosity (H) values of the SSR markers ranges from 0.12 to 0.90, with an average value of 0.57. A linkage map was constructed for a newly developed recombinant inbred lines (RIL) population using these SSR markers. Additional markers, including amplified fragment length polymorphisms (AFLPs), two 11S seed storage protein loci, and the nucleolar organizing region (NOR), were also placed on the linkage map. The linkage map presented here is the first SSR-based map in quinoa and contains 275 markers, including 200 SSR. The map consists of 38 linkage groups (LGs) covering 913 cM. Segregation distortion was observed in the mapping population for several marker loci, indicating possible chromosomal regions associated with selection or gametophytic lethality. As this map is based primarily on simple and easily-transferable SSR markers, it will be particularly valuable for research in laboratories in Andean regions of South America. © Indian Academy of Sciences.","11S; Genetic map; Heterozygosity; Microsatellites; NOR","Amplified Fragment Length Polymorphism Analysis; Base Sequence; Chenopodium quinoa; Chromosome Mapping; DNA Primers; DNA, Plant; Genetic Markers; Minisatellite Repeats; Bacteria (microorganisms); Chenopodium quinoa; plant DNA; primer DNA; amplified fragment length polymorphism; article; Chenopodium quinoa; chromosome map; genetic marker; genetics; nucleotide sequence; variable number of tandem repeat","P. J. Maughan; Brigham Young University, Department of Plant and Animal Sciences, Provo, UT 84602, United States; email: Jeff_Maughan@byu.edu","","","00221333","","JOGNA","18560173","English","J. Genet.","Article","Final","","Scopus","2-s2.0-44149103688"
"Risi J.C.; Galwey N.W.","Risi, J.C. (16442525000); Galwey, N.W. (59025706900)","16442525000; 59025706900","The pattern of genetic diversity in the Andean grain crop quinoa (Chenopodium quinoa Willd). I. Associations between characteristics","1989","Euphytica","41","1-2","","147","162","47","10.1007/BF00022424","https://www.scopus.com/pages/publications/0001266936?origin=resultslist","Department of Applied Biology, University of Cambridge, CB2 3DX, United Kingdom","Risi J.C., Department of Applied Biology, University of Cambridge, CB2 3DX, United Kingdom; Galwey N.W., Department of Applied Biology, University of Cambridge, CB2 3DX, United Kingdom","A germplasm collection comprising 294 accessions of quinoa was evaluated at Cambridge, England, to assess its potential as a break crop for arable agriculture at temperate latitudes. The origins of the accessions ranged from 40°S to 2°N and from sea level to an altitude of 3800 m, and 19 discrete and continuous characteristics describing the plants' pigmentation and morphology and the duration of developmental phases were noted or measured. There was significant variation among accessions for all the continuous characteristics, and the plant and inflorescence dimensions were all fairly strongly correlated, but the associations between the durations of developmental phases were surprisingly weak, suggesting that there is great scope for manipulation of the pattern of development through breeding. Contingency tables revealed associations between pairs of discrete characteristics. The means and variances of many continuous characteristics differed according to the discrete characteristics: for example accessions with branched plants took longer to germinate and were more variable in this respect than those with unbranched plants. Sometimes one form of a discrete characteristic was associated with a homogeneous group of accessions but the alternative form was not: such a relationship would be easily lost in a multivariate analysis. On the basis of there relationships, and using knowledge of the accessions' origins, they were classified into seven groups. It is concluded that the plant characteristics required for temperate agriculture are present to a large extent in the accessions from near sea level in southern-central Chile, but that the seed characteristics are scattered throughout the germplasm. © 1989 Kluwer Academic Publishers.","Andean crops; Chenopodium quinoa; genetic diversity; germplasm evaluation; linear models; quinoa","","","","Kluwer Academic Publishers","15735060","","EUPHA","","English","Euphytica","Article","Final","","Scopus","2-s2.0-0001266936"
"García-Andrade J.M.; Cruz-Torres E.D.L.; Rubí-Arriaga M.; Laguna-Cerda A.; Sangerman-Jarquín D.Ma.","García-Andrade, Juan Manuel (56694986200); Cruz-Torres, Eulogio De la (60015529400); Rubí-Arriaga, Martin (55989710200); Laguna-Cerda, Antonio (56013593900); Sangerman-Jarquín, Dora Ma. (57201720216)","56694986200; 60015529400; 55989710200; 56013593900; 57201720216","Molecular characterization of wild and cultivated Chenopodium berlandieri (Chenopodiaceae) from central Mexico; [Caracterización molecular de Chenopodium berlandieri (Chenopodiaceae) silvestres y cultivados del centro de México]","2025","Revista Mexicana de Ciencias Agricolas","16","6","e3805","","","0","10.29312/remexca.v16i6.3805","https://www.scopus.com/pages/publications/105021329356?origin=resultslist","Departamento de Biología, Instituto Nacional de Investigaciones Nucleares, Carretera México-Toluca s/n, La Marquesa, Ocoyoacac, CP. 52750, Mexico; Facultad de Ciencias Agrícolas-Campus El Cerrillo-Universidad Autónoma del Estado de México. El Cerrillo Piedras Blancas, Toluca, CP. 50200, Mexico; Campo Experimental Valle de México, INIFAP, Carretera Los Reyes-Texcoco km 13.5, Coatlinchán, Estado de México, Texcoco, Mexico","García-Andrade J.M., Departamento de Biología, Instituto Nacional de Investigaciones Nucleares, Carretera México-Toluca s/n, La Marquesa, Ocoyoacac, CP. 52750, Mexico; Cruz-Torres E.D.L., Departamento de Biología, Instituto Nacional de Investigaciones Nucleares, Carretera México-Toluca s/n, La Marquesa, Ocoyoacac, CP. 52750, Mexico; Rubí-Arriaga M., Facultad de Ciencias Agrícolas-Campus El Cerrillo-Universidad Autónoma del Estado de México. El Cerrillo Piedras Blancas, Toluca, CP. 50200, Mexico; Laguna-Cerda A., Facultad de Ciencias Agrícolas-Campus El Cerrillo-Universidad Autónoma del Estado de México. El Cerrillo Piedras Blancas, Toluca, CP. 50200, Mexico; Sangerman-Jarquín D.Ma., Campo Experimental Valle de México, INIFAP, Carretera Los Reyes-Texcoco km 13.5, Coatlinchán, Estado de México, Texcoco, Mexico","The genus Chenopodium contains two species of importance in the diet of Mesoamerica and South America, namely Chenopodium quinoa Willd. (Quinoa) and Chenopodium berlandieri subsp. nuttalliae, the genetic resources of which have not been characterized despite their great nutritional potential and adaptability. In order to molecularly characterize germplasm of red chia, huauzontle (Chenopodium berlandieri subsp. nuttalliae) and quinoa (Chenopodium quinoa Willd.), we molecularly studied 48 genotypes from the Germplasm Banks of the National Institute of Nuclear Research and the Plant Genetic Resources Laboratory of Brigham Young University. To determine the genetic variability, 14 microsatellite markers (SSRs), specific for Chenopodium, were used. Genetic affinity was assessed using the Jaccard similarity coefficient and the analysis of results was performed using the UPGMA method. The results indicate that, within the studied genotypes of both species, 175 alleles were produced, ranging from 8 (KGA16, QCA88) to 16 (QCA37, QAAT74, QCA57), these being the ones that obtained the most alleles per locus. The dendrogram showed that, at a coefficient of 0.9, four main groups were formed, where groups 1 and 2 join advanced lines of quinoa and red chia, mutants of red chia and huauzontle, groups 3 and 4 joins chia and huauzontle, and group five includes all the germplasm of the Plant Genetic Resources Laboratory of BYU, mostly made up of subspecies of Chenopodium zsachei, boscianum and zinatum. It was concluded that there is a great genetic affinity between quinoa, huauzontle and red chia, which opens the possibility of inter-and intraspecific crosses for the genetic improvement of both species. © 2025, National Institute of Forestry, Agricultural and Livestock Research. All rights reserved.","Chenopodium berlandieri subsp. nuttalliae; Chenopodium quinua; molecular markers; SSR","","E.D.L. Cruz-Torres; Departamento de Biología, Instituto Nacional de Investigaciones Nucleares, Ocoyoacac, Carretera México-Toluca s/n, La Marquesa, CP. 52750, Mexico; email: eulogio.delacruz@inin.gob.mx","","National Institute of Forestry, Agricultural and Livestock Research","20070934","","","","English","Rev.  Mex. Cienc. Agricolas.","Article","Final","All Open Access; Gold Open Access; Green Open Access","Scopus","2-s2.0-105021329356"
"Patiranage D.S.R.; Rey E.; Emrani N.; Wellman G.; Schmid K.; Schmöckel S.M.; Tester M.; Jung C.","Patiranage, Dilan S. R. (57220128950); Rey, Elodie (58414287000); Emrani, Nazgol (56741486900); Wellman, Gordon (59265249100); Schmid, Karl (55217129300); Schmöckel, Sandra M. (37075650500); Tester, Mark (7003273484); Jung, Christian (55497510900)","57220128950; 58414287000; 56741486900; 59265249100; 55217129300; 37075650500; 7003273484; 55497510900","Genome-wide association study in quinoa reveals selection pattern typical for crops with a short breeding history","2022","eLife","11","","e66873","","","43","10.7554/elife.66873","https://www.scopus.com/pages/publications/85134610042?origin=resultslist","Plant Breeding Institute, Christian-Albrechts-University of Kiel, Am Botanischen Garten 1-9, Kiel, 24118, Germany; King Abdullah University of Science and Technology (KAUST), Biological and Environmental Sciences & Engineering Division (BESE), Thuwal, 23955-6900, Saudi Arabia; Institute of Plant Breeding, Seed Science and Population Genetics, University of Hohenheim, Fruwirthstr. 21, Stuttgart, 70599, Germany; Department of Physiology of Yield Stability, University of Hohenheim, Fruwirthstr. 21, Stuttgart, 70599, Germany","Patiranage D.S.R., Plant Breeding Institute, Christian-Albrechts-University of Kiel, Am Botanischen Garten 1-9, Kiel, 24118, Germany; Rey E., King Abdullah University of Science and Technology (KAUST), Biological and Environmental Sciences & Engineering Division (BESE), Thuwal, 23955-6900, Saudi Arabia; Emrani N., Plant Breeding Institute, Christian-Albrechts-University of Kiel, Am Botanischen Garten 1-9, Kiel, 24118, Germany; Wellman G., King Abdullah University of Science and Technology (KAUST), Biological and Environmental Sciences & Engineering Division (BESE), Thuwal, 23955-6900, Saudi Arabia; Schmid K., Institute of Plant Breeding, Seed Science and Population Genetics, University of Hohenheim, Fruwirthstr. 21, Stuttgart, 70599, Germany; Schmöckel S.M., Department of Physiology of Yield Stability, University of Hohenheim, Fruwirthstr. 21, Stuttgart, 70599, Germany; Tester M., King Abdullah University of Science and Technology (KAUST), Biological and Environmental Sciences & Engineering Division (BESE), Thuwal, 23955-6900, Saudi Arabia; Jung C., Plant Breeding Institute, Christian-Albrechts-University of Kiel, Am Botanischen Garten 1-9, Kiel, 24118, Germany","Quinoa germplasm preserves useful and substantial genetic variation, yet it remains untapped due to a lack of implementation of modern breeding tools. We have integrated field and sequence data to characterize a large diversity panel of quinoa. Whole-genome sequencing of 310 accessions revealed 2.9 million polymorphic high confidence SNP loci. Highland and Lowland quinoa were clustered into two main groups, with FST divergence of 0.36 and LD decay of 6.5 and 49.8 Kb, respectively. A genome-wide association study using multi-year phenotyping trials uncovered 600 SNPs stably associated with 17 traits. Two candidate genes are associated with thousand seed weight, and a resistance gene analog is associated with downy mildew resistance. We also identified pleiotropically acting loci for four agronomic traits important for adaptation. This work demonstrates the use of re-sequencing data of an orphan crop, which is partially domesticated to rapidly identify marker-trait association and provides the underpinning elements for genomics27 enabled quinoa breeding. © 2022, eLife Sciences Publications Ltd. All rights reserved.","adaptation; Chenopodium quinoa; domestication; genetic variation; plant breeding; population structure; re-sequencing","Chenopodium quinoa; Crops, Agricultural; Genome, Plant; Genome-Wide Association Study; Linkage Disequilibrium; Plant Breeding; Polymorphism, Single Nucleotide; agronomic trait; article; Chenopodium quinoa; crop; domestication; downy mildew; genetic marker; genetic susceptibility; genetic variation; genome-wide association study; genomics; nonhuman; phenotype; plant breeding; population structure; seed weight; single nucleotide polymorphism; crop; gene linkage disequilibrium; genetics; plant breeding; plant genome","N. Emrani; Plant Breeding Institute, Christian-Albrechts-University of Kiel, Kiel, Am Botanischen Garten 1-9, 24118, Germany; email: c.jung@plantbreeding.uni-kiel.de; C. Jung; Plant Breeding Institute, Christian-Albrechts-University of Kiel, Kiel, Am Botanischen Garten 1-9, 24118, Germany; email: n.emrani@plantbreeding.uni-kiel.de","","eLife Sciences Publications Ltd","2050084X","","","35801689","English","eLife","Article","Final","All Open Access; Gold Open Access; Green Open Access","Scopus","2-s2.0-85134610042"
"Habib Z.; Ijaz S.; Haq I.U.; Afzal I.; Ali G.M.","Habib, Zakia (58404694300); Ijaz, Siddra (34978798700); Haq, Imran Ul (38861851700); Afzal, Irfan (14063121400); Ali, Ghulam Muhammad (35268078000)","58404694300; 34978798700; 38861851700; 14063121400; 35268078000","Identification of plastome-derived mini barcodes by DNA metabarcoding and comparative effectiveness to decipher their strength and resolving power for taxonomic topology-based phylogenetic determination of Chenopodium quinoa","2026","Molecular Biology Reports","53","1","467","","","0","10.1007/s11033-026-11616-1","https://www.scopus.com/pages/publications/105032342360?origin=resultslist","Centre of Agricultural Biochemistry and Biotechnology (CABB), University of Agriculture, University Road, Faisalabad, Pakistan; Department of Plant Pathology, University of Agriculture, University Road, Faisalabad, Pakistan; Department of Agronomy, University of Agriculture, University Road, Faisalabad, Pakistan; Pakistan Agricultural Research Council (PARC), Islamabad, Pakistan","Habib Z., Centre of Agricultural Biochemistry and Biotechnology (CABB), University of Agriculture, University Road, Faisalabad, Pakistan; Ijaz S., Centre of Agricultural Biochemistry and Biotechnology (CABB), University of Agriculture, University Road, Faisalabad, Pakistan; Haq I.U., Department of Plant Pathology, University of Agriculture, University Road, Faisalabad, Pakistan; Afzal I., Department of Agronomy, University of Agriculture, University Road, Faisalabad, Pakistan; Ali G.M., Pakistan Agricultural Research Council (PARC), Islamabad, Pakistan","Background: Diversification of cropping systems with orphan crops directly concerns food security issues. Chenopodium species display a high degree of morphological semblance, which makes their taxonomic identification intricate and challenging. Methods and results: DNA barcoding of Chenopodium quinoa was made to characterize crop material imported through international trade for the prevailing cropping system. The phylogenetic reconstruction analysis using standard DNA barcodes rbcL and matK did not yield an optimal divergence threshold to resolve C. quinoa from other closely related Chenopodium species. Hence, identifying candidate DNA barcodes for resolving taxonomic diversity is a pressing need. Therefore, this study explored several candidate regions with low intraspecific but high interspecific divergence, and fourteen hypervariable regions were identified as candidate DNA barcodes. These hypervariable regions exhibit significant nucleotide diversity. The phylogenetic analysis revealed that candidate DNA barcodes possess an optimal divergence threshold compared to standard DNA barcodes and have shown more potential to delineate C. quinoa accessions as residents of an evolutionary distinct clade from other Chenopodium species. Mini-barcodes were developed from two hypervariable regions: the trnT(UGU)-trnL(UAA) intergenic spacer region and the rpl32-trnL region. These proved to have significant qualitative and quantitative identity accuracy for two C. quinoa and C. album seed experimental mixtures. Conclusion: The standard DNA barcodes were insufficient to discriminate C. quinoa from other Chenopodium species whereas the candidate DNA barcodes and developed mini-barcodes showed high accuracy in species discrimination and germplasm authentication. © The Author(s), under exclusive licence to Springer Nature B.V. 2026.","Chloroplast genome; Divergence hotspot regions; Nucleotide diversity; Phylogenetic analysis","DNA; nucleotide; Article; Chenopodium quinoa; chloroplast; chloroplast genome; comparative effectiveness; controlled study; DNA barcoding; DNA extraction; DNA sequencing; gene amplification; gene sequence; gene structure; haplotype; high throughput sequencing; metagenome; nonhuman; nucleotide sequence; phylogenetic tree; phylogeny; polymerase chain reaction; Sanger sequencing; sequence alignment; sequence analysis; single nucleotide polymorphism; taxonomy; article; barcode; Chenopodium quinoa; chloroplast genome; optical resolution","S. Ijaz; Centre of Agricultural Biochemistry and Biotechnology (CABB), University of Agriculture, Faisalabad, University Road, Pakistan; email: siddraijazkhan@yahoo.com","","Springer Science and Business Media B.V.","03014851","","MLBRB","41790309","English","Mol. Biol. Rep.","Article","Final","","Scopus","2-s2.0-105032342360"
"Manjarres-Hernández E.H.; De la cruz R.","Manjarres-Hernández, Elsa Helena (57217164726); De la cruz, Richard (56437752300)","57217164726; 56437752300","Phenotyping of Colombian quinoa cultivars by seed morphobiometry","2025","Euphytica","221","4","33","","","2","10.1007/s10681-025-03475-x","https://www.scopus.com/pages/publications/86000303850?origin=resultslist","Facultad de Ciencias, Universidad Pedagógica y Tecnológica de Colombia, Tunja, Colombia","Manjarres-Hernández E.H., Facultad de Ciencias, Universidad Pedagógica y Tecnológica de Colombia, Tunja, Colombia; De la cruz R., Facultad de Ciencias, Universidad Pedagógica y Tecnológica de Colombia, Tunja, Colombia","Quinoa cultivation is notable for the nutritional value of its grain and its ability to adapt to diverse environmental conditions. However, morphobiometric and seed quality studies on quinoa are scarce, especially regarding Colombian germplasm. In this context, the objective of this research was to determine the phenotype of 21 quinoa cultivars from the Boyacá department based on 11 seed morphobiometric parameters. In addition, characteristics such as seed color, shape, and edge were evaluated. The seeds of the cultivars mainly exhibited a cylindrical shape (77%), with a smooth edge being the most common (66%). The most frequent seed colors were white and beige. The 11 seed morphobiometric parameters showed a wide range of variation, and it was established that the most discriminative parameters for differentiating the cultivars were yield, total projected area, shape coefficient, weight of 100 seeds, and seed diameter. Finally, it was concluded that with these parameters, it is possible to select cultivars to initiate quinoa breeding programs. © The Author(s) 2025.","Chenopodium quinoa; Phenotyping; Plant breeding; Seed morphobiometry","","E.H. Manjarres-Hernández; Facultad de Ciencias, Universidad Pedagógica y Tecnológica de Colombia, Tunja, Colombia; email: elsa.manjarres@uptc.edu.co","","Springer Science and Business Media B.V.","00142336","","EUPHA","","English","Euphytica","Article","Final","All Open Access; Hybrid Gold Open Access","Scopus","2-s2.0-86000303850"
"Bhargava A.; Shukla S.; Ohri D.","Bhargava, Atul (11840251000); Shukla, Sudhir (57223924084); Ohri, Deepak (6603029676)","11840251000; 57223924084; 6603029676","Genetic variability and interrelationship among various morphological and quality traits in quinoa (Chenopodium quinoa Willd.)","2007","Field Crops Research","101","1","","104","116","154","10.1016/j.fcr.2006.10.001","https://www.scopus.com/pages/publications/33845912681?origin=resultslist","Division of Genetics and Plant Breeding, National Botanical Research Institute, Lucknow, 226001, India","Bhargava A., Division of Genetics and Plant Breeding, National Botanical Research Institute, Lucknow, 226001, India; Shukla S., Division of Genetics and Plant Breeding, National Botanical Research Institute, Lucknow, 226001, India; Ohri D., Division of Genetics and Plant Breeding, National Botanical Research Institute, Lucknow, 226001, India","Evaluation of seed yield, morphological variability and nutritional quality of 27 germplasm lines of Chenopodium quinoa and 2 lines of C. berlandieri subsp. nuttalliae was carried out in subtropical North Indian conditions over a 2-year period. Seed yield ranged from 0.32 to 9.83 t/ha, higher yields being shown by four Chilean, two US, one Argentinian and one Bolivian line. Two lines of C. berlandieri subsp. nuttalliae exhibited high values for most of the morphological traits but were low yielding. Seed protein among various lines ranged from 12.55 to 21.02% with an average of 16.22 ± 0.47%. Seed carotenoid was in the range of 1.69-5.52 mg/kg, while leaf carotenoid was much higher and ranged from 230.23 to 669.57 mg/kg. Genetic gain as percent of mean was highest for dry weight/plant, followed by seed yield and inflorescence length. All morphological traits except days to flowering, days to maturity and inflorescence length exhibited significant positive association with seed yield. The association of leaf carotenoid with total chlorophyll and seed carotenoid was positive and highly significant. The path analysis revealed that 1000 seed weight had highest positive direct relationship with seed yield (1.057), followed by total chlorophyll (0.559) and branches/plant (0.520). Traits showing high negative direct effect on seed yield were leaf carotenoid (-0.749), seed size (-0.678) and days to flowering (-0.377). Total chlorophyll exerted strongest direct positive effect (0.722) on harvest index, followed by seed yield (0.505) and seed protein (0.245). © 2006 Elsevier B.V. All rights reserved.","Carotenoid; Chenopodium quinoa; Correlation; Genetic advance; Harvest index; Heritability; Protein; Seed yield; Selection approaches","Carotenoids; Genes; Genetic Engineering; Harvesting; Heritability; Proteins; Seeds; Argentina; Asia; Bolivia; Chile; Eurasia; India; North America; South America; South Asia; United States; Chenopodium quinoa; Genes; Harvesting; Proteins; Seed; carotenoid; chlorophyll; genetic variation; germplasm; morphology; nutritional status; protein; seed production; subtropical region; Chenopodium quinoa; Genetic advance; Germplasm; Harvest index; Seed yield; Selection approaches; Genetic engineering","A. Bhargava; Division of Genetics and Plant Breeding, National Botanical Research Institute, Lucknow, 226001, India; email: atul_238@rediffmail.com","","","03784290","","FCRED","","English","Field Crops Res.","Article","Final","","Scopus","2-s2.0-33845912681"
"Coles N.D.; Coleman C.E.; Christensen S.A.; Jellen E.N.; Stevens M.R.; Bonifacio A.; Rojas-Beltran J.A.; Fairbanks D.J.; Maughan P.J.","Coles, N.D. (6701729700); Coleman, C.E. (56211273000); Christensen, S.A. (59823887500); Jellen, E.N. (6701925700); Stevens, M.R. (7402243451); Bonifacio, A. (7004508682); Rojas-Beltran, J.A. (7801488186); Fairbanks, D.J. (7005621879); Maughan, P.J. (7003959730)","6701729700; 56211273000; 59823887500; 6701925700; 7402243451; 7004508682; 7801488186; 7005621879; 7003959730","Development and use of an expressed sequenced tag library in quinoa (Chenopodium quinoa Willd.) for the discovery of single nucleotide polymorphisms","2005","Plant Science","168","2","","439","447","38","10.1016/j.plantsci.2004.09.007","https://www.scopus.com/pages/publications/10344249448?origin=resultslist","Dept. of Plant and Animal Sciences, Brigham Young University, 285 WIDB, Provo, UT 84602, USA, United States; Found. Prom. Invest. of Andean Prod., La Paz, Bolivia, Bolivia","Coles N.D., Dept. of Plant and Animal Sciences, Brigham Young University, 285 WIDB, Provo, UT 84602, USA, United States; Coleman C.E., Dept. of Plant and Animal Sciences, Brigham Young University, 285 WIDB, Provo, UT 84602, USA, United States; Christensen S.A., Dept. of Plant and Animal Sciences, Brigham Young University, 285 WIDB, Provo, UT 84602, USA, United States; Jellen E.N., Dept. of Plant and Animal Sciences, Brigham Young University, 285 WIDB, Provo, UT 84602, USA, United States; Stevens M.R., Dept. of Plant and Animal Sciences, Brigham Young University, 285 WIDB, Provo, UT 84602, USA, United States; Bonifacio A., Found. Prom. Invest. of Andean Prod., La Paz, Bolivia, Bolivia; Rojas-Beltran J.A., Found. Prom. Invest. of Andean Prod., La Paz, Bolivia, Bolivia; Fairbanks D.J., Dept. of Plant and Animal Sciences, Brigham Young University, 285 WIDB, Provo, UT 84602, USA, United States; Maughan P.J., Dept. of Plant and Animal Sciences, Brigham Young University, 285 WIDB, Provo, UT 84602, USA, United States","Quinoa (Chenopodium quinoa Willd.) is a widely consumed food crop and a primary protein source for many of the indigenous inhabitants of the Andean region of South America. In this study, we report the development of immature seed and floral expressed sequenced tag (EST) libraries and the identification of single nucleotide polymorphisms (SNPs) for quinoa. A total of 424 cDNA clones derived from immature seed and floral tissue were sequenced and analyzed for homology with known gene sequences. Three hundred and eleven of the clones were identified as homologues of known plant proteins, 38 were homologous to Arabidopsis proteins with no known function and 75 do not share significant homology with any protein in the queried databases. Interestingly, several of the annotated ESTs were present in relatively high abundance and have putative functions related to plant defense. Based on EST sequence information, fragments of 34 ESTs were amplified and sequenced in five quinoa accessions and one related weed species, C. berlandieri. Analysis of the quinoa EST sequences revealed a total of 51 SNPs in 20 EST sequences, including 38 single-base changes and 13 insertions-deletions (indels), with an average 1 SNP per 462 base pairs (bp) and 1 indel per 1812 bp. When the C. berlandieri accession was included in the analysis, 29 of the EST clones screened had at least one SNP present and an additional 81 SNPs were identified, bringing the total number of SNPs discovered to 132 (1 per 179 bp). The EST clones and SNP markers identified in this manuscript are of particular value in ongoing efforts to characterize gene expression and regulation associated with seed development, while the SNPs identified have immediate application for genetic mapping experiments, germplasm development, and the investigation of evolutionary relationships within the genus Chenopodium. © 2004 Elsevier Ireland Ltd. All rights reserved.","Cleaved amplified polymorphic sequence (CAPS) marker; Expressed sequence tags (ESTs); Indels; Single nucleotide polymorphisms (SNPs)","Clones; Data Bases; Nucleic Acids; Plants; Proteins; Seeds; Acer pensylvanicum; Arabidopsis; Chenopodium; Chenopodium berlandieri; Chenopodium quinoa; Cloning; Database systems; DNA; Nucleic acids; Proteins; Seed; Expressed sequenced tag (EST) libraries; Indigenous inhabitants; Primary protein source; Plants (botany)","Dept. of Plant and Animal Sciences, Brigham Young University, 285 WIDB, Provo, UT 84602, USA, United States; email: jeff_maughan@byu.edu","","","01689452","","PLSCE","","English","Plant Sci.","Article","Final","","Scopus","2-s2.0-10344249448"
"Zhang J.-H.; Wang S.-Y.; Yang E.-Z.; Shi F.-Y.; Li J.-N.; Liu R.-X.; Guo Z.-B.","Zhang, Jin-Hao (59323085100); Wang, Shu-Yan (57280985500); Yang, En-Ze (59322877000); Shi, Feng-Yuan (59323194300); Li, Jia-Na (59323306700); Liu, Rui-Xiang (55739630500); Guo, Zhan-Bin (58040027600)","59323085100; 57280985500; 59322877000; 59323194300; 59323306700; 55739630500; 58040027600","Genetic Diversity Analysis of Phenotypic Traits in Chenopodium quinoa Willd. Germplasm Resources; [藜麦种质资源表型性状遗传多样性分析]","2022","Chinese Journal of Grassland","44","12","","37","46","5","10.16742/j.zgcdxb.20220072","https://www.scopus.com/pages/publications/85196353828?origin=resultslist","College of Agricultural, Inner Mongolia Agricultural University, Hohhot, 010019, China; College of Desert Control Engineering Science, Inner Mongolia Agricultural University, Hohhot, 010011, China; Inner Mongolia Yiji Biotechnology Co. LTD, Hohhot, 010011, China","Zhang J.-H., College of Agricultural, Inner Mongolia Agricultural University, Hohhot, 010019, China; Wang S.-Y., College of Agricultural, Inner Mongolia Agricultural University, Hohhot, 010019, China; Yang E.-Z., College of Agricultural, Inner Mongolia Agricultural University, Hohhot, 010019, China; Shi F.-Y., College of Agricultural, Inner Mongolia Agricultural University, Hohhot, 010019, China; Li J.-N., College of Agricultural, Inner Mongolia Agricultural University, Hohhot, 010019, China; Liu R.-X., College of Desert Control Engineering Science, Inner Mongolia Agricultural University, Hohhot, 010011, China; Guo Z.-B., Inner Mongolia Yiji Biotechnology Co. LTD, Hohhot, 010011, China","In this study, genetic diversity, correlation, principal component analysis and cluster analysis were conducted on 18 agronomic and phenotypic traits of 60 quinoa resources, in order to screen germplasm resources suitable for planting in Inner Mongolia. The results showed that this batch of quinoa materials had rich genetic diversity, and the coefficient of variation was between 13.75% to 66.74%. The correlation analysis showed that the grain weight per panicle was significantly positively correlated with plant height, stem diameter, effective panicle number, main panicle diameter, leaf length, effective branch number and main panicle length (P <0.01), significantly positively correlated with leaf width (P <0.05), and significantly negatively correlated with grain color (P <0.05). The principal component analysis showed that the cumulative contribution rate of six principal components was 72.50%, which were yield component, plant morphology and panicle color component, plant yield component, plant color component, plant type component and panicle morphology component. Cluster analysis showed that 60 quinoa materials could be divided into three groups when the genetic distance was four. Among them, three materials in group Ⅲ had the characteristics of tall plant, strong stems, many effective branches, large leaf area, long main panicle, high yield and good comprehensive traits, which could further carry out genetic improvement and fine traits exploration, providing theoretical basis and information support for the protection, utilization and screening of quinoa germplasm resources. © 2022 Editorial Department of Chinese Journal of Grassland. All rights reserved.","Genetic diversity; Germplasm resources; Phenotypic traits; Quinoa","","S.-Y. Wang; College of Agricultural, Inner Mongolia Agricultural University, Hohhot, 010019, China; email: wangshuyan2006@163.com","","Editorial Department of Chinese Journal of Grassland","16735021","","","","Chinese","Chin. J. Grassl.","Article","Final","","Scopus","2-s2.0-85196353828"
